elapsed_h,sample,temp_c,internal_c,freq_high,freq_low,fault,timestamp
0.0,3319,-25.75,17.37,2424,283066,0,2026-01-03T06:47:21.030693
0.003166723888888889,3320,-25.5,17.5,2424,283080,0,2026-01-03T06:47:32.430899
0.006333455,3321,-25.5,17.5,2424,283050,0,2026-01-03T06:47:43.831131
0.009500205,3322,-24.25,17.43,2418,283030,0,2026-01-03T06:47:55.231431
0.012666927777777778,3323,-24.25,17.37,2418,283058,0,2026-01-03T06:48:06.631633
0.015833665833333333,3324,-24.25,17.43,2414,283040,0,2026-01-03T06:48:18.031890
0.019000387222222224,3325,-23.25,17.56,2410,282996,0,2026-01-03T06:48:29.432087
0.0221671475,3326,-23.0,17.5,2404,282994,0,2026-01-03T06:48:40.832424
0.025333859722222223,3327,-23.0,17.5,2400,282954,0,2026-01-03T06:48:52.232588
0.028500599166666668,3328,-23.5,17.56,2396,282924,0,2026-01-03T06:49:03.632850
0.031667361944444444,3329,-23.75,17.68,2392,282898,0,2026-01-03T06:49:15.033196
0.03483405694444444,3330,-22.0,17.62,2388,282916,0,2026-01-03T06:49:26.433298
0.03800077777777778,3331,-22.25,17.56,2384,282824,0,2026-01-03T06:49:37.833493
0.04116758888888889,3332,-22.75,17.62,2376,282798,0,2026-01-03T06:49:49.234013
0.04433434277777778,3333,-22.5,17.56,2372,282792,0,2026-01-03T06:50:00.634327
0.04750099305555556,3334,-21.0,17.62,2370,282786,0,2026-01-03T06:50:12.034268
0.05066776361111111,3335,-21.5,17.56,2366,282736,0,2026-01-03T06:50:23.434642
0.05383446277777778,3336,-21.5,17.56,2362,282706,0,2026-01-03T06:50:34.834759
0.05700120888888889,3337,-21.75,17.56,2356,282666,0,2026-01-03T06:50:46.235045
0.06016789277777778,3338,-20.0,17.56,2354,282638,0,2026-01-03T06:50:57.635107
0.06333461,3339,-20.25,17.56,2348,282596,0,2026-01-03T06:51:09.035289
0.06650133972222222,3340,-20.5,17.5,2346,282514,0,2026-01-03T06:51:20.435516
0.06966807527777778,3341,-19.0,17.62,2342,282454,0,2026-01-03T06:51:31.835764
0.0728347775,3342,-19.25,17.81,2336,282416,0,2026-01-03T06:51:43.235892
0.07600153888888889,3343,-19.25,17.75,2334,282406,0,2026-01-03T06:51:54.636233
0.07916828861111111,3344,-19.5,17.62,2332,282368,0,2026-01-03T06:52:06.036532
0.08233495972222223,3345,-18.0,17.81,2326,282328,0,2026-01-03T06:52:17.436548
0.08550166388888888,3346,-18.25,17.56,2322,282288,0,2026-01-03T06:52:28.836683
0.08866841027777778,3347,-18.75,17.68,2320,282250,0,2026-01-03T06:52:40.236970
0.09183515055555555,3348,-18.75,17.68,2316,282224,0,2026-01-03T06:52:51.637235
0.09816860666666667,3350,-18.75,17.75,2312,282148,0,2026-01-03T06:53:14.437677
0.10133531388888889,3351,-17.25,17.68,2308,282112,0,2026-01-03T06:53:25.837823
0.10450206055555555,3352,-17.25,17.68,2304,282056,0,2026-01-03T06:53:37.238111
0.10766874333333333,3353,-16.0,17.5,2302,281988,0,2026-01-03T06:53:48.638169
0.1108355,3354,-17.75,17.68,2300,281972,0,2026-01-03T06:54:00.038493
0.11400219,3355,-16.25,17.62,2296,281934,0,2026-01-03T06:54:11.438577
0.11716891166666667,3356,-16.25,17.62,2294,281914,0,2026-01-03T06:54:22.838775
0.12033561138888889,3357,-16.75,17.56,2290,281888,0,2026-01-03T06:54:34.238894
0.1235026775,3358,-16.75,17.56,2288,281790,0,2026-01-03T06:54:45.640332
0.1266690613888889,3359,-16.75,17.56,2284,281760,0,2026-01-03T06:54:57.039314
0.1298357925,3360,-15.0,17.5,2282,281712,0,2026-01-03T06:55:08.439546
0.13300249972222222,3361,-15.0,17.56,2280,281672,0,2026-01-03T06:55:19.839692
0.13616922055555555,3362,-15.5,17.25,2276,281598,0,2026-01-03T06:55:31.239887
0.13933593944444445,3363,-15.75,17.31,2274,281562,0,2026-01-03T06:55:42.640075
0.14250266555555555,3364,-14.25,17.37,2270,281526,0,2026-01-03T06:55:54.040289
0.14566943166666665,3365,-14.0,17.25,2268,281450,0,2026-01-03T06:56:05.440647
0.14883609944444445,3366,-14.5,17.25,2266,281408,0,2026-01-03T06:56:16.840651
0.15200275083333334,3367,-14.5,17.06,2264,281392,0,2026-01-03T06:56:28.240596
0.15516920833333334,3368,-14.75,17.18,2262,281290,0,2026-01-03T06:56:39.639843
0.15833616027777778,3369,-13.25,17.31,2258,281244,0,2026-01-03T06:56:51.040870
0.16150298083333334,3370,-13.25,17.12,2256,281192,0,2026-01-03T06:57:02.441424
0.164669695,3371,-13.25,17.06,2254,281162,0,2026-01-03T06:57:13.841595
0.1678363413888889,3372,-13.5,17.0,2254,281104,0,2026-01-03T06:57:25.241522
0.1710030575,3373,-13.75,17.12,2252,281042,0,2026-01-03T06:57:36.641700
0.17417015194444443,3374,-12.25,17.12,2250,280974,0,2026-01-03T06:57:48.043240
0.17733638055555556,3375,-12.25,17.0,2246,280946,0,2026-01-03T06:57:59.441663
0.18050297722222222,3376,-12.25,17.06,2246,280856,0,2026-01-03T06:58:10.841411
0.1836699775,3377,-12.75,16.81,2244,280810,0,2026-01-03T06:58:22.242612
0.18683669277777779,3378,-12.75,16.87,2242,280738,0,2026-01-03T06:58:33.642787
0.19000341166666668,3379,-11.0,16.81,2240,280690,0,2026-01-03T06:58:45.042975
0.19317009916666666,3380,-11.0,16.93,2238,280610,0,2026-01-03T06:58:56.443050
0.1963364738888889,3381,-11.0,16.81,2238,280544,0,2026-01-03T06:59:07.841999
0.1995034863888889,3382,-11.5,16.81,2234,280470,0,2026-01-03T06:59:19.243244
0.20266986722222222,3383,-11.75,16.93,2232,280436,0,2026-01-03T06:59:30.642215
0.205836955,3384,-10.0,16.87,2232,280350,0,2026-01-03T06:59:42.043731
0.20900371,3385,-11.75,16.87,2230,280276,0,2026-01-03T06:59:53.444049
0.2121703888888889,3386,-10.0,16.87,2228,280220,0,2026-01-03T07:00:04.844093
0.21533706833333333,3387,-10.25,16.75,2226,280124,0,2026-01-03T07:00:16.244139
0.21850369333333333,3388,-10.25,16.68,2224,280054,0,2026-01-03T07:00:27.643989
0.22167022166666667,3389,-10.75,16.75,2222,279982,0,2026-01-03T07:00:39.043491
0.22483718555555557,3390,-9.25,16.81,2220,279896,0,2026-01-03T07:00:50.444561
0.2280038902777778,3391,-9.25,16.75,2220,279822,0,2026-01-03T07:01:01.844698
0.23117051666666666,3392,-10.75,16.75,2218,279760,0,2026-01-03T07:01:13.244553
0.23433728222222222,3393,-9.0,16.75,2216,279684,0,2026-01-03T07:01:24.644909
0.2375040275,3394,-9.25,16.75,2216,279610,0,2026-01-03T07:01:36.045192
0.24067072888888888,3395,-9.5,16.68,2214,279496,0,2026-01-03T07:01:47.445317
0.24383744916666666,3396,-9.5,16.62,2212,279408,0,2026-01-03T07:01:58.845510
0.24700417444444445,3397,-9.25,16.68,2210,279330,0,2026-01-03T07:02:10.245721
0.2501708588888889,3398,-8.0,16.68,2210,279184,0,2026-01-03T07:02:21.645785
0.25333756555555553,3399,-8.0,16.5,2210,279104,0,2026-01-03T07:02:33.045929
0.2565042836111111,3400,-8.25,16.62,2210,279032,0,2026-01-03T07:02:44.446114
0.2596709875,3401,-8.5,16.75,2208,278946,0,2026-01-03T07:02:55.846248
0.26283770027777775,3402,-8.75,16.68,2208,278840,0,2026-01-03T07:03:07.246414
0.26600441472222225,3403,-8.75,16.43,2208,278740,0,2026-01-03T07:03:18.646586
0.2691711272222222,3404,-7.0,16.56,2208,278630,0,2026-01-03T07:03:30.046751
0.2723378397222222,3405,-7.0,16.81,2206,278542,0,2026-01-03T07:03:41.446916
0.2755045463888889,3406,-7.25,16.68,2206,278442,0,2026-01-03T07:03:52.847060
0.2786712402777778,3407,-7.5,16.62,2204,278324,0,2026-01-03T07:04:04.247158
0.2818379638888889,3408,-7.5,16.56,2206,278212,0,2026-01-03T07:04:15.647363
0.28500465583333334,3409,-7.75,16.62,2202,278084,0,2026-01-03T07:04:27.047454
0.2881713775,3410,-6.0,16.62,2202,277976,0,2026-01-03T07:04:38.447652
0.29133808,3411,-6.25,16.87,2200,277868,0,2026-01-03T07:04:49.847781
0.2945047797222222,3412,-6.5,16.68,2200,277770,0,2026-01-03T07:05:01.247900
0.29767150583333335,3413,-6.5,16.75,2198,277636,0,2026-01-03T07:05:12.648114
0.30083819916666665,3414,-6.5,16.62,2196,277550,0,2026-01-03T07:05:24.048210
0.30400490055555557,3415,-6.25,16.56,2196,277420,0,2026-01-03T07:05:35.448335
0.3071716113888889,3416,-6.75,16.75,2198,277292,0,2026-01-03T07:05:46.848494
0.3103383372222222,3417,-6.75,16.68,2196,277192,0,2026-01-03T07:05:58.248707
0.31350503305555555,3418,-5.0,16.68,2196,277052,0,2026-01-03T07:06:09.648812
0.31667175166666667,3419,-5.5,16.75,2196,276926,0,2026-01-03T07:06:21.048999
0.3198384572222222,3420,-5.5,16.68,2196,276790,0,2026-01-03T07:06:32.449139
0.3230051538888889,3421,-5.0,16.75,2194,276666,0,2026-01-03T07:06:43.849247
0.3261718533333333,3422,-5.5,16.68,2192,276530,0,2026-01-03T07:06:55.249365
0.3293385775,3423,-5.75,16.68,2190,276416,0,2026-01-03T07:07:06.649572
0.3325053402777778,3424,-5.5,16.5,2188,276266,0,2026-01-03T07:07:18.049918
0.33567201555555554,3425,-4.25,16.62,2188,276108,0,2026-01-03T07:07:29.449949
0.3388387222222222,3426,-5.75,16.62,2186,275974,0,2026-01-03T07:07:40.850093
0.34200540555555553,3427,-4.25,16.87,2184,275834,0,2026-01-03T07:07:52.250153
0.3451721497222222,3428,-4.0,16.68,2184,275698,0,2026-01-03T07:08:03.650432
0.3483387966666667,3429,-4.5,16.75,2184,275542,0,2026-01-03T07:08:15.050361
0.35150553472222223,3430,-3.0,16.56,2180,275384,0,2026-01-03T07:08:26.450618
0.3546722447222222,3431,-4.75,16.68,2184,275224,0,2026-01-03T07:08:37.850774
0.3578389986111111,3432,-3.0,16.5,2184,275050,0,2026-01-03T07:08:49.251088
0.36100565611111113,3433,-3.0,16.68,2182,274934,0,2026-01-03T07:09:00.651055
0.36417241361111113,3434,-3.25,16.68,2180,274772,0,2026-01-03T07:09:12.051382
0.3673390916666667,3435,-4.75,16.5,2180,274638,0,2026-01-03T07:09:23.451423
0.3705057938888889,3436,-3.25,16.68,2178,274498,0,2026-01-03T07:09:34.851551
0.3736725025,3437,-3.5,16.62,2178,274310,0,2026-01-03T07:09:46.251702
0.3768392022222222,3438,-3.75,16.56,2176,274168,0,2026-01-03T07:09:57.651821
0.3800059777777778,3439,-3.25,16.62,2174,273974,0,2026-01-03T07:10:09.052213
0.38317263583333333,3440,-3.5,16.68,2174,273838,0,2026-01-03T07:10:20.452182
0.3863393566666667,3441,-2.0,16.68,2172,273668,0,2026-01-03T07:10:31.852377
0.3895060647222222,3442,-2.25,16.68,2170,273534,0,2026-01-03T07:10:43.252526
0.39267275777777777,3443,-3.75,16.5,2170,273362,0,2026-01-03T07:10:54.652621
0.3958395258333333,3444,-2.5,16.75,2170,273192,0,2026-01-03T07:11:06.052986
0.3990061813888889,3445,-2.25,16.43,2168,273038,0,2026-01-03T07:11:17.452946
0.4021728955555556,3446,-2.0,16.56,2164,272896,0,2026-01-03T07:11:28.853117
0.40533964361111113,3447,-2.5,16.43,2164,272708,0,2026-01-03T07:11:40.253410
0.40850632166666667,3448,-2.5,16.56,2160,272540,0,2026-01-03T07:11:51.653451
0.41167307277777776,3449,-1.0,16.56,2156,272344,0,2026-01-03T07:12:03.053755
0.4148397613888889,3450,-2.75,16.56,2154,272248,0,2026-01-03T07:12:14.453834
0.41800648055555556,3451,-1.0,16.62,2152,272050,0,2026-01-03T07:12:25.854023
0.42117317583333336,3452,-1.0,16.5,2150,271902,0,2026-01-03T07:12:37.254126
0.42433991666666665,3453,-1.5,16.68,2148,271720,0,2026-01-03T07:12:48.654393
0.42750659333333335,3454,-1.5,16.5,2146,271554,0,2026-01-03T07:13:00.054429
0.4306732963888889,3455,-1.25,16.62,2144,271360,0,2026-01-03T07:13:11.454560
0.4338400677777778,3456,-1.5,16.62,2144,271210,0,2026-01-03T07:13:22.854937
0.43700678305555557,3457,-1.5,16.5,2142,271006,0,2026-01-03T07:13:34.255112
0.44017350055555554,3458,-1.75,16.75,2140,270820,0,2026-01-03T07:13:45.655295
0.44334015833333335,3459,-1.75,16.62,2140,270598,0,2026-01-03T07:13:57.055263
0.44650686805555556,3460,0.0,16.56,2138,270398,0,2026-01-03T07:14:08.455418
0.4496735625,3461,0.25,16.5,2136,270228,0,2026-01-03T07:14:19.855518
0.4528402772222222,3462,0.0,16.56,2136,270016,0,2026-01-03T07:14:31.255691
0.4560070308333333,3463,-1.75,16.62,2134,269838,0,2026-01-03T07:14:42.656004
0.4591737238888889,3464,0.0,16.62,2134,269668,0,2026-01-03T07:14:54.056099
0.4623404252777778,3465,0.5,16.75,2132,269460,0,2026-01-03T07:15:05.456224
0.46550713416666667,3466,0.0,16.62,2132,269234,0,2026-01-03T07:15:16.856376
0.4686738458333333,3467,0.25,16.62,2148,269022,0,2026-01-03T07:15:28.256538
0.47184055333333336,3468,0.5,16.56,2146,268808,0,2026-01-03T07:15:39.656685
0.4750073252777778,3469,1.0,16.75,2146,268588,0,2026-01-03T07:15:51.057064
0.4781740247222222,3470,0.75,16.68,2144,268370,0,2026-01-03T07:16:02.457182
0.4813406880555556,3471,0.75,16.75,2144,268144,0,2026-01-03T07:16:13.857170
0.48450743611111113,3472,0.5,16.62,2142,267922,0,2026-01-03T07:16:25.257463
0.48767413055555553,3473,1.0,16.56,2142,267738,0,2026-01-03T07:16:36.657563
0.49084087111111113,3474,1.0,16.62,2140,267488,0,2026-01-03T07:16:48.057829
0.49400762861111114,3475,0.75,16.5,2138,267304,0,2026-01-03T07:16:59.458156
0.49717435666666665,3476,1.5,16.75,2140,267120,0,2026-01-03T07:17:10.858377
0.5003410286111111,3477,0.75,16.68,2138,266882,0,2026-01-03T07:17:22.258396
0.5035077658333333,3478,0.75,16.62,2138,266660,0,2026-01-03T07:17:33.658650
0.5066744672222222,3479,1.0,16.62,2134,266392,0,2026-01-03T07:17:45.058775
0.5098412136111111,3480,1.25,16.43,2132,266192,0,2026-01-03T07:17:56.459062
0.5130079677777778,3481,1.75,16.5,2138,265992,0,2026-01-03T07:18:07.859377
0.5161746422222222,3482,1.75,16.56,2134,265784,0,2026-01-03T07:18:19.259405
0.5193414266666667,3483,1.75,16.68,2136,265596,0,2026-01-03T07:18:30.659829
0.522508075,3484,1.5,16.62,2134,265402,0,2026-01-03T07:18:42.059763
0.5256748258333334,3485,1.5,16.81,2138,265228,0,2026-01-03T07:18:53.460066
0.5288415541666667,3486,1.75,16.75,2140,265028,0,2026-01-03T07:19:04.860288
0.5320082786111111,3487,2.0,16.75,2150,264824,0,2026-01-03T07:19:16.260496
0.5351750244444444,3488,1.5,16.56,2130,264640,0,2026-01-03T07:19:27.660781
0.5383417080555556,3489,1.5,16.43,2130,264474,0,2026-01-03T07:19:39.060842
0.5415084480555555,3490,1.75,16.56,2128,264330,0,2026-01-03T07:19:50.461106
0.5446751661111111,3491,1.75,16.75,2132,264162,0,2026-01-03T07:20:01.861291
0.5478418944444444,3492,1.75,16.75,2138,263972,0,2026-01-03T07:20:13.261513
0.5510086683333333,3493,1.75,16.62,2126,263822,0,2026-01-03T07:20:24.661899
0.5541753280555556,3494,1.5,16.68,2126,263588,0,2026-01-03T07:20:36.061874
0.5573420622222223,3495,1.75,16.62,2156,263466,0,2026-01-03T07:20:47.462117
0.5605087913888889,3496,1.75,16.62,2156,263310,0,2026-01-03T07:20:58.862342
0.5636754930555555,3497,2.0,16.81,2140,263210,0,2026-01-03T07:21:10.262468
0.5668422766666666,3498,1.75,16.68,2132,263076,0,2026-01-03T07:21:21.662889
0.5700089355555555,3499,1.5,16.68,2130,262914,0,2026-01-03T07:21:33.062861
0.5731756683333333,3500,1.75,16.62,2128,262810,0,2026-01-03T07:21:44.463099
0.5763423863888889,3501,1.75,16.62,2122,262252,0,2026-01-03T07:21:55.863284
0.5795091808333334,3502,1.75,16.68,2116,261914,0,2026-01-03T07:22:07.263744
0.5826758686111111,3503,1.25,16.56,2108,261620,0,2026-01-03T07:22:18.663820
0.5858425566666666,3504,1.5,16.56,2092,261358,0,2026-01-03T07:22:30.063897
0.5890092661111112,3505,1.75,16.62,2086,261138,0,2026-01-03T07:22:41.464051
0.5921760194444444,3506,1.75,16.56,2082,260900,0,2026-01-03T07:22:52.864363
0.5953426888888889,3507,1.75,16.5,2074,260608,0,2026-01-03T07:23:04.264373
0.5985094533333334,3508,2.0,16.81,2066,260314,0,2026-01-03T07:23:15.664725
0.6016761597222222,3509,1.75,16.56,2070,260032,0,2026-01-03T07:23:27.064868
0.60484288,3510,1.5,16.68,2062,259702,0,2026-01-03T07:23:38.465061
0.6080096491666667,3511,1.5,16.62,2056,259478,0,2026-01-03T07:23:49.865430
0.6111763130555555,3512,1.5,16.68,2054,259410,0,2026-01-03T07:24:01.265420
0.6143430333333333,3513,1.75,16.56,2040,259190,0,2026-01-03T07:24:12.665613
0.6175097672222222,3514,1.5,16.5,2038,259150,0,2026-01-03T07:24:24.065855
0.6206765277777778,3515,1.25,16.68,2036,259104,0,2026-01-03T07:24:35.466193
0.6238432533333333,3516,2.25,16.75,2040,259098,0,2026-01-03T07:24:46.866405
0.6270099127777777,3517,1.75,16.56,2040,259106,0,2026-01-03T07:24:58.266379
0.6301766127777778,3518,1.5,16.62,2040,259090,0,2026-01-03T07:25:09.666499
0.6333434008333333,3519,1.5,16.43,2040,259076,0,2026-01-03T07:25:21.066936
0.6365101080555555,3520,1.75,16.62,2046,259108,0,2026-01-03T07:25:32.467082
0.6396767838888889,3521,1.5,16.56,2044,259080,0,2026-01-03T07:25:43.867115
0.6428434986111111,3522,1.5,16.43,2044,259072,0,2026-01-03T07:25:55.267288
0.6460102325,3523,1.75,16.62,2038,259020,0,2026-01-03T07:26:06.667530
0.649176995,3524,1.75,16.62,2042,259002,0,2026-01-03T07:26:18.067875
0.6523437136111111,3525,2.0,16.56,2040,258992,0,2026-01-03T07:26:29.468062
0.6555103725,3526,1.5,16.81,2042,259000,0,2026-01-03T07:26:40.868034
0.6586771122222222,3527,1.5,16.68,2050,259056,0,2026-01-03T07:26:52.268297
0.6618438108333333,3528,1.75,16.56,2058,259044,0,2026-01-03T07:27:03.668412
0.6650105302777778,3529,1.5,16.62,2052,259044,0,2026-01-03T07:27:15.068602
0.6681772852777778,3530,1.75,16.62,2050,259046,0,2026-01-03T07:27:26.468920
0.6713439702777778,3531,1.75,16.62,2046,259044,0,2026-01-03T07:27:37.868986
0.674510695,3532,1.75,16.5,2046,259064,0,2026-01-03T07:27:49.269195
0.6776773877777778,3533,1.75,16.62,2046,259042,0,2026-01-03T07:28:00.669289
0.6808441161111111,3534,1.5,16.68,2036,259060,0,2026-01-03T07:28:12.069511
0.6840108322222223,3535,2.25,16.5,2036,259074,0,2026-01-03T07:28:23.469689
0.6871775655555555,3536,1.5,16.62,2034,259088,0,2026-01-03T07:28:34.869929
0.6903443283333334,3537,1.25,16.5,2038,259102,0,2026-01-03T07:28:46.270275
0.6935110286111111,3538,1.75,16.75,2032,259100,0,2026-01-03T07:28:57.670396
0.6966777033333333,3539,1.75,16.56,2034,259098,0,2026-01-03T07:29:09.070425
0.6998444247222222,3540,1.75,16.56,2058,259090,0,2026-01-03T07:29:20.470622
0.7030112252777778,3541,1.75,16.75,2060,259068,0,2026-01-03T07:29:31.871104
0.7061779427777778,3542,1.5,16.5,2048,259076,0,2026-01-03T07:29:43.271287
0.7093446375,3543,1.5,16.68,2034,259060,0,2026-01-03T07:29:54.671388
0.7125113033333333,3544,1.75,16.5,2034,259032,0,2026-01-03T07:30:06.071385
0.7156780361111111,3545,2.0,16.5,2028,259044,0,2026-01-03T07:30:17.471623
0.7188447475,3546,1.75,16.43,2044,259036,0,2026-01-03T07:30:28.871784
0.7220115122222223,3547,2.0,16.56,2038,259002,0,2026-01-03T07:30:40.272137
0.7251781747222222,3548,1.5,16.43,2036,258988,0,2026-01-03T07:30:51.672122
0.7283449094444444,3549,1.5,16.5,2036,259014,0,2026-01-03T07:31:03.072367
0.7315116025,3550,2.0,16.68,2060,259062,0,2026-01-03T07:31:14.472462
0.7346783122222222,3551,1.75,16.56,2028,259004,0,2026-01-03T07:31:25.872617
0.7378450652777778,3552,2.0,16.5,2034,259010,0,2026-01-03T07:31:37.272928
0.7410117516666667,3553,1.75,16.62,2036,258982,0,2026-01-03T07:31:48.672999
0.7441785194444445,3554,1.5,16.56,2038,258954,0,2026-01-03T07:32:00.073363
0.7473451797222223,3555,1.5,16.62,2042,258860,0,2026-01-03T07:32:11.473340
0.7505119147222222,3556,2.0,16.81,2028,258804,0,2026-01-03T07:32:22.873586
0.7536786275,3557,1.75,16.5,2032,258806,0,2026-01-03T07:32:34.273752
0.7568453663888889,3558,2.0,16.75,2040,258784,0,2026-01-03T07:32:45.674012
0.7600121158333333,3559,1.75,16.68,2036,258802,0,2026-01-03T07:32:57.074310
0.7631787911111111,3560,1.75,16.62,2042,258820,0,2026-01-03T07:33:08.474341
0.7663454913888889,3561,1.75,16.68,2032,258838,0,2026-01-03T07:33:19.874462
0.7695122013888889,3562,2.0,16.68,2036,258860,0,2026-01-03T07:33:31.274618
0.7726789088888889,3563,1.5,16.62,2058,258892,0,2026-01-03T07:33:42.674765
0.7758457016666667,3564,1.75,16.75,2056,258900,0,2026-01-03T07:33:54.075219
0.7790123872222222,3565,2.0,16.68,2030,258922,0,2026-01-03T07:34:05.475287
0.7821790752777777,3566,1.75,16.62,2060,258952,0,2026-01-03T07:34:16.875364
0.7853457880555555,3567,1.75,16.43,2062,258978,0,2026-01-03T07:34:28.275530
0.7885125033333333,3568,2.0,16.56,2068,258984,0,2026-01-03T07:34:39.675705
0.7916792838888889,3569,1.75,16.56,2034,258988,0,2026-01-03T07:34:51.076115
0.7948459366666667,3570,1.5,16.56,2046,258982,0,2026-01-03T07:35:02.476065
0.7980126663888889,3571,2.0,16.56,2048,259002,0,2026-01-03T07:35:13.876292
0.8011793622222222,3572,1.25,16.56,2046,258964,0,2026-01-03T07:35:25.276397
0.8043460688888889,3573,1.75,16.68,2054,257350,0,2026-01-03T07:35:36.676541
0.8075128183333333,3574,1.75,16.56,2042,256752,0,2026-01-03T07:35:48.076839
0.8106795286111111,3575,1.5,16.62,2004,255418,0,2026-01-03T07:35:59.476996
0.8138463002777778,3576,2.0,16.56,2002,254878,0,2026-01-03T07:36:10.877374
0.8170129636111111,3577,1.75,16.62,1984,253690,0,2026-01-03T07:36:22.277362
0.8201796794444445,3578,1.75,16.68,1990,254208,0,2026-01-03T07:36:33.677539
0.8233463933333334,3579,1.75,16.62,1984,254178,0,2026-01-03T07:36:45.077709
0.8265131572222222,3580,1.75,16.68,1964,254058,0,2026-01-03T07:36:56.478059
0.8296798252777777,3581,1.5,16.62,1948,253970,0,2026-01-03T07:37:07.878064
0.8328465902777777,3582,1.5,16.56,1964,253906,0,2026-01-03T07:37:19.278418
0.8360132513888889,3583,1.75,16.5,1988,253750,0,2026-01-03T07:37:30.678398
0.8391799558333334,3584,1.5,16.5,1992,253588,0,2026-01-03T07:37:42.078534
0.8423468611111111,3585,1.75,16.56,2002,253456,0,2026-01-03T07:37:53.479393
0.845513405,3586,1.75,16.56,1976,253468,0,2026-01-03T07:38:04.878951
0.8486801688888889,3587,2.0,16.56,1978,253120,0,2026-01-03T07:38:16.279301
0.8518468427777778,3588,1.5,16.68,1976,252892,0,2026-01-03T07:38:27.679327
0.8550135730555556,3589,1.75,16.68,1976,252796,0,2026-01-03T07:38:39.079556
0.8581802711111111,3590,1.75,16.68,1970,252702,0,2026-01-03T07:38:50.479669
0.8613470219444445,3591,1.75,16.5,1980,252536,0,2026-01-03T07:39:01.879972
0.8645137347222223,3592,1.75,16.68,1984,252478,0,2026-01-03T07:39:13.280138
0.8676804336111111,3593,1.75,16.62,1972,252328,0,2026-01-03T07:39:24.680254
0.8708471408333334,3594,1.75,16.68,1970,252234,0,2026-01-03T07:39:36.080400
0.8740138469444444,3595,1.75,16.5,1972,252192,0,2026-01-03T07:39:47.480542
0.8771805602777778,3596,2.0,16.68,1974,252094,0,2026-01-03T07:39:58.880710
0.8803472941666667,3597,1.75,16.56,1968,251942,0,2026-01-03T07:40:10.280952
0.8835140569444444,3598,1.75,16.62,1964,251856,0,2026-01-03T07:40:21.681298
0.8866807383333334,3599,1.5,16.56,1970,251812,0,2026-01-03T07:40:33.081351
0.8898474172222223,3600,1.75,16.68,1970,251718,0,2026-01-03T07:40:44.481395
0.8930141402777778,3601,2.0,16.5,1970,251638,0,2026-01-03T07:40:55.881598
0.8961809102777778,3602,1.5,16.5,1990,251482,0,2026-01-03T07:41:07.281970
0.899347565,3603,1.75,16.56,1976,251558,0,2026-01-03T07:41:18.681927
0.9025143422222223,3604,1.75,16.43,1974,251524,0,2026-01-03T07:41:30.082325
0.9056810222222222,3605,2.0,16.75,1980,251478,0,2026-01-03T07:41:41.482373
0.9088477480555556,3606,1.75,16.56,1970,251446,0,2026-01-03T07:41:52.882586
0.9120145002777778,3607,1.75,16.68,1974,251402,0,2026-01-03T07:42:04.282894
0.9151811844444444,3608,2.0,16.5,1972,251338,0,2026-01-03T07:42:15.682957
0.9183478705555556,3609,1.75,16.5,1970,251238,0,2026-01-03T07:42:27.083027
0.9215146063888889,3610,1.75,16.56,1974,251222,0,2026-01-03T07:42:38.483276
0.9246813163888888,3611,1.5,16.5,1970,251138,0,2026-01-03T07:42:49.883432
0.9278480819444445,3612,1.5,16.5,1970,251086,0,2026-01-03T07:43:01.283788
0.9310147677777778,3613,1.5,16.56,1978,251020,0,2026-01-03T07:43:12.683857
0.9341814480555556,3614,1.75,16.5,1988,250976,0,2026-01-03T07:43:24.083906
0.9373482283333333,3615,1.5,16.43,1984,250900,0,2026-01-03T07:43:35.484315
0.9405148886111111,3616,2.0,16.62,1992,250854,0,2026-01-03T07:43:46.884292
0.9436815866666667,3617,1.75,16.37,2008,250828,0,2026-01-03T07:43:58.284405
0.9468483286111111,3618,1.75,16.62,1998,250800,0,2026-01-03T07:44:09.684676
0.9500150469444445,3619,1.75,16.62,1994,250734,0,2026-01-03T07:44:21.084862
0.9531818297222222,3620,1.5,16.5,1988,250692,0,2026-01-03T07:44:32.485280
0.9563485413888889,3621,1.5,16.56,1986,250638,0,2026-01-03T07:44:43.885442
0.9595152136111111,3622,1.75,16.62,1982,250514,0,2026-01-03T07:44:55.285462
0.9626819183333334,3623,1.75,16.68,1982,250396,0,2026-01-03T07:45:06.685599
0.9658486286111111,3624,1.5,16.5,1974,250364,0,2026-01-03T07:45:18.085756
0.9690153486111112,3625,1.75,16.5,1974,250334,0,2026-01-03T07:45:29.485948
0.9721820725,3626,1.5,16.43,1978,250280,0,2026-01-03T07:45:40.886154
0.9753487536111111,3627,2.0,16.75,1978,250226,0,2026-01-03T07:45:52.286206
0.9785154730555555,3628,2.0,16.56,1974,250252,0,2026-01-03T07:46:03.686396
0.9816822019444444,3629,1.5,16.5,1972,250210,0,2026-01-03T07:46:15.086620
0.9848489241666667,3630,1.75,16.56,1976,250172,0,2026-01-03T07:46:26.486820
0.9880156238888889,3631,1.75,16.5,1976,250090,0,2026-01-03T07:46:37.886939
0.9911823794444444,3632,1.75,16.5,1980,250020,0,2026-01-03T07:46:49.287259
0.994349075,3633,1.75,16.5,1976,249644,0,2026-01-03T07:47:00.687363
0.9975157658333333,3634,1.75,16.43,1980,249168,0,2026-01-03T07:47:12.087450
1.0006824972222221,3635,1.5,16.62,1976,249034,0,2026-01-03T07:47:23.487683
1.0038492175,3636,1.75,16.62,1972,248830,0,2026-01-03T07:47:34.887876
1.0070159325,3637,1.5,16.68,1966,248780,0,2026-01-03T07:47:46.288050
1.010182695,3638,1.75,16.56,1968,248850,0,2026-01-03T07:47:57.688395
1.0133493683333332,3639,1.75,16.62,1974,249072,0,2026-01-03T07:48:09.088419
1.0165160783333334,3640,2.0,16.43,1974,249092,0,2026-01-03T07:48:20.488575
1.0196827925,3641,1.75,16.43,1974,249168,0,2026-01-03T07:48:31.888746
1.0228495647222222,3642,1.5,16.5,1980,249138,0,2026-01-03T07:48:43.289126
1.026016208888889,3643,2.25,16.62,1976,249094,0,2026-01-03T07:48:54.689045
1.0291829316666667,3644,1.75,16.5,1978,249006,0,2026-01-03T07:49:06.089247
1.032349655,3645,1.75,16.62,1980,248862,0,2026-01-03T07:49:17.489451
1.0355164075,3646,1.5,16.5,1980,248758,0,2026-01-03T07:49:28.889760
1.0386830780555556,3647,1.5,16.56,1984,248658,0,2026-01-03T07:49:40.289774
1.0418498038888888,3648,1.5,16.56,1986,248620,0,2026-01-03T07:49:51.689987
1.0450165233333333,3649,1.5,16.62,1990,248566,0,2026-01-03T07:50:03.090177
1.0481832177777777,3650,2.0,16.43,1990,248476,0,2026-01-03T07:50:14.490277
1.051349941388889,3651,1.5,16.5,1974,248440,0,2026-01-03T07:50:25.890482
1.0545166669444443,3652,1.75,16.56,1974,248366,0,2026-01-03T07:50:37.290694
1.05768331,3653,1.75,16.68,1972,248314,0,2026-01-03T07:50:48.690609
1.0608499891666667,3654,1.75,16.56,1972,248228,0,2026-01-03T07:51:00.090654
1.06401673,3655,2.0,16.62,1972,248210,0,2026-01-03T07:51:11.490921
1.0671833502777779,3656,1.5,16.56,1974,248142,0,2026-01-03T07:51:22.890754
1.070350035,3657,2.0,16.37,1974,248098,0,2026-01-03T07:51:34.290819
1.0735167119444444,3658,1.75,16.5,1974,248004,0,2026-01-03T07:51:45.690856
1.0766834025,3659,1.75,16.43,1976,247930,0,2026-01-03T07:51:57.090942
1.0798500780555556,3660,1.75,16.75,1974,247854,0,2026-01-03T07:52:08.490974
1.0830167133333333,3661,1.75,16.56,1976,247754,0,2026-01-03T07:52:19.890861
1.0861833919444444,3662,1.75,16.56,1976,247662,0,2026-01-03T07:52:31.290904
1.0893500727777778,3663,2.0,16.62,1990,247590,0,2026-01-03T07:52:42.690955
1.0925167919444445,3664,2.0,16.62,1976,247496,0,2026-01-03T07:52:54.091144
1.0956834358333334,3665,1.75,16.5,1966,247416,0,2026-01-03T07:53:05.491062
1.0988500941666666,3666,2.0,16.62,1976,247336,0,2026-01-03T07:53:16.891032
1.1020168327777777,3667,1.75,16.56,1976,247264,0,2026-01-03T07:53:28.291291
1.1051835016666667,3668,1.75,16.62,1976,247202,0,2026-01-03T07:53:39.691299
1.1083501622222223,3669,2.0,16.56,1978,247102,0,2026-01-03T07:53:51.091277
1.1115168036111112,3670,2.25,16.62,1976,246996,0,2026-01-03T07:54:02.491186
1.1146834791666667,3671,1.5,16.68,1978,246916,0,2026-01-03T07:54:13.891218
1.1178501708333333,3672,1.75,16.56,1978,246826,0,2026-01-03T07:54:25.291308
1.12101685,3673,1.75,16.43,1978,246750,0,2026-01-03T07:54:36.691353
1.1241835225,3674,2.0,16.5,1978,246698,0,2026-01-03T07:54:48.091374
1.1273502355555556,3675,1.5,16.62,1980,246604,0,2026-01-03T07:54:59.491541
1.1305169633333334,3676,2.0,16.68,1980,246528,0,2026-01-03T07:55:10.891761
1.1336835997222223,3677,1.75,16.5,1980,246474,0,2026-01-03T07:55:22.291652
1.1368502794444444,3678,1.5,16.56,1980,246402,0,2026-01-03T07:55:33.691699
1.1400169816666668,3679,1.25,16.37,1980,246370,0,2026-01-03T07:55:45.091827
1.1431836433333333,3680,1.5,16.37,1980,246348,0,2026-01-03T07:55:56.491809
1.1463503986111112,3681,1.75,16.62,2012,246336,0,2026-01-03T07:56:07.892128
1.1495170522222222,3682,1.75,16.62,2006,246236,0,2026-01-03T07:56:19.292081
1.1526837152777778,3683,2.0,16.62,2000,246178,0,2026-01-03T07:56:30.692068
1.1558504047222222,3684,1.5,16.62,1994,246018,0,2026-01-03T07:56:42.092150
1.1590170802777777,3685,2.0,16.56,1998,245916,0,2026-01-03T07:56:53.492182
1.1621838208333333,3686,1.5,16.68,1998,245880,0,2026-01-03T07:57:04.892448
1.1653504580555556,3687,1.75,16.62,1998,245862,0,2026-01-03T07:57:16.292342
1.1685171738888889,3688,1.75,16.5,1994,245856,0,2026-01-03T07:57:27.692519
1.1716838502777778,3689,2.0,16.75,1994,245810,0,2026-01-03T07:57:39.092554
1.1748505122222221,3690,1.75,16.5,1986,245740,0,2026-01-03T07:57:50.492537
1.1780172216666667,3691,1.75,16.5,1984,245652,0,2026-01-03T07:58:01.892691
1.1811839305555556,3692,2.0,16.5,1980,245638,0,2026-01-03T07:58:13.292843
1.1843507052777777,3693,1.75,16.56,1980,245568,0,2026-01-03T07:58:24.693232
1.1875173622222222,3694,1.5,16.56,1972,245510,0,2026-01-03T07:58:36.093197
1.1906840044444444,3695,1.5,16.5,1972,245440,0,2026-01-03T07:58:47.493109
1.1938506841666667,3696,1.75,16.62,1972,245420,0,2026-01-03T07:58:58.893156
1.1970173952777778,3697,2.0,16.43,1974,245380,0,2026-01-03T07:59:10.293316
1.2001840952777778,3698,2.0,16.56,1976,245344,0,2026-01-03T07:59:21.693436
1.2033507625,3699,2.25,16.56,1982,245336,0,2026-01-03T07:59:33.093438
1.206517466388889,3700,1.5,16.62,1982,245312,0,2026-01-03T07:59:44.493572
1.2096841597222223,3701,1.75,16.37,1980,245300,0,2026-01-03T07:59:55.893668
1.2128508816666668,3702,2.25,16.5,1982,245260,0,2026-01-03T08:00:07.293867
1.2160176041666666,3703,1.25,16.56,1982,245198,0,2026-01-03T08:00:18.694068
1.2191842419444445,3704,1.25,16.43,1982,245184,0,2026-01-03T08:00:30.093964
1.2223509508333332,3705,1.75,16.43,1984,245148,0,2026-01-03T08:00:41.494116
1.2255176525,3706,1.75,16.5,2000,245006,0,2026-01-03T08:00:52.894242
1.2286843669444445,3707,2.0,16.5,2000,244864,0,2026-01-03T08:01:04.294414
1.2318510241666667,3708,1.75,16.37,1974,244858,0,2026-01-03T08:01:15.694380
1.2350177147222223,3709,1.75,16.56,1972,244840,0,2026-01-03T08:01:27.094466
1.2381844302777778,3710,1.75,16.43,1972,244808,0,2026-01-03T08:01:38.494642
1.2413511336111112,3711,2.0,16.62,1970,244766,0,2026-01-03T08:01:49.894774
1.2445178633333334,3712,1.75,16.56,1972,244708,0,2026-01-03T08:02:01.295001
1.24768452,3713,2.0,16.62,1974,244702,0,2026-01-03T08:02:12.694965
1.2508512247222223,3714,2.0,16.75,1980,244646,0,2026-01-03T08:02:24.095102
1.25401796,3715,1.5,16.37,1980,244628,0,2026-01-03T08:02:35.495349
1.257184648888889,3716,1.75,16.5,1982,244610,0,2026-01-03T08:02:46.895429
1.2603513072222223,3717,1.75,16.56,1982,244594,0,2026-01-03T08:02:58.295399
1.2635180047222223,3718,1.5,16.56,1986,244570,0,2026-01-03T08:03:09.695510
1.2666846997222223,3719,1.5,16.62,1988,244534,0,2026-01-03T08:03:21.095612
1.2698514052777778,3720,1.75,16.68,1986,244502,0,2026-01-03T08:03:32.495752
1.2730181247222223,3721,2.0,16.62,1986,244460,0,2026-01-03T08:03:43.895942
1.276184815,3722,2.0,16.43,1986,244416,0,2026-01-03T08:03:55.296027
1.2793515669444444,3723,1.75,16.56,1986,244380,0,2026-01-03T08:04:06.696334
1.2825181783333333,3724,1.75,16.43,1982,244336,0,2026-01-03T08:04:18.096135
1.2856849008333333,3725,2.0,16.68,1984,244302,0,2026-01-03T08:04:29.496336
1.2888515930555555,3726,1.75,16.62,1986,244222,0,2026-01-03T08:04:40.896428
1.292018293888889,3727,2.0,16.56,1986,244198,0,2026-01-03T08:04:52.296551
1.2951850447222222,3728,2.0,16.5,1990,244186,0,2026-01-03T08:05:03.696854
1.2983517011111112,3729,1.5,16.5,1990,244138,0,2026-01-03T08:05:15.096817
1.3015183936111112,3730,1.75,16.75,1990,244064,0,2026-01-03T08:05:26.496910
1.3046851,3731,1.5,16.43,1992,243984,0,2026-01-03T08:05:37.897053
1.3078518630555556,3732,1.5,16.5,1984,243932,0,2026-01-03T08:05:49.297400
1.3110185277777777,3733,1.75,16.56,1986,243902,0,2026-01-03T08:06:00.697393
1.314185216388889,3734,1.5,16.56,1988,243896,0,2026-01-03T08:06:12.097472
1.3173519413888888,3735,1.5,16.5,1988,243838,0,2026-01-03T08:06:23.497682
1.320518686388889,3736,2.0,16.56,1990,243804,0,2026-01-03T08:06:34.897964
1.3236853288888888,3737,2.0,16.56,1988,243764,0,2026-01-03T08:06:46.297877
1.3268520519444444,3738,1.5,16.68,1986,243738,0,2026-01-03T08:06:57.698080
1.3300187280555555,3739,2.0,16.68,1988,243686,0,2026-01-03T08:07:09.098114
1.3331854227777777,3740,1.75,16.56,1986,243680,0,2026-01-03T08:07:20.498215
1.3363521469444444,3741,1.5,16.56,1988,243640,0,2026-01-03T08:07:31.898422
1.3395188352777778,3742,1.5,16.56,1988,243638,0,2026-01-03T08:07:43.298500
1.3426855447222221,3743,1.75,16.43,1988,243636,0,2026-01-03T08:07:54.698654
1.3458522572222222,3744,2.0,16.56,1988,243620,0,2026-01-03T08:08:06.098819
1.3490189847222223,3745,1.25,16.5,1988,243620,0,2026-01-03T08:08:17.499038
1.3521856813888888,3746,1.75,16.5,1988,243598,0,2026-01-03T08:08:28.899146
1.355352338611111,3747,2.0,16.43,1988,243590,0,2026-01-03T08:08:40.299112
1.3585190508333334,3748,2.0,16.56,1988,243570,0,2026-01-03T08:08:51.699276
1.361685721111111,3749,1.75,16.5,1988,243562,0,2026-01-03T08:09:03.099289
1.364852443888889,3750,2.0,16.5,1988,243540,0,2026-01-03T08:09:14.499491
1.3680191352777777,3751,2.0,16.62,1986,243512,0,2026-01-03T08:09:25.899580
1.3711858519444444,3752,1.5,16.5,1986,243458,0,2026-01-03T08:09:37.299760
1.3743525611111111,3753,1.75,16.5,1984,243454,0,2026-01-03T08:09:48.699913
1.3775192652777777,3754,2.0,16.62,1984,243458,0,2026-01-03T08:10:00.100048
1.3806860197222222,3755,2.0,16.68,1986,243442,0,2026-01-03T08:10:11.500364
1.3838526794444443,3756,1.75,16.56,1980,243436,0,2026-01-03T08:10:22.900339
1.387019393611111,3757,1.25,16.31,1978,243438,0,2026-01-03T08:10:34.300510
1.3901861330555556,3758,1.75,16.43,1984,243436,0,2026-01-03T08:10:45.700772
1.3933528447222223,3759,1.5,16.56,1978,243216,0,2026-01-03T08:10:57.100934
1.3965195011111111,3760,1.75,16.68,1978,243128,0,2026-01-03T08:11:08.500897
1.3996862066666667,3761,1.75,16.31,1978,243054,0,2026-01-03T08:11:19.901037
1.4028529733333333,3762,1.75,16.62,1982,243008,0,2026-01-03T08:11:31.301397
1.4060196405555556,3763,1.75,16.68,1984,242980,0,2026-01-03T08:11:42.701399
1.4091863202777777,3764,1.75,16.56,1986,242924,0,2026-01-03T08:11:54.101446
1.4123530069444445,3765,1.75,16.56,1982,242910,0,2026-01-03T08:12:05.501518
1.415519781111111,3766,1.75,16.56,1984,242858,0,2026-01-03T08:12:16.901905
1.4186864286111112,3767,0.0,0.0,1984,242868,1,2026-01-03T08:12:28.301836
1.4218531922222222,3768,1.75,16.5,1986,242862,0,2026-01-03T08:12:39.702185
1.4250198494444444,3769,1.75,16.68,1986,242848,0,2026-01-03T08:12:51.102151
1.4281865541666667,3770,1.5,16.43,1988,242842,0,2026-01-03T08:13:02.502288
1.4313532641666666,3771,1.5,16.68,1990,242836,0,2026-01-03T08:13:13.902444
1.4345199716666666,3772,1.75,16.56,1990,242848,0,2026-01-03T08:13:25.302591
1.4376866625,3773,1.75,16.68,1982,242838,0,2026-01-03T08:13:36.702678
1.4408533788888889,3774,1.75,16.5,1984,242848,0,2026-01-03T08:13:48.102857
1.4440201225,3775,1.75,16.5,1984,242850,0,2026-01-03T08:13:59.503134
1.4471868247222222,3776,1.75,16.43,1988,242874,0,2026-01-03T08:14:10.903262
1.4503534997222223,3777,1.75,16.56,1990,242860,0,2026-01-03T08:14:22.303292
1.4535201875,3778,1.25,16.37,1990,242830,0,2026-01-03T08:14:33.703368
1.45668689,3779,1.75,16.62,1990,242822,0,2026-01-03T08:14:45.103497
1.459853595,3780,1.75,16.56,1992,242824,0,2026-01-03T08:14:56.503635
1.463020321111111,3781,1.75,16.5,1992,242796,0,2026-01-03T08:15:07.903849
1.4661869952777777,3782,1.75,16.68,1992,242806,0,2026-01-03T08:15:19.303876
1.4693537280555555,3783,1.75,16.37,1992,242820,0,2026-01-03T08:15:30.704114
1.472520436111111,3784,1.75,16.62,1992,242814,0,2026-01-03T08:15:42.104263
1.475687121111111,3785,1.5,16.56,1992,242824,0,2026-01-03T08:15:53.504329
1.4788537902777779,3786,1.75,16.5,1994,242826,0,2026-01-03T08:16:04.904338
1.4820205305555556,3787,1.5,16.68,1992,242820,0,2026-01-03T08:16:16.304603
1.4851872830555555,3788,2.25,16.62,1994,242814,0,2026-01-03T08:16:27.704912
1.4883539961111112,3789,1.75,16.5,1994,242840,0,2026-01-03T08:16:39.105079
1.4915206763888889,3790,1.75,16.62,1994,242828,0,2026-01-03T08:16:50.505128
1.4946873586111111,3791,1.5,16.5,1994,242778,0,2026-01-03T08:17:01.905184
1.4978540769444444,3792,1.75,16.5,1996,242770,0,2026-01-03T08:17:13.305370
1.50102078,3793,1.5,16.5,1996,242774,0,2026-01-03T08:17:24.705501
1.5041874702777778,3794,1.75,16.62,1996,242750,0,2026-01-03T08:17:36.105586
1.5073541772222223,3795,2.0,16.62,1996,242742,0,2026-01-03T08:17:47.505731
1.5105208869444444,3796,1.75,16.5,1998,242726,0,2026-01-03T08:17:58.905886
1.5136875875,3797,1.5,16.75,1998,242720,0,2026-01-03T08:18:10.306008
1.5168543544444444,3798,1.75,16.56,1996,242680,0,2026-01-03T08:18:21.706369
1.5200210025,3799,1.75,16.62,1996,242572,0,2026-01-03T08:18:33.106302
1.5231877147222221,3800,1.75,16.56,1998,242532,0,2026-01-03T08:18:44.506466
1.5263544830555555,3801,1.5,16.5,2000,242496,0,2026-01-03T08:18:55.906832
1.5295211808333333,3802,1.75,16.43,1994,242428,0,2026-01-03T08:19:07.306944
1.5326878694444444,3803,2.0,16.62,1994,242422,0,2026-01-03T08:19:18.707023
1.5358545702777777,3804,1.5,16.62,1994,242308,0,2026-01-03T08:19:30.107146
1.5390212961111112,3805,2.0,16.5,1994,242202,0,2026-01-03T08:19:41.507359
1.5421879747222222,3806,1.75,16.62,1992,242120,0,2026-01-03T08:19:52.907402
1.5453546716666666,3807,2.0,16.5,1992,242126,0,2026-01-03T08:20:04.307511
1.548521381388889,3808,2.0,16.56,1992,242112,0,2026-01-03T08:20:15.707666
1.5516880983333334,3809,1.5,16.68,1994,242102,0,2026-01-03T08:20:27.107847
1.5548548525,3810,2.0,16.56,1994,242108,0,2026-01-03T08:20:38.508162
1.5580215030555555,3811,1.75,16.56,1994,242112,0,2026-01-03T08:20:49.908104
1.5611881930555556,3812,2.25,16.62,1994,242096,0,2026-01-03T08:21:01.308188
1.5643549205555556,3813,1.75,16.37,1996,242108,0,2026-01-03T08:21:12.708407
1.5675216197222221,3814,2.0,16.68,1996,242118,0,2026-01-03T08:21:24.108524
1.5706884408333333,3815,1.75,16.56,1996,242106,0,2026-01-03T08:21:35.509080
1.5738550227777777,3816,1.75,16.5,1996,242236,0,2026-01-03T08:21:46.908775
1.5770217152777777,3817,1.75,16.62,2000,242206,0,2026-01-03T08:21:58.308868
1.5801885175,3818,2.0,16.56,2000,242164,0,2026-01-03T08:22:09.709356
1.5833551827777779,3819,2.0,16.68,2000,242086,0,2026-01-03T08:22:21.109351
1.5865218547222222,3820,2.0,16.43,2002,242020,0,2026-01-03T08:22:32.509370
1.5896885544444443,3821,1.75,16.43,2002,242002,0,2026-01-03T08:22:43.909489
1.5928552744444444,3822,1.75,16.43,2002,241996,0,2026-01-03T08:22:55.309681
1.596022001111111,3823,2.0,16.68,2004,241956,0,2026-01-03T08:23:06.709897
1.5991886927777779,3824,1.75,16.5,2002,241990,0,2026-01-03T08:23:18.109987
1.6023554127777777,3825,1.75,16.68,2002,241912,0,2026-01-03T08:23:29.510179
1.6055221316666666,3826,1.5,16.68,2004,241822,0,2026-01-03T08:23:40.910367
1.6086888055555555,3827,1.75,16.56,2002,241672,0,2026-01-03T08:23:52.310393
1.611855501111111,3828,1.75,16.68,2000,241600,0,2026-01-03T08:24:03.710497
1.6150222283333333,3829,1.5,16.68,2000,241536,0,2026-01-03T08:24:15.110715
1.6181889486111112,3830,1.75,16.56,2002,241420,0,2026-01-03T08:24:26.510908
1.6213556925,3831,1.75,16.43,2000,241362,0,2026-01-03T08:24:37.911186
1.6245224152777777,3832,1.75,16.5,2000,241270,0,2026-01-03T08:24:49.311388
1.627689075,3833,1.75,16.56,1996,241128,0,2026-01-03T08:25:00.711363
1.6308557863888888,3834,1.75,16.62,1996,240984,0,2026-01-03T08:25:12.111524
1.6340225816666667,3835,2.0,16.75,1996,240858,0,2026-01-03T08:25:23.511987
1.6371892369444445,3836,1.75,16.56,1996,240810,0,2026-01-03T08:25:34.911946
1.6403559994444445,3837,1.75,16.5,1994,240802,0,2026-01-03T08:25:46.312291
1.6435226783333334,3838,1.75,16.62,1996,240788,0,2026-01-03T08:25:57.712335
1.6466894058333332,3839,1.75,16.5,1996,240776,0,2026-01-03T08:26:09.112554
1.6498561641666667,3840,1.75,16.43,1994,240796,0,2026-01-03T08:26:20.512884
1.6530229186111112,3841,1.5,16.62,1996,240792,0,2026-01-03T08:26:31.913200
1.6561895433333333,3842,1.5,16.5,1994,240784,0,2026-01-03T08:26:43.313049
1.6593562697222222,3843,1.75,16.62,1996,240758,0,2026-01-03T08:26:54.713264
1.6625229741666667,3844,2.0,16.62,1996,240732,0,2026-01-03T08:27:06.113400
1.6656896961111112,3845,2.25,16.68,1996,240700,0,2026-01-03T08:27:17.513599
1.6688564058333333,3846,1.75,16.81,1994,240698,0,2026-01-03T08:27:28.913754
1.6720232466666667,3847,1.5,16.5,1996,240722,0,2026-01-03T08:27:40.314381
1.6751899,3848,1.75,16.62,1992,240724,0,2026-01-03T08:27:51.714333
1.6783565516666668,3849,1.5,16.5,1994,240696,0,2026-01-03T08:28:03.114279
1.6815232775,3850,1.75,16.68,1996,240678,0,2026-01-03T08:28:14.514492
1.6846899994444444,3851,1.5,16.56,1998,240662,0,2026-01-03T08:28:25.914691
1.6878567269444444,3852,1.75,16.62,1998,240676,0,2026-01-03T08:28:37.314910
1.6910234191666667,3853,1.75,16.5,1996,240658,0,2026-01-03T08:28:48.715002
1.6941901780555555,3854,1.5,16.56,1996,240658,0,2026-01-03T08:29:00.115334
1.6973568591666666,3855,1.75,16.75,1996,240654,0,2026-01-03T08:29:11.515386
1.7005235702777777,3856,2.0,16.62,1998,240648,0,2026-01-03T08:29:22.915546
1.703690333888889,3857,1.75,16.56,1998,240606,0,2026-01-03T08:29:34.315895
1.7068570541666668,3858,1.75,16.68,1998,240616,0,2026-01-03T08:29:45.716088
1.7100237369444444,3859,1.75,16.5,1998,240618,0,2026-01-03T08:29:57.116146
1.7131904341666666,3860,1.75,16.56,1998,240618,0,2026-01-03T08:30:08.516256
1.7163571244444444,3861,2.0,16.56,1998,240614,0,2026-01-03T08:30:19.916341
1.7195238652777778,3862,1.75,16.56,1998,240596,0,2026-01-03T08:30:31.316608
1.722690608888889,3863,2.25,16.56,1998,240548,0,2026-01-03T08:30:42.716885
1.72585728,3864,1.75,16.56,1998,240554,0,2026-01-03T08:30:54.116901
1.7290240227777778,3865,2.0,16.68,1998,240512,0,2026-01-03T08:31:05.517175
1.7321906988888889,3866,1.5,16.68,2000,240464,0,2026-01-03T08:31:16.917209
1.7353573991666666,3867,2.0,16.62,1998,240432,0,2026-01-03T08:31:28.317330
1.738524125,3868,1.25,16.43,2000,240400,0,2026-01-03T08:31:39.717543
1.7416908641666666,3869,2.0,16.5,2000,240366,0,2026-01-03T08:31:51.117804
1.744857621111111,3870,1.75,16.5,2000,240362,0,2026-01-03T08:32:02.518129
1.7480243216666667,3871,2.0,16.56,1986,240462,0,2026-01-03T08:32:13.918251
1.7511910222222222,3872,2.0,16.62,1992,240424,0,2026-01-03T08:32:25.318373
1.7543576902777778,3873,1.75,16.43,1994,240410,0,2026-01-03T08:32:36.718378
1.7575244183333334,3874,2.25,16.62,2002,240322,0,2026-01-03T08:32:48.118599
1.7606912033333333,3875,2.0,16.5,2000,240300,0,2026-01-03T08:32:59.519025
1.7638578691666666,3876,1.75,16.5,2002,240312,0,2026-01-03T08:33:10.919022
1.7670245619444445,3877,1.75,16.62,2002,240300,0,2026-01-03T08:33:22.319116
1.7701912947222223,3878,1.5,16.56,2002,240300,0,2026-01-03T08:33:33.719354
1.7733579825,3879,1.5,16.68,2002,240282,0,2026-01-03T08:33:45.119430
1.7765247580555557,3880,2.0,16.68,2002,240276,0,2026-01-03T08:33:56.519822
1.7796914169444444,3881,1.5,16.68,2002,240302,0,2026-01-03T08:34:07.919794
1.7828581372222223,3882,2.0,16.68,2002,240290,0,2026-01-03T08:34:19.319987
1.7860248955555555,3883,1.5,16.5,2004,240216,0,2026-01-03T08:34:30.720317
1.7891915783333334,3884,1.75,16.43,2004,240236,0,2026-01-03T08:34:42.120375
1.7923582683333332,3885,1.5,16.68,2002,240260,0,2026-01-03T08:34:53.520459
1.7955249975,3886,2.0,16.81,2002,240280,0,2026-01-03T08:35:04.920684
1.7986917416666666,3887,1.75,16.5,2004,240272,0,2026-01-03T08:35:16.320963
1.8018584641666666,3888,1.5,16.62,2004,240262,0,2026-01-03T08:35:27.721164
1.8050251527777779,3889,1.75,16.62,2004,240244,0,2026-01-03T08:35:39.121243
1.8081918227777778,3890,1.75,16.68,2002,240268,0,2026-01-03T08:35:50.521255
1.8113585366666667,3891,1.5,16.56,2004,240292,0,2026-01-03T08:36:01.921425
1.8145252302777777,3892,1.75,16.62,2002,240358,0,2026-01-03T08:36:13.321522
1.817692008611111,3893,1.75,16.56,2002,240440,0,2026-01-03T08:36:24.721924
1.8208587869444444,3894,1.25,16.62,2004,240570,0,2026-01-03T08:36:36.122326
1.8240253822222223,3895,2.0,16.37,2004,240610,0,2026-01-03T08:36:47.522069
1.8271921358333334,3896,1.5,16.43,2002,240650,0,2026-01-03T08:36:58.922382
1.8303588016666668,3897,1.75,16.75,2004,240648,0,2026-01-03T08:37:10.322379
1.833525601388889,3898,1.75,16.56,2004,240672,0,2026-01-03T08:37:21.722858
1.8366922141666666,3899,1.5,16.81,2004,240674,0,2026-01-03T08:37:33.122664
1.8398590047222223,3900,1.5,16.56,2004,240664,0,2026-01-03T08:37:44.523110
1.843025713611111,3901,1.5,16.62,2004,240676,0,2026-01-03T08:37:55.923262
1.8461924033333332,3902,1.75,16.56,2002,240694,0,2026-01-03T08:38:07.323345
1.8493590669444444,3903,1.5,16.56,2002,240692,0,2026-01-03T08:38:18.723334
1.8525257908333332,3904,1.5,16.68,2004,240714,0,2026-01-03T08:38:30.123540
1.855692501388889,3905,1.75,16.68,2004,240718,0,2026-01-03T08:38:41.523698
1.8588592666666666,3906,1.75,16.5,2004,240730,0,2026-01-03T08:38:52.924053
1.8620259183333334,3907,2.0,16.75,2004,240728,0,2026-01-03T08:39:04.323999
1.8651926319444445,3908,2.0,16.37,2010,240722,0,2026-01-03T08:39:15.724168
1.8683593511111112,3909,1.75,16.62,2010,240708,0,2026-01-03T08:39:27.124357
1.8715260269444445,3910,2.0,16.75,2008,240774,0,2026-01-03T08:39:38.524390
1.8746927772222222,3911,2.0,16.68,2010,240742,0,2026-01-03T08:39:49.924691
1.8778594677777778,3912,2.0,16.56,2008,240736,0,2026-01-03T08:40:01.324777
1.8810262408333334,3913,1.5,16.37,2010,240738,0,2026-01-03T08:40:12.725160
1.8841929122222223,3914,1.75,16.62,2010,240742,0,2026-01-03T08:40:24.125177
1.8873596205555556,3915,1.75,16.68,2010,240718,0,2026-01-03T08:40:35.525327
1.8905263225,3916,1.75,16.68,2010,240690,0,2026-01-03T08:40:46.925454
1.8936930216666668,3917,1.75,16.68,2010,240650,0,2026-01-03T08:40:58.325571
1.896859796111111,3918,2.0,16.68,2010,240654,0,2026-01-03T08:41:09.725959
1.9000264947222223,3919,1.75,16.75,2012,240634,0,2026-01-03T08:41:21.126074
1.9031931647222222,3920,1.5,16.68,2012,240614,0,2026-01-03T08:41:32.526086
1.9063598502777779,3921,1.75,16.5,2014,240618,0,2026-01-03T08:41:43.926154
1.9095265744444445,3922,2.0,16.56,2012,240608,0,2026-01-03T08:41:55.326361
1.9126932877777778,3923,2.25,16.62,2012,240602,0,2026-01-03T08:42:06.726529
1.9158599836111112,3924,1.25,16.68,2012,240630,0,2026-01-03T08:42:18.126634
1.9190267113888888,3925,2.0,16.87,2012,240606,0,2026-01-03T08:42:29.526854
1.9221934244444445,3926,2.25,16.81,2012,240604,0,2026-01-03T08:42:40.927021
1.9253601911111111,3927,1.5,16.62,2012,240584,0,2026-01-03T08:42:52.327381
1.9285268452777777,3928,1.5,16.62,2014,240598,0,2026-01-03T08:43:03.727336
1.9316935605555556,3929,2.0,16.81,2012,240594,0,2026-01-03T08:43:15.127511
1.9348602583333334,3930,2.0,16.68,2012,240564,0,2026-01-03T08:43:26.527623
1.9380269816666666,3931,1.75,16.62,2012,240584,0,2026-01-03T08:43:37.927827
1.9411936908333334,3932,2.0,16.62,2012,240568,0,2026-01-03T08:43:49.327980
1.9443603961111111,3933,1.75,16.62,2012,240556,0,2026-01-03T08:44:00.728119
1.9475271322222223,3934,1.75,16.62,2012,240560,0,2026-01-03T08:44:12.128369
1.9506938283333333,3935,1.75,16.68,2014,240556,0,2026-01-03T08:44:23.528475
1.9538605494444445,3936,2.0,16.62,2016,240524,0,2026-01-03T08:44:34.928671
1.9570272513888889,3937,2.25,16.68,2014,240540,0,2026-01-03T08:44:46.328798
1.960193965,3938,2.0,16.56,2014,240520,0,2026-01-03T08:44:57.728967
1.9633607258333334,3939,0.0,0.0,2014,240522,1,2026-01-03T08:45:09.129306
1.9665274258333334,3940,1.75,16.62,2014,240532,0,2026-01-03T08:45:20.529426
1.9696940791666666,3941,1.5,16.68,2008,240684,0,2026-01-03T08:45:31.929378
1.9728608041666666,3942,2.0,16.81,1998,240672,0,2026-01-03T08:45:43.329588
1.9760275,3943,1.5,16.68,1998,240658,0,2026-01-03T08:45:54.729693
1.9791942916666667,3944,1.75,16.56,2000,240660,0,2026-01-03T08:46:06.130143
1.9823610052777778,3945,1.5,16.56,1998,240636,0,2026-01-03T08:46:17.530312
1.9855276355555556,3946,2.0,16.81,1998,240614,0,2026-01-03T08:46:28.930181
1.9886943691666668,3947,1.5,16.56,2000,240628,0,2026-01-03T08:46:40.330422
1.9918610633333333,3948,1.75,16.56,1998,240616,0,2026-01-03T08:46:51.730521
1.995027766388889,3949,1.75,16.62,1996,240614,0,2026-01-03T08:47:03.130652
1.9981944669444445,3950,1.5,16.62,1998,240598,0,2026-01-03T08:47:14.530774
2.0013611925,3951,1.75,16.62,1996,240622,0,2026-01-03T08:47:25.930986
2.004527954722222,3952,2.0,16.68,1998,240630,0,2026-01-03T08:47:37.331330
2.0076946452777777,3953,1.75,16.68,2000,240648,0,2026-01-03T08:47:48.731416
2.010861290833333,3954,1.5,16.5,1998,240652,0,2026-01-03T08:48:00.131340
2.0140280358333333,3955,1.75,16.75,2000,240642,0,2026-01-03T08:48:11.531622
2.0171947469444445,3956,1.75,16.5,2014,240488,0,2026-01-03T08:48:22.931782
2.0203614497222224,3957,1.75,16.87,2016,240466,0,2026-01-03T08:48:34.331912
2.023528195,3958,2.0,16.68,2018,240462,0,2026-01-03T08:48:45.732195
2.026694901388889,3959,2.0,16.62,2018,240480,0,2026-01-03T08:48:57.132338
2.0298615772222224,3960,1.75,16.75,2016,240488,0,2026-01-03T08:49:08.532371
2.0330282866666667,3961,1.75,16.75,2014,240484,0,2026-01-03T08:49:19.932525
2.0361950536111113,3962,1.75,16.56,2016,240460,0,2026-01-03T08:49:31.332886
2.0393617063888887,3963,1.5,16.62,2016,240486,0,2026-01-03T08:49:42.732836
2.0425284325,3964,1.5,16.68,2018,240486,0,2026-01-03T08:49:54.133050
2.045695123333333,3965,1.5,16.56,2026,240450,0,2026-01-03T08:50:05.533137
2.0488618480555556,3966,1.75,16.62,2020,240702,0,2026-01-03T08:50:16.933346
2.0520285433333334,3967,1.75,16.62,2018,240718,0,2026-01-03T08:50:28.333449
2.0551952722222224,3968,2.0,16.62,2020,240714,0,2026-01-03T08:50:39.733673
2.058361976111111,3969,2.0,16.75,2020,240682,0,2026-01-03T08:50:51.133807
2.061528734722222,3970,2.0,16.68,2020,240726,0,2026-01-03T08:51:02.534138
2.0646953836111113,3971,2.0,16.87,2020,240730,0,2026-01-03T08:51:13.934074
2.0678621144444445,3972,1.75,16.68,2020,240734,0,2026-01-03T08:51:25.334305
2.0710288141666666,3973,2.0,16.56,2020,240776,0,2026-01-03T08:51:36.734424
2.074195511666667,3974,1.75,16.68,2020,240732,0,2026-01-03T08:51:48.134535
2.0773622238888887,3975,2.0,16.93,2022,240738,0,2026-01-03T08:51:59.534699
2.0805289355555554,3976,1.25,16.56,2024,240764,0,2026-01-03T08:52:10.934861
2.0836956583333333,3977,1.5,16.75,2020,240762,0,2026-01-03T08:52:22.335063
2.0868624113888887,3978,1.75,16.68,2020,240768,0,2026-01-03T08:52:33.735374
2.0900290966666666,3979,1.75,16.81,2020,240776,0,2026-01-03T08:52:45.135441
2.093195774722222,3980,1.75,16.62,2020,240802,0,2026-01-03T08:52:56.535482
2.096362480833333,3981,2.0,16.62,2020,240818,0,2026-01-03T08:53:07.935624
2.099529248888889,3982,1.75,16.5,2022,240812,0,2026-01-03T08:53:19.335989
2.1026959794444444,3983,1.25,16.62,2022,240854,0,2026-01-03T08:53:30.736219
2.1058626597222223,3984,1.25,16.56,2020,240852,0,2026-01-03T08:53:42.136268
2.1090293508333335,3985,1.75,16.68,2020,240868,0,2026-01-03T08:53:53.536356
2.1121960294444446,3986,1.75,16.75,2022,240854,0,2026-01-03T08:54:04.936399
2.1153627383333333,3987,1.5,16.62,2016,240862,0,2026-01-03T08:54:16.336551
2.1185294480555554,3988,1.75,16.75,2022,240684,0,2026-01-03T08:54:27.736706
2.1216961655555555,3989,1.5,16.68,2024,240678,0,2026-01-03T08:54:39.136889
2.124862879166667,3990,2.0,16.62,2026,240670,0,2026-01-03T08:54:50.537058
2.128029653888889,3991,2.0,16.68,2026,240666,0,2026-01-03T08:55:01.937447
2.1311963019444446,3992,1.75,16.62,2026,240682,0,2026-01-03T08:55:13.337380
2.134362985277778,3993,1.75,16.81,2026,240672,0,2026-01-03T08:55:24.737440
2.1375297191666665,3994,0.0,0.0,2026,240678,1,2026-01-03T08:55:36.137682
2.1406964719444446,3995,2.0,16.68,2026,240704,0,2026-01-03T08:55:47.537992
2.1438632177777777,3996,1.75,16.68,2026,240696,0,2026-01-03T08:55:58.938277
2.1470299069444443,3997,2.0,16.62,2026,240686,0,2026-01-03T08:56:10.338358
2.1501965594444443,3998,2.0,16.75,2026,240682,0,2026-01-03T08:56:21.738307
2.1533632516666668,3999,1.75,16.62,2026,240696,0,2026-01-03T08:56:33.138399
2.1565299622222223,4000,1.75,16.62,2028,240696,0,2026-01-03T08:56:44.538557
2.1596967283333335,4001,1.75,16.81,2026,240718,0,2026-01-03T08:56:55.938915
2.1628633869444442,4002,2.25,16.68,2028,240712,0,2026-01-03T08:57:07.338886
2.1660301069444445,4003,1.75,16.62,2026,240686,0,2026-01-03T08:57:18.739078
2.169196853611111,4004,1.5,16.5,2026,240682,0,2026-01-03T08:57:30.139366
2.1723635263888887,4005,1.75,16.75,2028,240692,0,2026-01-03T08:57:41.539388
2.175530205,4006,2.0,16.68,2026,240676,0,2026-01-03T08:57:52.939431
2.1786969175,4007,2.0,16.81,2026,240678,0,2026-01-03T08:58:04.339596
2.1818636552777777,4008,2.0,16.75,2026,240654,0,2026-01-03T08:58:15.739852
2.1850304072222224,4009,1.5,16.75,2026,240670,0,2026-01-03T08:58:27.140159
2.188197098888889,4010,1.75,16.81,2030,240640,0,2026-01-03T08:58:38.540249
2.1913637675,4011,2.25,16.87,2030,240632,0,2026-01-03T08:58:49.940256
2.194530526111111,4012,2.0,16.75,2030,240634,0,2026-01-03T08:59:01.340587
2.1976973291666666,4013,1.5,16.81,2030,240628,0,2026-01-03T08:59:12.741078
2.2008640725,4014,1.75,16.68,2030,240632,0,2026-01-03T08:59:24.141354
2.2040307602777776,4015,1.5,16.56,2030,240616,0,2026-01-03T08:59:35.541430
2.207197525833333,4016,1.5,16.56,2030,240626,0,2026-01-03T08:59:46.941786
2.210364321388889,4017,1.75,16.68,2028,240608,0,2026-01-03T08:59:58.342250
2.2135310244444444,4018,1.75,16.62,2030,240610,0,2026-01-03T09:00:09.742381
2.21669775,4019,1.5,16.75,2030,240602,0,2026-01-03T09:00:21.142593
2.219864501111111,4020,2.0,16.75,2032,240578,0,2026-01-03T09:00:32.542897
2.223031255277778,4021,2.0,16.56,2030,240588,0,2026-01-03T09:00:43.943212
2.2261979666666667,4022,1.5,16.75,2030,240610,0,2026-01-03T09:00:55.343373
2.2293647194444444,4023,1.75,16.81,2030,240584,0,2026-01-03T09:01:06.743683
2.2325314630555555,4024,2.0,16.68,2030,240598,0,2026-01-03T09:01:18.143960
2.235698220833333,4025,1.75,16.68,2032,240604,0,2026-01-03T09:01:29.544288
2.238864954722222,4026,2.0,16.75,2030,240602,0,2026-01-03T09:01:40.944530
2.242031739722222,4027,1.75,16.62,2030,240580,0,2026-01-03T09:01:52.344956
2.2451984325,4028,1.5,16.68,2030,240574,0,2026-01-03T09:02:03.745050
2.248365171666667,4029,1.75,16.81,2028,240578,0,2026-01-03T09:02:15.145311
2.2515318994444447,4030,1.75,16.56,2032,240574,0,2026-01-03T09:02:26.545531
2.2546986913888887,4031,1.75,16.56,2030,240548,0,2026-01-03T09:02:37.945982
2.257865413333333,4032,2.0,16.75,2028,240538,0,2026-01-03T09:02:49.346181
2.261032126111111,4033,2.0,16.81,2030,240510,0,2026-01-03T09:03:00.746347
2.2641988363888887,4034,1.75,16.68,2032,240502,0,2026-01-03T09:03:12.146504
2.2673656572222223,4035,2.25,16.75,2028,240488,0,2026-01-03T09:03:23.547059
2.2705323719444443,4036,1.75,16.62,2028,240488,0,2026-01-03T09:03:34.947232
2.2736990575,4037,1.75,16.68,2028,240480,0,2026-01-03T09:03:46.347300
2.2768658080555557,4038,1.75,16.81,2028,240478,0,2026-01-03T09:03:57.747602
2.2800325425,4039,2.0,16.81,2030,240460,0,2026-01-03T09:04:09.147846
2.2831993030555555,4040,1.75,16.62,2028,240468,0,2026-01-03T09:04:20.548184
2.2863659919444443,4041,2.25,16.75,2030,240450,0,2026-01-03T09:04:31.948264
2.2895327336111113,4042,1.75,16.81,2028,240442,0,2026-01-03T09:04:43.348534
2.292699502777778,4043,1.75,16.68,2028,240426,0,2026-01-03T09:04:54.748903
2.2958661880555558,4044,1.75,16.75,2028,240434,0,2026-01-03T09:05:06.148970
2.2990329183333333,4045,2.0,16.62,2030,240444,0,2026-01-03T09:05:17.549199
2.3021996380555554,4046,1.75,16.75,2030,240456,0,2026-01-03T09:05:28.949390
2.3053663780555556,4047,1.5,16.68,2028,240456,0,2026-01-03T09:05:40.349654
2.3085331169444445,4048,2.25,16.68,2028,240448,0,2026-01-03T09:05:51.749914
2.3116998608333335,4049,1.5,16.68,2028,240432,0,2026-01-03T09:06:03.150192
2.3148665594444444,4050,1.5,16.68,2030,240424,0,2026-01-03T09:06:14.550307
2.3180333191666667,4051,1.5,16.62,2030,240426,0,2026-01-03T09:06:25.950642
2.3212000861111113,4052,1.5,16.75,2030,240418,0,2026-01-03T09:06:37.351003
2.3243668091666665,4053,1.75,16.62,2030,240448,0,2026-01-03T09:06:48.751206
2.32753349,4054,2.0,16.56,2030,240410,0,2026-01-03T09:07:00.151257
2.330700215833333,4055,1.5,16.75,2030,240398,0,2026-01-03T09:07:11.551470
2.3338669955555558,4056,2.0,16.68,2028,240254,0,2026-01-03T09:07:22.951877
2.3370337275,4057,1.75,16.68,2028,240168,0,2026-01-03T09:07:34.352112
2.340200411388889,4058,2.0,16.81,2028,240184,0,2026-01-03T09:07:45.752174
2.3433671252777777,4059,2.0,16.62,2028,240168,0,2026-01-03T09:07:57.152344
2.3465338330555556,4060,1.5,16.68,2028,240136,0,2026-01-03T09:08:08.552492
2.3497005891666665,4061,1.75,16.68,2028,240124,0,2026-01-03T09:08:19.952814
2.352867343611111,4062,1.75,16.56,2024,239918,0,2026-01-03T09:08:31.353130
2.356034028333333,4063,1.75,16.5,2026,239908,0,2026-01-03T09:08:42.753195
2.3592007444444443,4064,1.75,16.75,2024,239876,0,2026-01-03T09:08:54.153373
2.362367489722222,4065,1.5,16.56,2024,239854,0,2026-01-03T09:09:05.553656
2.3655342408333335,4066,1.5,16.62,2026,239860,0,2026-01-03T09:09:16.953960
2.3687009125,4067,1.75,16.62,2026,239844,0,2026-01-03T09:09:28.353978
2.3718676652777777,4068,1.75,16.62,2026,239822,0,2026-01-03T09:09:39.754288
2.3750343588888887,4069,2.0,16.68,2026,239804,0,2026-01-03T09:09:51.154385
2.3782011591666667,4070,1.5,16.62,2026,239818,0,2026-01-03T09:10:02.554866
2.381367863611111,4071,1.75,16.68,2026,239786,0,2026-01-03T09:10:13.955002
2.384534543888889,4072,2.0,16.68,2026,239778,0,2026-01-03T09:10:25.355051
2.387701255277778,4073,1.75,16.56,2024,239780,0,2026-01-03T09:10:36.755212
2.3908679855555555,4074,1.75,16.68,2026,239780,0,2026-01-03T09:10:48.155441
2.3940347619444444,4075,1.5,16.56,2026,239818,0,2026-01-03T09:10:59.555836
2.3972014455555555,4076,1.5,16.56,2026,239808,0,2026-01-03T09:11:10.955897
2.4003681625,4077,1.75,16.75,2026,239812,0,2026-01-03T09:11:22.356078
2.4035349069444445,4078,1.25,16.56,2026,239834,0,2026-01-03T09:11:33.756358
2.4067016036111113,4079,1.75,16.62,2026,239814,0,2026-01-03T09:11:45.156466
2.409868338611111,4080,1.75,16.56,2026,239812,0,2026-01-03T09:11:56.556712
2.413035052777778,4081,1.75,16.75,2026,239830,0,2026-01-03T09:12:07.956883
2.4162017619444445,4082,2.0,16.62,2028,239840,0,2026-01-03T09:12:19.357036
2.419368491388889,4083,1.75,16.62,2026,239826,0,2026-01-03T09:12:30.757262
2.4225352255555554,4084,2.0,16.75,2026,239822,0,2026-01-03T09:12:42.157505
2.425701935,4085,1.75,16.62,2028,239848,0,2026-01-03T09:12:53.557659
2.4288686772222223,4086,2.0,16.56,2026,239830,0,2026-01-03T09:13:04.957931
2.432035446111111,4087,2.25,16.81,2028,239844,0,2026-01-03T09:13:16.358299
2.4352021430555557,4088,1.5,16.62,2030,239830,0,2026-01-03T09:13:27.758408
2.4383688383333335,4089,1.75,16.75,2032,239828,0,2026-01-03T09:13:39.158511
2.4415355791666666,4090,1.75,16.62,2028,239816,0,2026-01-03T09:13:50.558778
2.4447022519444443,4091,1.75,16.68,2030,239802,0,2026-01-03T09:14:01.958800
2.4478689788888888,4092,1.75,16.68,2030,239794,0,2026-01-03T09:14:13.359017
2.451035696388889,4093,2.0,16.75,2028,239806,0,2026-01-03T09:14:24.759200
2.4542024025,4094,2.0,16.5,2028,239788,0,2026-01-03T09:14:36.159342
2.4573691372222224,4095,2.0,16.5,2028,239766,0,2026-01-03T09:14:47.559587
2.4605359180555557,4096,1.75,16.5,2028,239746,0,2026-01-03T09:14:58.959998
2.4637026044444443,4097,2.0,16.68,2030,239728,0,2026-01-03T09:15:10.360069
2.4668692869444446,4098,1.75,16.68,2028,239726,0,2026-01-03T09:15:21.760126
2.47003603,4099,2.0,16.68,2028,239704,0,2026-01-03T09:15:33.160401
2.473202730277778,4100,2.0,16.56,2026,239704,0,2026-01-03T09:15:44.560522
2.4763694894444446,4101,2.0,16.81,2026,239704,0,2026-01-03T09:15:55.960855
2.479536183888889,4102,1.75,16.75,2042,239702,0,2026-01-03T09:16:07.360955
2.4827028830555555,4103,1.75,16.93,2042,239690,0,2026-01-03T09:16:18.761072
2.485869639166667,4104,1.75,16.62,2042,239714,0,2026-01-03T09:16:30.161394
2.4890363041666665,4105,1.5,16.5,2040,239686,0,2026-01-03T09:16:41.561388
2.4922030247222224,4106,2.0,16.81,2042,239686,0,2026-01-03T09:16:52.961582
2.4953697669444446,4107,2.0,16.68,2040,239666,0,2026-01-03T09:17:04.361854
2.498536554722222,4108,2.0,16.56,2040,239670,0,2026-01-03T09:17:15.762290
2.5017032322222224,4109,2.25,16.68,2042,239666,0,2026-01-03T09:17:27.162329
2.5048699047222223,4110,2.0,16.56,2040,239662,0,2026-01-03T09:17:38.562350
2.508036625,4111,2.0,16.62,2040,239640,0,2026-01-03T09:17:49.962543
2.5112034058333332,4112,1.75,16.62,2040,239654,0,2026-01-03T09:18:01.362954
2.5143700544444445,4113,1.75,16.68,2042,239654,0,2026-01-03T09:18:12.762889
2.5175368258333335,4114,2.0,16.62,2040,239636,0,2026-01-03T09:18:24.163266
2.5207034969444444,4115,2.0,16.75,2040,239606,0,2026-01-03T09:18:35.563282
2.5238702325,4116,1.75,16.68,2040,239604,0,2026-01-03T09:18:46.963530
2.527036921666667,4117,1.75,16.56,2040,239600,0,2026-01-03T09:18:58.363611
2.5302036547222224,4118,2.0,16.43,2040,239600,0,2026-01-03T09:19:09.763850
2.5333703697222223,4119,1.75,16.62,2038,239590,0,2026-01-03T09:19:21.164024
2.5365371044444442,4120,1.75,16.62,2040,239572,0,2026-01-03T09:19:32.564269
2.5397038033333335,4121,1.75,16.56,2040,239554,0,2026-01-03T09:19:43.964385
2.5428705311111113,4122,2.0,16.68,2040,239548,0,2026-01-03T09:19:55.364605
2.5460372580555557,4123,1.75,16.68,2044,239530,0,2026-01-03T09:20:06.764822
2.549203976111111,4124,1.75,16.68,2042,239518,0,2026-01-03T09:20:18.165007
2.5523707158333333,4125,2.0,16.68,2042,239520,0,2026-01-03T09:20:29.565270
2.555537433611111,4126,1.75,16.56,2038,239508,0,2026-01-03T09:20:40.965454
2.558704111111111,4127,2.0,16.56,2038,239452,0,2026-01-03T09:20:52.365493
2.561870842222222,4128,1.5,16.62,2038,239464,0,2026-01-03T09:21:03.765725
2.5650375569444446,4129,2.0,16.56,2036,239450,0,2026-01-03T09:21:15.165898
2.5682042983333333,4130,2.0,16.68,2038,239424,0,2026-01-03T09:21:26.566167
2.5713709566666667,4131,0.0,0.0,2036,239362,1,2026-01-03T09:21:37.966137
2.5745376994444444,4132,2.0,16.81,2036,239358,0,2026-01-03T09:21:49.366411
2.57770441,4133,1.75,16.56,2038,239362,0,2026-01-03T09:22:00.766569
2.5808711475,4134,1.25,16.75,2036,239348,0,2026-01-03T09:22:12.166824
2.5840378944444446,4135,1.75,16.56,2036,239330,0,2026-01-03T09:22:23.567113
2.5872045775,4136,1.75,16.62,2034,239302,0,2026-01-03T09:22:34.967172
2.5903712688888887,4137,1.75,16.68,2036,239296,0,2026-01-03T09:22:46.367261
2.593537989166667,4138,2.0,16.56,2036,239302,0,2026-01-03T09:22:57.767454
2.596704691111111,4139,1.75,16.68,2036,239284,0,2026-01-03T09:23:09.167581
2.599871457222222,4140,1.5,16.56,2036,239276,0,2026-01-03T09:23:20.567939
2.6030381366666666,4141,1.75,16.56,2034,239216,0,2026-01-03T09:23:31.967985
2.606204870277778,4142,2.0,16.62,2038,239210,0,2026-01-03T09:23:43.368226
2.6093715780555558,4143,2.0,16.62,2036,239180,0,2026-01-03T09:23:54.768374
2.6125382802777777,4144,1.75,16.62,2038,239162,0,2026-01-03T09:24:06.168502
2.6157049933333334,4145,2.0,16.68,2036,239182,0,2026-01-03T09:24:17.568669
2.618871718333333,4146,2.0,16.68,2038,239166,0,2026-01-03T09:24:28.968879
2.6220384825,4147,1.5,16.81,2038,239160,0,2026-01-03T09:24:40.369230
2.6252051666666665,4148,1.75,16.62,2038,239038,0,2026-01-03T09:24:51.769293
2.6283718516666665,4149,2.25,16.62,2036,238912,0,2026-01-03T09:25:03.169359
2.6315385711111112,4150,1.75,16.62,2038,238886,0,2026-01-03T09:25:14.569549
2.634705347777778,4151,2.0,16.5,2036,238854,0,2026-01-03T09:25:25.969945
2.6378720680555556,4152,1.75,16.5,2038,238856,0,2026-01-03T09:25:37.370138
2.641038766388889,4153,2.0,16.75,2038,238826,0,2026-01-03T09:25:48.770252
2.644205486666667,4154,2.25,16.62,2038,238814,0,2026-01-03T09:26:00.170445
2.6473721533333334,4155,1.75,16.75,2040,238800,0,2026-01-03T09:26:11.570445
2.6505389430555555,4156,1.75,16.5,2038,238788,0,2026-01-03T09:26:22.970888
2.6537056344444445,4157,1.75,16.68,2040,238776,0,2026-01-03T09:26:34.370977
2.6568723247222223,4158,1.75,16.5,2038,238756,0,2026-01-03T09:26:45.771062
2.660039046388889,4159,1.75,16.81,2038,238716,0,2026-01-03T09:26:57.171260
2.663205753611111,4160,1.5,16.62,2040,238686,0,2026-01-03T09:27:08.571406
2.6663724466666667,4161,1.75,16.75,2038,238636,0,2026-01-03T09:27:19.971501
2.6695391813888887,4162,1.5,16.5,2038,238454,0,2026-01-03T09:27:31.371746
2.6727058633333334,4163,1.5,16.62,2036,238410,0,2026-01-03T09:27:42.771801
2.6758725847222222,4164,2.0,16.68,2038,238388,0,2026-01-03T09:27:54.171998
2.6790393622222224,4165,1.5,16.5,2038,238386,0,2026-01-03T09:28:05.572397
2.682206016111111,4166,1.75,16.62,2038,238382,0,2026-01-03T09:28:16.972351
2.6853727444444444,4167,2.0,16.62,2036,238358,0,2026-01-03T09:28:28.372573
2.6885394708333332,4168,1.75,16.56,2038,238378,0,2026-01-03T09:28:39.772788
2.6917061930555555,4169,2.0,16.75,2038,238346,0,2026-01-03T09:28:51.172988
2.6948729305555554,4170,2.0,16.81,2038,238300,0,2026-01-03T09:29:02.573243
2.698039600277778,4171,1.5,16.5,2038,238258,0,2026-01-03T09:29:13.973254
2.7012063116666667,4172,2.0,16.62,2038,238240,0,2026-01-03T09:29:25.373415
2.7043730905555554,4173,2.0,16.81,2038,238226,0,2026-01-03T09:29:36.773819
2.7075398016666665,4174,2.0,16.62,2040,238224,0,2026-01-03T09:29:48.173979
2.710706464722222,4175,1.75,16.68,2040,238226,0,2026-01-03T09:29:59.573966
2.713873169722222,4176,1.75,16.56,2036,238202,0,2026-01-03T09:30:10.974104
2.717039863888889,4177,2.0,16.68,2036,238228,0,2026-01-03T09:30:22.374203
2.720206580277778,4178,1.5,16.62,2038,238184,0,2026-01-03T09:30:33.774382
2.723373332222222,4179,1.5,16.68,2038,238166,0,2026-01-03T09:30:45.174689
2.7265400222222222,4180,1.75,16.62,2034,238132,0,2026-01-03T09:30:56.574773
2.729706755,4181,1.75,16.68,2036,238136,0,2026-01-03T09:31:07.975011
2.7328735047222223,4182,1.5,16.62,2036,238136,0,2026-01-03T09:31:19.375310
2.7360401855555554,4183,1.5,16.75,2038,238134,0,2026-01-03T09:31:30.775361
2.7392068830555556,4184,1.75,16.56,2038,238102,0,2026-01-03T09:31:42.175472
2.742373605277778,4185,2.0,16.68,2040,238126,0,2026-01-03T09:31:53.575672
2.745540370277778,4186,2.0,16.68,2036,238134,0,2026-01-03T09:32:04.976026
2.7487070894444443,4187,1.75,16.56,2040,238120,0,2026-01-03T09:32:16.376215
2.7518738794444446,4188,1.75,16.62,2038,238116,0,2026-01-03T09:32:27.776659
2.7550404433333333,4189,1.75,16.56,2038,238122,0,2026-01-03T09:32:39.176289
2.7582071655555556,4190,1.75,16.62,2038,238098,0,2026-01-03T09:32:50.576489
2.761373938611111,4191,1.25,16.62,2038,238102,0,2026-01-03T09:33:01.976872
2.764540618333333,4192,2.0,16.56,2040,238094,0,2026-01-03T09:33:13.376919
2.7677072719444444,4193,1.75,16.62,2038,238058,0,2026-01-03T09:33:24.776872
2.7708739658333332,4194,1.5,16.75,2038,238058,0,2026-01-03T09:33:36.176970
2.7740407138888887,4195,2.0,16.56,2038,238142,0,2026-01-03T09:33:47.577263
2.777207416388889,4196,2.0,16.75,2038,238106,0,2026-01-03T09:33:58.977392
2.7803740469444445,4197,1.75,16.62,2038,238110,0,2026-01-03T09:34:10.377262
2.7835407472222222,4198,2.0,16.56,2040,238096,0,2026-01-03T09:34:21.777383
2.786707436111111,4199,2.25,16.62,2040,238066,0,2026-01-03T09:34:33.177463
2.789874136111111,4200,1.75,16.68,2040,238054,0,2026-01-03T09:34:44.577583
2.793040832777778,4201,1.75,16.68,2040,238040,0,2026-01-03T09:34:55.977691
2.7962075175,4202,1.75,16.5,2040,238052,0,2026-01-03T09:35:07.377756
2.7993742875,4203,1.75,16.68,2040,238040,0,2026-01-03T09:35:18.778128
2.8025409772222223,4204,2.0,16.75,2040,238066,0,2026-01-03T09:35:30.178211
2.8057076569444446,4205,2.0,16.62,2040,238064,0,2026-01-03T09:35:41.578258
2.808874321111111,4206,0.0,0.0,2038,238056,1,2026-01-03T09:35:52.978249
2.8120410280555554,4207,1.5,16.62,2038,238048,0,2026-01-03T09:36:04.378394
2.8152077330555554,4208,1.75,16.56,2038,238066,0,2026-01-03T09:36:15.778532
2.8183744783333333,4209,1.75,16.37,2038,238040,0,2026-01-03T09:36:27.178815
2.821541119722222,4210,2.0,16.43,2040,238026,0,2026-01-03T09:36:38.578724
2.824707834722222,4211,1.75,16.56,2034,238028,0,2026-01-03T09:36:49.978898
2.827874584722222,4212,1.75,16.5,2034,238034,0,2026-01-03T09:37:01.379198
2.8310412302777777,4213,2.0,16.18,2036,237970,0,2026-01-03T09:37:12.779122
2.8342079566666665,4214,1.5,16.18,2036,237970,0,2026-01-03T09:37:24.179337
2.8373746447222223,4215,1.5,16.25,2036,237936,0,2026-01-03T09:37:35.579414
2.8405413172222223,4216,1.75,16.25,2036,237924,0,2026-01-03T09:37:46.979435
2.8437080166666666,4217,1.5,16.25,2036,237918,0,2026-01-03T09:37:58.379553
2.8468747313888887,4218,2.25,16.25,2036,237900,0,2026-01-03T09:38:09.779726
2.8500414283333333,4219,2.0,16.12,2034,237894,0,2026-01-03T09:38:21.179835
2.8532081377777776,4220,2.0,16.18,2034,237882,0,2026-01-03T09:38:32.579989
2.8563748947222223,4221,2.0,16.12,2038,237856,0,2026-01-03T09:38:43.980314
2.8595416022222224,4222,1.75,16.25,2034,237840,0,2026-01-03T09:38:55.380461
2.86270823,4223,1.25,16.0,2034,237814,0,2026-01-03T09:39:06.780321
2.8658749583333334,4224,2.0,16.06,2034,237808,0,2026-01-03T09:39:18.180543
2.8690417069444445,4225,2.0,16.37,2034,237782,0,2026-01-03T09:39:29.580838
2.8722084175,4226,1.75,16.06,2036,237770,0,2026-01-03T09:39:40.980996
2.8753750633333333,4227,2.0,16.18,2034,237766,0,2026-01-03T09:39:52.380921
2.878541766388889,4228,1.75,16.18,2034,237722,0,2026-01-03T09:40:03.781052
2.8817085227777777,4229,1.75,16.06,2032,237706,0,2026-01-03T09:40:15.181375
2.8848751786111113,4230,2.0,16.12,2034,237686,0,2026-01-03T09:40:26.581336
2.8880418758333333,4231,2.0,16.18,2032,237676,0,2026-01-03T09:40:37.981446
2.8912085819444444,4232,1.75,16.18,2026,237860,0,2026-01-03T09:40:49.381588
2.894375281111111,4233,1.75,16.18,2028,237830,0,2026-01-03T09:41:00.781705
2.8975419911111113,4234,1.75,16.25,2028,237846,0,2026-01-03T09:41:12.181861
2.9007087452777776,4235,1.5,16.06,2026,237854,0,2026-01-03T09:41:23.582176
2.9038753991666666,4236,1.75,15.93,2026,237840,0,2026-01-03T09:41:34.982130
2.907042116388889,4237,1.75,15.93,2024,237768,0,2026-01-03T09:41:46.382312
2.9102088005555555,4238,2.25,16.0,2024,237660,0,2026-01-03T09:41:57.782375
2.9133755130555556,4239,1.75,15.93,2022,237386,0,2026-01-03T09:42:09.182540
2.9165422072222222,4240,1.25,15.87,2020,237310,0,2026-01-03T09:42:20.582639
2.9197089380555554,4241,1.5,15.87,2020,237284,0,2026-01-03T09:42:31.982870
2.9228756655555554,4242,1.75,16.0,2020,237246,0,2026-01-03T09:42:43.383089
2.9260423841666667,4243,2.0,16.06,2022,237234,0,2026-01-03T09:42:54.783276
2.929209066388889,4244,1.5,15.87,2020,237190,0,2026-01-03T09:43:06.183332
2.9323757433333335,4245,1.75,15.87,2026,237008,0,2026-01-03T09:43:17.583369
2.935542463611111,4246,1.75,16.06,2028,236956,0,2026-01-03T09:43:28.983562
2.9387091502777776,4247,2.0,15.93,2030,236902,0,2026-01-03T09:43:40.383634
2.9418759036111113,4248,1.75,16.0,2028,236862,0,2026-01-03T09:43:51.783946
2.9450425722222224,4249,1.75,15.93,2030,236822,0,2026-01-03T09:44:03.183953
2.948209301388889,4250,2.0,15.87,2024,236820,0,2026-01-03T09:44:14.584178
2.9513760116666665,4251,2.0,15.93,2026,236768,0,2026-01-03T09:44:25.984335
2.954542703888889,4252,1.75,15.87,2026,236756,0,2026-01-03T09:44:37.384427
2.9577093980555555,4253,1.75,15.81,2026,236722,0,2026-01-03T09:44:48.784526
2.960876125,4254,1.75,15.87,2024,236690,0,2026-01-03T09:45:00.184743
2.9640428744444445,4255,2.25,15.87,2024,236650,0,2026-01-03T09:45:11.585041
2.9672095869444446,4256,1.75,15.87,2024,236630,0,2026-01-03T09:45:22.985206
2.970376242222222,4257,1.75,15.87,2022,236576,0,2026-01-03T09:45:34.385165
2.973542928888889,4258,1.25,15.87,2022,236550,0,2026-01-03T09:45:45.785237
2.9767096533333333,4259,2.0,15.87,2022,236422,0,2026-01-03T09:45:57.185445
2.9798763483333333,4260,1.75,15.87,2022,236398,0,2026-01-03T09:46:08.585547
2.98304311,4261,2.0,15.81,2022,236392,0,2026-01-03T09:46:19.985889
2.986209786388889,4262,2.0,15.87,2022,236400,0,2026-01-03T09:46:31.385924
2.989376490833333,4263,1.5,15.62,2024,236392,0,2026-01-03T09:46:42.786060
2.9925432386111113,4264,1.75,15.81,2024,236388,0,2026-01-03T09:46:54.186352
2.9957099205555555,4265,1.75,15.75,2022,236368,0,2026-01-03T09:47:05.586407
2.9988766080555553,4266,2.0,15.75,2024,236352,0,2026-01-03T09:47:16.986482
3.0020433541666667,4267,1.75,15.75,2022,236346,0,2026-01-03T09:47:28.386768
3.0052100844444443,4268,2.0,15.75,2026,236346,0,2026-01-03T09:47:39.786997
3.0083767855555554,4269,1.75,15.62,2020,236264,0,2026-01-03T09:47:51.187121
3.0115434494444444,4270,1.75,15.81,2020,236276,0,2026-01-03T09:48:02.587111
3.0147101608333333,4271,1.75,15.62,2022,236274,0,2026-01-03T09:48:13.987272
3.017876864722222,4272,1.75,15.68,2018,236272,0,2026-01-03T09:48:25.387406
3.0210436352777776,4273,1.75,15.87,2018,236252,0,2026-01-03T09:48:36.787780
3.0242103055555556,4274,1.75,15.62,2022,236250,0,2026-01-03T09:48:48.187793
3.027377001388889,4275,1.5,15.68,2022,236234,0,2026-01-03T09:48:59.587898
3.0305437722222224,4276,2.0,15.81,2018,236218,0,2026-01-03T09:49:10.988273
3.0337104530555554,4277,1.75,15.87,2020,236204,0,2026-01-03T09:49:22.388324
3.036877117222222,4278,2.0,15.81,2020,236200,0,2026-01-03T09:49:33.788315
3.0400438191666668,4279,2.0,15.87,2020,236204,0,2026-01-03T09:49:45.188442
3.0432105519444446,4280,1.25,15.62,2020,236176,0,2026-01-03T09:49:56.588680
3.0463773008333335,4281,1.75,15.81,2022,236170,0,2026-01-03T09:50:07.988976
3.049544017777778,4282,2.0,15.75,2022,236168,0,2026-01-03T09:50:19.389157
3.0527106827777777,4283,1.75,15.68,2024,236170,0,2026-01-03T09:50:30.789151
3.0558773969444446,4284,1.75,15.68,2022,236162,0,2026-01-03T09:50:42.189322
3.05904408,4285,1.75,15.68,2024,236116,0,2026-01-03T09:50:53.589381
3.0622108005555555,4286,1.75,15.62,2024,236116,0,2026-01-03T09:51:04.989575
3.0653775105555554,4287,2.0,15.75,2020,236080,0,2026-01-03T09:51:16.389731
3.068544202777778,4288,1.25,15.81,2022,236078,0,2026-01-03T09:51:27.789823
3.071711076666667,4289,1.5,15.81,2010,236052,0,2026-01-03T09:51:39.190569
3.0748776877777777,4290,2.25,15.81,2010,236028,0,2026-01-03T09:51:50.590369
3.078044356388889,4291,1.75,15.68,2010,236034,0,2026-01-03T09:52:01.990376
3.081211060833333,4292,1.75,15.87,2010,236010,0,2026-01-03T09:52:13.390512
3.084377765833333,4293,2.0,15.43,2008,235990,0,2026-01-03T09:52:24.790650
3.0875445280555556,4294,1.75,15.62,2006,235970,0,2026-01-03T09:52:36.190994
3.0907112019444445,4295,2.0,15.75,2010,235952,0,2026-01-03T09:52:47.591020
3.0938778986111113,4296,2.0,15.75,2008,235938,0,2026-01-03T09:52:58.991128
3.097044623888889,4297,1.75,15.75,2008,235912,0,2026-01-03T09:53:10.391339
3.1002113155555557,4298,1.5,15.75,2008,235886,0,2026-01-03T09:53:21.791429
3.103378054722222,4299,2.0,15.62,2008,235858,0,2026-01-03T09:53:33.191690
3.1065447552777776,4300,1.5,15.62,2006,235840,0,2026-01-03T09:53:44.591812
3.1097114733333333,4301,2.0,15.75,2008,235848,0,2026-01-03T09:53:55.991997
3.112878230277778,4302,2.25,15.68,2010,235816,0,2026-01-03T09:54:07.392322
3.1160449197222224,4303,1.25,15.87,2010,235796,0,2026-01-03T09:54:18.792404
3.1192115830555553,4304,1.75,15.75,2008,235768,0,2026-01-03T09:54:30.192392
3.122378299722222,4305,1.75,15.5,2008,235754,0,2026-01-03T09:54:41.592572
3.1255450355555556,4306,1.25,15.56,2008,235742,0,2026-01-03T09:54:52.992821
3.128711722222222,4307,1.75,15.56,2008,235702,0,2026-01-03T09:55:04.392893
3.131878478888889,4308,1.5,15.5,2008,235714,0,2026-01-03T09:55:15.793217
3.1350451369444445,4309,1.75,15.56,2010,235694,0,2026-01-03T09:55:27.193186
3.1382118563888888,4310,1.75,15.62,2008,235660,0,2026-01-03T09:55:38.593376
3.1413785475,4311,1.75,15.62,2008,235632,0,2026-01-03T09:55:49.993464
3.1445453444444444,4312,2.0,15.62,2010,235630,0,2026-01-03T09:56:01.393933
3.1477119933333335,4313,1.75,15.56,2012,235596,0,2026-01-03T09:56:12.793869
3.1508787341666666,4314,2.0,15.56,2010,235580,0,2026-01-03T09:56:24.194136
3.154045411111111,4315,2.0,15.62,2010,235578,0,2026-01-03T09:56:35.594173
3.157212125,4316,1.5,15.43,2010,235572,0,2026-01-03T09:56:46.994343
3.1603788205555556,4317,2.5,15.62,2010,235562,0,2026-01-03T09:56:58.394447
3.163545561111111,4318,1.5,15.43,2008,235538,0,2026-01-03T09:57:09.794713
3.166712249166667,4319,1.75,15.31,2010,235542,0,2026-01-03T09:57:21.194790
3.1698790297222224,4320,1.75,15.37,2010,235534,0,2026-01-03T09:57:32.595200
3.1730457105555554,4321,2.0,15.5,2012,235504,0,2026-01-03T09:57:43.995251
3.1762123858333333,4322,1.75,15.31,2010,235520,0,2026-01-03T09:57:55.395282
3.179379102777778,4323,1.75,15.56,2012,235490,0,2026-01-03T09:58:06.795463
3.182545906666667,4324,2.0,15.56,2012,235486,0,2026-01-03T09:58:18.195957
3.185712535,4325,2.0,15.5,2010,235454,0,2026-01-03T09:58:29.595819
3.188879261111111,4326,2.0,15.43,2012,235424,0,2026-01-03T09:58:40.996033
3.192045975277778,4327,2.0,15.43,2012,235398,0,2026-01-03T09:58:52.396204
3.1952126691666667,4328,1.5,15.31,2012,235374,0,2026-01-03T09:59:03.796302
3.198379375277778,4329,1.5,15.37,2012,235366,0,2026-01-03T09:59:15.196444
3.201546081388889,4330,1.75,15.18,2012,235350,0,2026-01-03T09:59:26.596586
3.204712794166667,4331,2.0,15.5,2012,235324,0,2026-01-03T09:59:37.996752
3.2078795438888887,4332,2.25,15.56,2012,235280,0,2026-01-03T09:59:49.397051
3.211046282222222,4333,1.75,15.43,2014,235260,0,2026-01-03T10:00:00.797309
3.214212941111111,4334,1.75,15.56,2014,235236,0,2026-01-03T10:00:12.197281
3.2173796644444446,4335,1.5,15.37,2012,235196,0,2026-01-03T10:00:23.597485
3.2205464038888887,4336,1.75,15.62,2016,235182,0,2026-01-03T10:00:34.997747
3.2237130594444445,4337,1.5,15.18,2014,235138,0,2026-01-03T10:00:46.397707
3.226879779722222,4338,1.25,15.31,2016,235096,0,2026-01-03T10:00:57.797900
3.2300465033333334,4339,1.5,15.31,2014,235056,0,2026-01-03T10:01:09.198105
3.23321323,4340,1.75,15.25,2016,235030,0,2026-01-03T10:01:20.598321
3.2363799205555557,4341,1.75,15.18,2016,234998,0,2026-01-03T10:01:31.998407
3.2395466269444446,4342,2.0,15.37,2016,234968,0,2026-01-03T10:01:43.398550
3.2427133386111113,4343,2.0,15.5,2016,234938,0,2026-01-03T10:01:54.798712
3.245880083888889,4344,1.75,15.37,2018,234946,0,2026-01-03T10:02:06.198995
3.249046828611111,4345,1.75,15.25,2016,234924,0,2026-01-03T10:02:17.599276
3.2522135194444446,4346,1.25,15.56,2020,234916,0,2026-01-03T10:02:28.999363
3.255380197777778,4347,1.5,15.31,2020,234870,0,2026-01-03T10:02:40.399405
3.258546899166667,4348,1.5,15.43,2018,234858,0,2026-01-03T10:02:51.799530
3.2617137527777778,4349,2.0,15.62,2020,234854,0,2026-01-03T10:03:03.200203
3.2648803933333332,4350,1.75,15.56,2020,234852,0,2026-01-03T10:03:14.600109
3.2680470569444444,4351,1.75,15.37,2020,234772,0,2026-01-03T10:03:26.000098
3.2712137633333334,4352,2.0,15.62,2022,234752,0,2026-01-03T10:03:37.400241
3.274380511388889,4353,1.5,15.43,2022,234744,0,2026-01-03T10:03:48.800534
3.2775472125,4354,1.5,15.43,2022,234686,0,2026-01-03T10:04:00.200658
3.280713928611111,4355,1.75,15.37,2022,234668,0,2026-01-03T10:04:11.600836
3.2838806144444446,4356,1.75,15.37,2020,234658,0,2026-01-03T10:04:23.000905
3.287047443888889,4357,2.0,15.5,2020,234618,0,2026-01-03T10:04:34.401491
3.290214082222222,4358,2.0,15.62,2020,234554,0,2026-01-03T10:04:45.801389
3.293380762222222,4359,1.75,15.62,2020,234572,0,2026-01-03T10:04:57.201437
3.296547455833333,4360,1.75,15.37,2020,234538,0,2026-01-03T10:05:08.601534
3.2997141819444447,4361,1.5,15.37,2022,234480,0,2026-01-03T10:05:20.001748
3.3028809469444442,4362,1.75,15.43,2020,234450,0,2026-01-03T10:05:31.402102
3.306047659722222,4363,1.75,15.56,2018,234418,0,2026-01-03T10:05:42.802268
3.3092143030555556,4364,1.5,15.62,2018,234394,0,2026-01-03T10:05:54.202184
3.3123810441666666,4365,2.0,15.62,2020,234404,0,2026-01-03T10:06:05.602452
3.315547738333333,4366,2.0,15.68,2020,234384,0,2026-01-03T10:06:17.002551
3.318714459722222,4367,1.75,15.56,2020,234372,0,2026-01-03T10:06:28.402748
3.321881162222222,4368,1.75,15.75,2020,234344,0,2026-01-03T10:06:39.802877
3.3250478894444444,4369,2.0,15.68,2018,234344,0,2026-01-03T10:06:51.203095
3.3282146416666665,4370,1.5,15.68,2018,234310,0,2026-01-03T10:07:02.603403
3.3313813083333335,4371,1.5,15.62,2018,234294,0,2026-01-03T10:07:14.003403
3.3345479625,4372,2.0,15.68,2018,234270,0,2026-01-03T10:07:25.403358
3.337714630833333,4373,1.75,15.75,2018,234266,0,2026-01-03T10:07:36.803364
3.340881335,4374,1.5,15.62,2020,234256,0,2026-01-03T10:07:48.203499
3.3440480105555555,4375,2.0,15.62,2020,234238,0,2026-01-03T10:07:59.603531
3.3472147283333333,4376,2.0,15.87,2022,234206,0,2026-01-03T10:08:11.003715
3.3503813891666665,4377,1.75,15.68,2022,234226,0,2026-01-03T10:08:22.403694
3.3535480888888887,4378,1.75,15.68,2020,234200,0,2026-01-03T10:08:33.803813
3.356714766111111,4379,2.0,15.68,2022,234194,0,2026-01-03T10:08:45.203851
3.359881508611111,4380,1.5,15.87,2022,234160,0,2026-01-03T10:08:56.604124
3.363048147222222,4381,2.0,15.87,2024,234124,0,2026-01-03T10:09:08.004023
3.366214856388889,4382,2.0,15.68,2024,234104,0,2026-01-03T10:09:19.404176
3.3693815825,4383,2.0,15.87,2024,234104,0,2026-01-03T10:09:30.804390
3.372548249722222,4384,2.0,15.75,2024,234102,0,2026-01-03T10:09:42.204392
3.3757149016666665,4385,1.5,15.68,2022,234074,0,2026-01-03T10:09:53.604339
3.3788815916666666,4386,2.0,15.81,2022,234054,0,2026-01-03T10:10:05.004423
3.382048277777778,4387,1.75,15.81,2022,234042,0,2026-01-03T10:10:16.404493
3.385215055833333,4388,1.75,15.81,2022,234066,0,2026-01-03T10:10:27.804894
3.3883816733333334,4389,1.75,15.68,2024,234070,0,2026-01-03T10:10:39.204717
3.391548351388889,4390,1.5,15.75,2024,234068,0,2026-01-03T10:10:50.604758
3.3947150683333334,4391,1.75,15.87,2024,234046,0,2026-01-03T10:11:02.004939
3.397881798333333,4392,1.75,15.87,2022,234056,0,2026-01-03T10:11:13.405167
3.4010484680555555,4393,1.5,15.87,2024,234024,0,2026-01-03T10:11:24.805178
3.4042151180555558,4394,1.75,15.75,2022,234020,0,2026-01-03T10:11:36.205118
3.4073818344444446,4395,2.0,15.75,2022,234002,0,2026-01-03T10:11:47.605297
3.4105485075,4396,1.5,15.62,2018,234002,0,2026-01-03T10:11:59.005320
3.413715211111111,4397,1.75,15.93,2020,234006,0,2026-01-03T10:12:10.405453
3.4168819194444446,4398,1.75,15.87,2022,233964,0,2026-01-03T10:12:21.805603
3.4200486269444443,4399,2.0,15.87,2022,233964,0,2026-01-03T10:12:33.205750
3.423215305,4400,1.5,15.87,2022,233936,0,2026-01-03T10:12:44.605791
3.4263819883333335,4401,1.5,15.87,2022,233930,0,2026-01-03T10:12:56.005851
3.4295486955555554,4402,2.0,15.87,2022,233894,0,2026-01-03T10:13:07.405997
3.432715398611111,4403,1.75,15.75,2022,233842,0,2026-01-03T10:13:18.806128
3.4358820894444446,4404,1.5,15.87,2024,233832,0,2026-01-03T10:13:30.206215
3.439048802222222,4405,2.0,16.0,2024,233830,0,2026-01-03T10:13:41.606381
3.442215468888889,4406,1.75,15.87,2024,233844,0,2026-01-03T10:13:53.006381
3.4453821680555556,4407,2.0,15.87,2024,233856,0,2026-01-03T10:14:04.406498
3.4485488775,4408,1.75,15.87,2024,233848,0,2026-01-03T10:14:15.806652
3.4517156,4409,1.25,16.0,2018,233852,0,2026-01-03T10:14:27.206853
3.4548822683333333,4410,1.5,15.87,2016,233840,0,2026-01-03T10:14:38.606859
3.4580489741666667,4411,1.75,15.81,2016,233832,0,2026-01-03T10:14:50.007000
3.461215670277778,4412,2.0,15.93,2022,233850,0,2026-01-03T10:15:01.407106
3.4643824086111112,4413,1.75,15.93,2020,233828,0,2026-01-03T10:15:12.807364
3.467549066666667,4414,1.75,15.93,2024,233808,0,2026-01-03T10:15:24.207333
3.4707157583333332,4415,2.0,15.87,2022,233810,0,2026-01-03T10:15:35.607423
3.4738824652777778,4416,1.75,15.87,2024,233790,0,2026-01-03T10:15:47.007568
3.4770491544444444,4417,1.75,15.87,2024,233790,0,2026-01-03T10:15:58.407649
3.4802158552777778,4418,1.5,15.87,2024,233760,0,2026-01-03T10:16:09.807772
3.483382554722222,4419,2.0,16.06,2024,233752,0,2026-01-03T10:16:21.207890
3.486549275,4420,2.0,15.93,2026,233708,0,2026-01-03T10:16:32.608083
3.4897159472222223,4421,2.0,15.93,2026,233676,0,2026-01-03T10:16:44.008103
3.4928826833333333,4422,1.75,16.0,2026,233614,0,2026-01-03T10:16:55.408353
3.496049362777778,4423,1.75,16.06,2028,233634,0,2026-01-03T10:17:06.808399
3.499216057222222,4424,1.75,15.87,2028,233594,0,2026-01-03T10:17:18.208499
3.5023827566666665,4425,1.75,15.87,2028,233616,0,2026-01-03T10:17:29.608617
3.5055494305555555,4426,1.5,15.87,2028,233582,0,2026-01-03T10:17:41.008643
3.508716209166667,4427,1.75,16.06,2030,233570,0,2026-01-03T10:17:52.409046
3.511882863333333,4428,1.75,15.87,2028,233542,0,2026-01-03T10:18:03.809001
3.5150495658333334,4429,1.5,15.87,2030,233528,0,2026-01-03T10:18:15.209130
3.5182162519444447,4430,1.75,15.87,2030,233500,0,2026-01-03T10:18:26.609200
3.521382945277778,4431,1.75,16.06,2028,233486,0,2026-01-03T10:18:38.009296
3.5245496666666667,4432,1.75,16.06,2028,233468,0,2026-01-03T10:18:49.409493
3.5277163594444443,4433,1.25,16.0,2028,233422,0,2026-01-03T10:19:00.809587
3.5308830591666664,4434,2.25,16.31,2026,233444,0,2026-01-03T10:19:12.209706
3.534049829722222,4435,1.5,16.0,2028,233424,0,2026-01-03T10:19:23.610080
3.5372164683333334,4436,1.25,16.06,2030,233392,0,2026-01-03T10:19:35.009979
3.5403831569444444,4437,1.75,15.93,2026,233374,0,2026-01-03T10:19:46.410058
3.5435499144444442,4438,2.0,16.06,2030,233346,0,2026-01-03T10:19:57.810385
3.546716591111111,4439,2.25,16.06,2028,233322,0,2026-01-03T10:20:09.210421
3.54988327,4440,1.25,16.0,2028,233240,0,2026-01-03T10:20:20.610465
3.553049975,4441,1.5,16.06,2028,233216,0,2026-01-03T10:20:32.010603
3.5562166752777777,4442,1.75,15.87,2030,233202,0,2026-01-03T10:20:43.410724
3.5593833902777776,4443,1.5,15.87,2028,233176,0,2026-01-03T10:20:54.810898
3.5625501480555557,4444,2.0,16.12,2032,233200,0,2026-01-03T10:21:06.211226
3.565716800277778,4445,1.75,15.87,2030,233196,0,2026-01-03T10:21:17.611174
3.5688835008333335,4446,1.75,16.12,2030,233190,0,2026-01-03T10:21:29.011296
3.5720501911111113,4447,2.0,16.12,2030,233180,0,2026-01-03T10:21:40.411381
3.575216913333333,4448,1.5,16.0,2030,233180,0,2026-01-03T10:21:51.811581
3.578383601388889,4449,1.75,15.93,2030,233170,0,2026-01-03T10:22:03.211658
3.581550306388889,4450,1.25,16.0,2032,233156,0,2026-01-03T10:22:14.611796
3.584717016111111,4451,1.25,16.0,2032,233172,0,2026-01-03T10:22:26.011951
3.587883723611111,4452,2.0,16.0,2032,233148,0,2026-01-03T10:22:37.412098
3.591050427222222,4453,2.0,15.93,2032,233152,0,2026-01-03T10:22:48.812231
3.5942171233333333,4454,1.75,15.93,2030,233114,0,2026-01-03T10:23:00.212337
3.597383812222222,4455,1.75,16.0,2030,233110,0,2026-01-03T10:23:11.612417
3.600550533611111,4456,1.25,16.0,2030,233094,0,2026-01-03T10:23:23.012614
3.6037172680555556,4457,2.0,16.0,2034,233094,0,2026-01-03T10:23:34.412858
3.6068840936111113,4458,2.5,16.12,2032,233068,0,2026-01-03T10:23:45.813430
3.6100506483333334,4459,1.5,16.06,2032,233050,0,2026-01-03T10:23:57.213027
3.6132173530555556,4460,1.5,16.12,2032,233036,0,2026-01-03T10:24:08.613164
3.616384053888889,4461,2.0,15.93,2032,233030,0,2026-01-03T10:24:20.013287
3.6195507433333334,4462,1.75,15.93,2034,233018,0,2026-01-03T10:24:31.413369
3.622717462222222,4463,1.75,16.12,2032,233026,0,2026-01-03T10:24:42.813557
3.625884226666667,4464,2.0,16.0,2034,233032,0,2026-01-03T10:24:54.213909
3.6290509230555554,4465,1.75,16.12,2032,233028,0,2026-01-03T10:25:05.614016
3.6322177191666665,4466,1.75,16.12,2032,233032,0,2026-01-03T10:25:17.014482
3.6353842880555556,4467,2.0,16.06,2032,233028,0,2026-01-03T10:25:28.414130
3.638550979166667,4468,1.75,15.93,2032,233008,0,2026-01-03T10:25:39.814218
3.641717693888889,4469,2.25,16.06,2036,233002,0,2026-01-03T10:25:51.214391
3.6448845213888887,4470,1.75,16.12,2034,232986,0,2026-01-03T10:26:02.614970
3.648051098888889,4471,1.75,16.06,2032,232974,0,2026-01-03T10:26:14.014649
3.651217791666667,4472,1.5,16.0,2032,232944,0,2026-01-03T10:26:25.414743
3.6543845638888888,4473,2.0,16.18,2034,232956,0,2026-01-03T10:26:36.815123
3.6575512269444443,4474,2.0,16.12,2034,232920,0,2026-01-03T10:26:48.215110
3.6607179094444446,4475,2.0,16.12,2036,232880,0,2026-01-03T10:26:59.615167
3.6638848930555556,4476,1.5,15.93,2034,232850,0,2026-01-03T10:27:11.016308
3.667051323611111,4477,2.0,16.12,2036,232806,0,2026-01-03T10:27:22.415458
3.6702180894444445,4478,1.75,16.06,2036,232788,0,2026-01-03T10:27:33.815815
3.673384741111111,4479,1.75,16.0,2034,232784,0,2026-01-03T10:27:45.215761
3.676551447777778,4480,1.75,15.93,2034,232770,0,2026-01-03T10:27:56.615905
3.6797181338888887,4481,2.0,16.06,2034,232792,0,2026-01-03T10:28:08.015975
3.6828849133333335,4482,2.0,16.06,2036,232802,0,2026-01-03T10:28:19.416381
3.686051544166667,4483,1.75,16.06,2038,232794,0,2026-01-03T10:28:30.816252
3.6892182641666666,4484,1.5,15.87,2038,232782,0,2026-01-03T10:28:42.216444
3.6923849738888888,4485,2.0,16.12,2036,232760,0,2026-01-03T10:28:53.616599
3.6955516833333335,4486,2.0,16.06,2038,232748,0,2026-01-03T10:29:05.016753
3.6987184075,4487,2.0,15.93,2036,232722,0,2026-01-03T10:29:16.416960
3.7018850925,4488,1.75,16.06,2036,232680,0,2026-01-03T10:29:27.817026
3.705051798611111,4489,1.75,16.12,2038,232698,0,2026-01-03T10:29:39.217168
3.708218508333333,4490,1.75,16.18,2038,232702,0,2026-01-03T10:29:50.617323
3.711385196666667,4491,2.0,15.93,2038,232678,0,2026-01-03T10:30:02.017401
3.714551907777778,4492,1.75,16.06,2040,232684,0,2026-01-03T10:30:13.417561
3.7177186416666665,4493,1.5,16.06,2042,232676,0,2026-01-03T10:30:24.817803
3.72088538,4494,1.5,16.0,2044,232684,0,2026-01-03T10:30:36.218061
3.7240520791666665,4495,2.0,16.18,2044,232658,0,2026-01-03T10:30:47.618178
3.7272187266666665,4496,1.75,16.0,2044,232660,0,2026-01-03T10:30:59.018109
3.7303854680555557,4497,2.0,16.06,2042,232644,0,2026-01-03T10:31:10.418378
3.7335521538888887,4498,2.0,16.06,2044,232618,0,2026-01-03T10:31:21.818447
3.7367188519444445,4499,1.75,16.12,2042,232628,0,2026-01-03T10:31:33.218560
3.7398855694444446,4500,1.75,16.12,2044,232620,0,2026-01-03T10:31:44.618743
3.743052253888889,4501,1.75,16.18,2044,232620,0,2026-01-03T10:31:56.018807
3.7462189597222224,4502,1.75,16.06,2044,232600,0,2026-01-03T10:32:07.418948
3.7493857244444446,4503,1.25,16.12,2042,232570,0,2026-01-03T10:32:18.819301
3.7525523908333334,4504,1.75,16.12,2042,232560,0,2026-01-03T10:32:30.219300
3.755719081666667,4505,1.75,16.12,2042,232540,0,2026-01-03T10:32:41.619387
3.758885816111111,4506,1.75,16.12,2042,232466,0,2026-01-03T10:32:53.019631
3.7620524838888887,4507,1.5,16.12,2044,232460,0,2026-01-03T10:33:04.419635
3.7652192063888887,4508,2.0,16.18,2042,232464,0,2026-01-03T10:33:15.819836
3.7683859261111112,4509,1.5,16.0,2042,232430,0,2026-01-03T10:33:27.220027
3.7715526391666665,4510,2.0,16.25,2044,232390,0,2026-01-03T10:33:38.620194
3.7747193333333335,4511,1.5,16.12,2044,232340,0,2026-01-03T10:33:50.020293
3.7778860219444446,4512,1.75,16.0,2042,232332,0,2026-01-03T10:34:01.420372
3.781052756111111,4513,1.5,16.25,2042,232318,0,2026-01-03T10:34:12.820615
3.784219445,4514,1.75,16.06,2046,232332,0,2026-01-03T10:34:24.220695
3.787386148888889,4515,2.0,16.12,2046,232308,0,2026-01-03T10:34:35.620829
3.7905528708333334,4516,1.25,16.18,2044,232302,0,2026-01-03T10:34:47.021028
3.7937195577777776,4517,1.75,16.18,2044,232300,0,2026-01-03T10:34:58.421101
3.7968862705555555,4518,1.75,16.18,2042,232294,0,2026-01-03T10:35:09.821267
3.80005301,4519,1.75,16.0,2044,232278,0,2026-01-03T10:35:21.221529
3.8032196855555553,4520,1.5,16.25,2046,232256,0,2026-01-03T10:35:32.621561
3.8063863955555557,4521,1.75,16.25,2046,232264,0,2026-01-03T10:35:44.021717
3.8095531027777776,4522,2.25,16.25,2046,232238,0,2026-01-03T10:35:55.421863
3.8127198044444444,4523,1.5,16.18,2046,232256,0,2026-01-03T10:36:06.821989
3.8158865466666665,4524,1.75,16.18,2048,232216,0,2026-01-03T10:36:18.222261
3.8190532508333335,4525,1.5,16.12,2048,232176,0,2026-01-03T10:36:29.622396
3.822219938888889,4526,2.0,16.31,2048,232144,0,2026-01-03T10:36:41.022473
3.8253866494444444,4527,1.5,16.25,2048,232112,0,2026-01-03T10:36:52.422631
3.828553338888889,4528,1.5,16.06,2050,232112,0,2026-01-03T10:37:03.822713
3.8317200583333335,4529,2.0,16.18,2052,232072,0,2026-01-03T10:37:15.222903
3.834886775,4530,2.0,16.25,2050,232076,0,2026-01-03T10:37:26.623083
3.8380534594444446,4531,1.75,16.12,2050,232084,0,2026-01-03T10:37:38.023147
3.841220182222222,4532,2.0,16.12,2052,232106,0,2026-01-03T10:37:49.423349
3.84438688,4533,1.75,16.18,2052,232056,0,2026-01-03T10:38:00.823461
3.8475536280555556,4534,2.0,16.18,2052,232006,0,2026-01-03T10:38:12.223754
3.8507202938888887,4535,2.0,16.18,2050,231988,0,2026-01-03T10:38:23.623751
3.853886996388889,4536,1.75,16.12,2052,231990,0,2026-01-03T10:38:35.023880
3.857053736666667,4537,2.0,16.25,2052,231976,0,2026-01-03T10:38:46.424145
3.860220439722222,4538,1.75,16.12,2050,231940,0,2026-01-03T10:38:57.824276
3.8633871144444445,4539,1.5,16.18,2050,231894,0,2026-01-03T10:39:09.224305
3.866553823333333,4540,2.0,16.18,2050,231776,0,2026-01-03T10:39:20.624457
3.869720545,4541,2.0,16.31,2048,231702,0,2026-01-03T10:39:32.024655
3.872887239166667,4542,2.0,16.18,2048,231646,0,2026-01-03T10:39:43.424754
3.876053973611111,4543,2.0,16.18,2048,231624,0,2026-01-03T10:39:54.824998
3.8792206497222224,4544,1.75,16.25,2050,231582,0,2026-01-03T10:40:06.225032
3.882387402777778,4545,2.25,16.31,2044,231310,0,2026-01-03T10:40:17.625343
3.8855540658333334,4546,1.5,16.12,2046,231322,0,2026-01-03T10:40:29.025330
3.8887207561111112,4547,2.0,16.12,2044,231298,0,2026-01-03T10:40:40.425415
3.891887508888889,4548,1.5,16.06,2044,231280,0,2026-01-03T10:40:51.825725
3.895054220277778,4549,1.5,16.12,2046,231242,0,2026-01-03T10:41:03.225886
3.8982209580555556,4550,2.0,16.31,2044,231220,0,2026-01-03T10:41:14.626142
3.9013876286111113,4551,1.75,16.18,2044,231194,0,2026-01-03T10:41:26.026156
3.9045543425,4552,1.75,16.25,2046,231194,0,2026-01-03T10:41:37.426326
3.907721082777778,4553,1.25,16.18,2046,231162,0,2026-01-03T10:41:48.826591
3.910887846111111,4554,2.25,16.43,2044,231162,0,2026-01-03T10:42:00.226939
3.9140545569444445,4555,1.5,16.18,2044,231108,0,2026-01-03T10:42:11.627098
3.9172212244444444,4556,1.75,16.25,2044,231100,0,2026-01-03T10:42:23.027101
3.9203879580555556,4557,2.0,16.25,2046,231112,0,2026-01-03T10:42:34.427342
3.9235546525,4558,1.75,16.12,2046,231116,0,2026-01-03T10:42:45.827442
3.926721377222222,4559,1.75,16.18,2046,231140,0,2026-01-03T10:42:57.227651
3.929888131111111,4560,1.75,16.25,2046,231110,0,2026-01-03T10:43:08.627965
3.9330548258333335,4561,1.75,16.18,2044,231098,0,2026-01-03T10:43:20.028066
3.936221522222222,4562,1.5,16.12,2046,231102,0,2026-01-03T10:43:31.428173
3.939388238888889,4563,1.5,16.18,2046,231104,0,2026-01-03T10:43:42.828353
3.942554954722222,4564,1.75,16.25,2046,231094,0,2026-01-03T10:43:54.228530
3.945721693888889,4565,1.75,16.18,2046,231072,0,2026-01-03T10:44:05.628791
3.948888422777778,4566,1.5,16.12,2046,231076,0,2026-01-03T10:44:17.029015
3.952055116388889,4567,1.75,16.25,2046,231042,0,2026-01-03T10:44:28.429112
3.9552218469444442,4568,2.0,16.31,2048,231026,0,2026-01-03T10:44:39.829342
3.9583885255555558,4569,1.5,16.25,2046,231012,0,2026-01-03T10:44:51.229385
3.9615552722222223,4570,2.0,16.18,2046,231008,0,2026-01-03T10:45:02.629673
3.9647220497222224,4571,2.0,16.37,2046,230994,0,2026-01-03T10:45:14.030072
3.9678887683333333,4572,1.75,16.31,2046,230980,0,2026-01-03T10:45:25.430259
3.971055443888889,4573,1.75,16.31,2046,230968,0,2026-01-03T10:45:36.830291
3.974222138611111,4574,1.75,16.18,2046,230952,0,2026-01-03T10:45:48.230392
3.9773888455555557,4575,1.75,16.31,2046,230908,0,2026-01-03T10:45:59.630537
3.9805555808333333,4576,1.75,16.12,2044,230888,0,2026-01-03T10:46:11.030784
3.98372228,4577,1.5,16.37,2044,230880,0,2026-01-03T10:46:22.430901
3.986888995,4578,2.0,16.18,2044,230846,0,2026-01-03T10:46:33.831075
3.9900557305555555,4579,1.75,16.25,2046,230796,0,2026-01-03T10:46:45.231323
3.9932224127777776,4580,1.75,16.18,2044,230782,0,2026-01-03T10:46:56.631379
3.9963891322222223,4581,1.5,16.25,2052,231056,0,2026-01-03T10:47:08.031569
3.999555857222222,4582,1.75,16.18,2054,231030,0,2026-01-03T10:47:19.431779
4.002722573888889,4583,1.75,16.25,2054,231026,0,2026-01-03T10:47:30.831959
4.005889366111111,4584,1.75,16.18,2056,231042,0,2026-01-03T10:47:42.232411
4.009056018611111,4585,1.5,16.31,2056,231050,0,2026-01-03T10:47:53.632360
4.012222713611111,4586,1.75,16.18,2058,231042,0,2026-01-03T10:48:05.032462
4.015389424722223,4587,2.0,16.25,2056,230994,0,2026-01-03T10:48:16.432622
4.018556200833333,4588,1.75,16.37,2056,230964,0,2026-01-03T10:48:27.833016
4.021722889166667,4589,1.75,16.37,2056,230916,0,2026-01-03T10:48:39.233094
4.024889608055555,4590,2.0,16.18,2054,230902,0,2026-01-03T10:48:50.633282
4.028056291666666,4591,2.0,16.18,2056,230916,0,2026-01-03T10:49:02.033343
4.0312230425,4592,1.5,16.25,2058,230880,0,2026-01-03T10:49:13.433646
4.0343897858333335,4593,1.5,16.25,2054,230868,0,2026-01-03T10:49:24.833922
4.037556483888889,4594,2.0,16.43,2054,230802,0,2026-01-03T10:49:36.234035
4.040723130277778,4595,1.75,16.31,2042,230518,0,2026-01-03T10:49:47.633962
4.043889881944445,4596,2.0,16.25,2044,230476,0,2026-01-03T10:49:59.034268
4.047056573888889,4597,1.75,16.31,2042,230496,0,2026-01-03T10:50:10.434359
4.050223275,4598,1.75,16.18,2042,230448,0,2026-01-03T10:50:21.834483
4.053390007222222,4599,2.0,16.18,2046,230418,0,2026-01-03T10:50:33.234719
4.0565567172222226,4600,1.75,16.37,2044,230414,0,2026-01-03T10:50:44.634875
4.059723466666667,4601,2.0,16.31,2044,230382,0,2026-01-03T10:50:56.035173
4.062890188333333,4602,1.75,16.25,2044,230376,0,2026-01-03T10:51:07.435371
4.0660568461111115,4603,1.75,16.43,2046,230340,0,2026-01-03T10:51:18.835339
4.069223551666667,4604,1.75,16.37,2044,230300,0,2026-01-03T10:51:30.235479
4.072390320555556,4605,1.75,16.12,2044,230250,0,2026-01-03T10:51:41.635847
4.075556984722223,4606,1.75,16.18,2046,230222,0,2026-01-03T10:51:53.035838
4.0787237425,4607,1.75,16.18,2044,230150,0,2026-01-03T10:52:04.436166
4.081890414166667,4608,1.75,16.37,2044,230118,0,2026-01-03T10:52:15.836184
4.0850571236111115,4609,1.75,16.18,2044,230052,0,2026-01-03T10:52:27.236338
4.088223820555555,4610,1.75,16.25,2042,230012,0,2026-01-03T10:52:38.636447
4.0913905425,4611,1.75,16.31,2044,229892,0,2026-01-03T10:52:50.036646
4.094557261388889,4612,1.75,16.12,2042,229602,0,2026-01-03T10:53:01.436834
4.0977239702777775,4613,1.75,16.25,2040,229512,0,2026-01-03T10:53:12.836986
4.100890678888889,4614,2.25,16.43,2040,229468,0,2026-01-03T10:53:24.237137
4.104057417222222,4615,1.75,16.25,2042,229440,0,2026-01-03T10:53:35.637395
4.107224095833334,4616,1.5,16.43,2042,229378,0,2026-01-03T10:53:47.037438
4.110390850277778,4617,1.75,16.37,2044,229340,0,2026-01-03T10:53:58.437754
4.113557583333334,4618,1.25,16.18,2042,229318,0,2026-01-03T10:54:09.837993
4.116724261944444,4619,1.5,16.31,2042,229292,0,2026-01-03T10:54:21.238036
4.119891003888889,4620,1.5,16.18,2040,229240,0,2026-01-03T10:54:32.638307
4.123057685277778,4621,1.75,16.31,2040,229126,0,2026-01-03T10:54:44.038360
4.1262243875,4622,1.75,16.18,2040,229082,0,2026-01-03T10:54:55.438488
4.129391098611111,4623,1.5,16.18,2042,229044,0,2026-01-03T10:55:06.838648
4.132557862222222,4624,2.0,16.25,2044,229022,0,2026-01-03T10:55:18.238997
4.1357245125,4625,2.0,16.31,2044,229004,0,2026-01-03T10:55:29.638938
4.1388912225,4626,1.75,16.31,2042,228956,0,2026-01-03T10:55:41.039094
4.142057915555555,4627,1.75,16.25,2042,228932,0,2026-01-03T10:55:52.439189
4.145224615,4628,2.0,16.31,2042,228904,0,2026-01-03T10:56:03.839307
4.148391326111111,4629,1.75,16.18,2042,228894,0,2026-01-03T10:56:15.239467
4.151558063333334,4630,2.0,16.43,2044,228868,0,2026-01-03T10:56:26.639721
4.154724846944444,4631,1.5,16.25,2044,228838,0,2026-01-03T10:56:38.040142
4.157891534722222,4632,2.0,16.31,2042,228824,0,2026-01-03T10:56:49.440218
4.161058190555556,4633,2.0,16.25,2044,228804,0,2026-01-03T10:57:00.840179
4.164224913888889,4634,1.5,16.37,2042,228774,0,2026-01-03T10:57:12.240383
4.167391618888889,4635,1.75,16.43,2044,228724,0,2026-01-03T10:57:23.640521
4.170558333333333,4636,1.25,16.18,2042,228686,0,2026-01-03T10:57:35.040693
4.173725095277778,4637,1.5,16.25,2042,228658,0,2026-01-03T10:57:46.441036
4.176891746388889,4638,1.75,16.31,2044,228642,0,2026-01-03T10:57:57.840980
4.180058472777778,4639,1.5,16.31,2044,228584,0,2026-01-03T10:58:09.241195
4.183225184166667,4640,2.0,16.31,2044,228568,0,2026-01-03T10:58:20.641356
4.186391886111111,4641,1.5,16.31,2044,228538,0,2026-01-03T10:58:32.041483
4.189558595277778,4642,1.5,16.37,2042,228510,0,2026-01-03T10:58:43.441636
4.192725324444444,4643,2.0,16.31,2046,228466,0,2026-01-03T10:58:54.841861
4.195892053333333,4644,2.25,16.31,2044,228468,0,2026-01-03T10:59:06.242085
4.199058777777778,4645,1.75,16.37,2046,228446,0,2026-01-03T10:59:17.642293
4.202225470277778,4646,2.25,16.31,2046,228444,0,2026-01-03T10:59:29.042386
4.205392132777778,4647,1.25,16.37,2046,228414,0,2026-01-03T10:59:40.442371
4.208558847777778,4648,2.0,16.31,2048,228378,0,2026-01-03T10:59:51.842545
4.2117256308333335,4649,2.0,16.37,2050,228366,0,2026-01-03T11:00:03.242964
4.21489228,4650,1.5,16.18,2048,228342,0,2026-01-03T11:00:14.642901
4.218058980555556,4651,2.0,16.37,2050,228286,0,2026-01-03T11:00:26.043023
4.2212257002777775,4652,1.75,16.37,2050,228250,0,2026-01-03T11:00:37.443214
4.2243923825,4653,2.0,16.43,2050,228212,0,2026-01-03T11:00:48.843270
4.2275590925,4654,2.25,16.31,2052,228182,0,2026-01-03T11:01:00.243426
4.230725829722222,4655,2.0,16.5,2050,228102,0,2026-01-03T11:01:11.643680
4.2338925375,4656,2.0,16.25,2052,228034,0,2026-01-03T11:01:23.043828
4.237059233888889,4657,2.0,16.43,2054,228006,0,2026-01-03T11:01:34.443935
4.240226009166666,4658,1.25,16.37,2058,227936,0,2026-01-03T11:01:45.844326
4.2433926825,4659,1.75,16.31,2054,227896,0,2026-01-03T11:01:57.244350
4.246559348333333,4660,1.75,16.37,2056,227844,0,2026-01-03T11:02:08.644347
4.249726078611111,4661,1.75,16.31,2054,227804,0,2026-01-03T11:02:20.044576
4.252892835,4662,1.75,16.18,2056,227754,0,2026-01-03T11:02:31.444899
4.256059522222222,4663,1.25,16.25,2056,227694,0,2026-01-03T11:02:42.844973
4.259226221111111,4664,1.75,16.37,2054,227652,0,2026-01-03T11:02:54.245089
4.262392930277778,4665,2.25,16.43,2054,227556,0,2026-01-03T11:03:05.645242
4.2655596375,4666,2.0,16.43,2056,227470,0,2026-01-03T11:03:17.045388
4.268726338333333,4667,2.0,16.37,2054,227382,0,2026-01-03T11:03:28.445511
4.271893046944444,4668,1.75,16.25,2056,227346,0,2026-01-03T11:03:39.845662
4.275059769166667,4669,1.5,16.43,2058,227282,0,2026-01-03T11:03:51.245862
4.2782265130555555,4670,1.5,16.31,2056,227238,0,2026-01-03T11:04:02.646140
4.281393176388889,4671,2.0,16.37,2056,227186,0,2026-01-03T11:04:14.046128
4.284559879722222,4672,1.75,16.37,2056,227142,0,2026-01-03T11:04:25.446260
4.287726577777778,4673,1.25,16.37,2056,227076,0,2026-01-03T11:04:36.846373
4.290893296111111,4674,1.75,16.37,2054,227008,0,2026-01-03T11:04:48.246559
4.294059995277777,4675,1.5,16.25,2052,226948,0,2026-01-03T11:04:59.646676
4.297226759166667,4676,1.75,16.37,2050,226828,0,2026-01-03T11:05:11.047026
4.3003934063888885,4677,1.75,16.25,2050,226604,0,2026-01-03T11:05:22.446956
4.303560159166667,4678,1.25,16.31,2048,226534,0,2026-01-03T11:05:33.847266
4.306726846388889,4679,2.0,16.37,2048,226494,0,2026-01-03T11:05:45.247340
4.309893550555556,4680,1.75,16.43,2048,226456,0,2026-01-03T11:05:56.647475
4.313060255833333,4681,2.0,16.5,2052,226438,0,2026-01-03T11:06:08.047614
4.316226983333333,4682,2.0,16.43,2052,226372,0,2026-01-03T11:06:19.447833
4.319393736944445,4683,1.75,16.43,2050,226304,0,2026-01-03T11:06:30.848146
4.322560443333333,4684,1.5,16.43,2048,226284,0,2026-01-03T11:06:42.248289
4.325727097222222,4685,2.25,16.56,2048,226236,0,2026-01-03T11:06:53.648243
4.328893799444445,4686,1.75,16.43,2050,226222,0,2026-01-03T11:07:05.048371
4.332060515555556,4687,1.75,16.37,2036,226006,0,2026-01-03T11:07:16.448549
4.335227278611111,4688,1.5,16.43,2038,225936,0,2026-01-03T11:07:27.848896
4.338393935833333,4689,2.0,16.5,2038,225914,0,2026-01-03T11:07:39.248862
4.341560637222222,4690,1.5,16.43,2038,225898,0,2026-01-03T11:07:50.648987
4.344727373611111,4691,1.75,16.37,2040,225894,0,2026-01-03T11:08:02.049238
4.347894068055555,4692,2.0,16.43,2040,225858,0,2026-01-03T11:08:13.449338
4.351060765555555,4693,2.0,16.37,2040,225870,0,2026-01-03T11:08:24.849449
4.3542274725,4694,1.75,16.43,2040,225848,0,2026-01-03T11:08:36.249594
4.357394208055555,4695,2.0,16.43,2040,225846,0,2026-01-03T11:08:47.649842
4.360560940277778,4696,1.75,16.43,2040,225824,0,2026-01-03T11:08:59.050078
4.363727668888889,4697,1.75,16.37,2040,225800,0,2026-01-03T11:09:10.450301
4.366894331111111,4698,1.75,16.25,2040,225794,0,2026-01-03T11:09:21.850285
4.370061021111111,4699,1.75,16.37,2040,225768,0,2026-01-03T11:09:33.250369
4.373227729166667,4700,1.25,16.5,2040,225750,0,2026-01-03T11:09:44.650518
4.3763944397222225,4701,1.5,16.5,2038,225708,0,2026-01-03T11:09:56.050676
4.379561195833333,4702,1.25,16.31,2038,225722,0,2026-01-03T11:10:07.450998
4.382727855555555,4703,2.0,16.43,2040,225688,0,2026-01-03T11:10:18.850973
4.3858946111111115,4704,2.0,16.43,2040,225666,0,2026-01-03T11:10:30.251293
4.389061314166667,4705,1.75,16.5,2040,225638,0,2026-01-03T11:10:41.651424
4.392227985833333,4706,1.5,16.43,2040,225626,0,2026-01-03T11:10:53.051442
4.395394684444445,4707,1.75,16.5,2042,225630,0,2026-01-03T11:11:04.451557
4.398561421388889,4708,1.75,16.56,2040,225628,0,2026-01-03T11:11:15.851810
4.401728148055556,4709,1.5,16.43,2042,225606,0,2026-01-03T11:11:27.252026
4.404894871944444,4710,1.5,16.43,2042,225596,0,2026-01-03T11:11:38.652232
4.408061556944444,4711,1.75,16.37,2044,225564,0,2026-01-03T11:11:50.052298
4.411228231388889,4712,2.0,16.37,2042,225576,0,2026-01-03T11:12:01.452326
4.414394923333333,4713,1.5,16.37,2040,225528,0,2026-01-03T11:12:12.852417
4.417561738055555,4714,2.0,16.43,2044,225506,0,2026-01-03T11:12:24.252950
4.420728381666667,4715,1.75,16.5,2042,225500,0,2026-01-03T11:12:35.652867
4.423895081388889,4716,1.75,16.43,2044,225500,0,2026-01-03T11:12:47.052986
4.427061791388889,4717,2.0,16.43,2042,225468,0,2026-01-03T11:12:58.453142
4.430228531388889,4718,1.5,16.37,2042,225440,0,2026-01-03T11:13:09.853406
4.4333951975,4719,1.75,16.5,2044,225436,0,2026-01-03T11:13:21.253404
4.436561910833333,4720,1.75,16.5,2044,225376,0,2026-01-03T11:13:32.653572
4.439728620833334,4721,1.5,16.43,2044,225326,0,2026-01-03T11:13:44.053728
4.442895321388889,4722,2.0,16.5,2046,225308,0,2026-01-03T11:13:55.453850
4.446062104166667,4723,2.0,16.5,2044,225280,0,2026-01-03T11:14:06.854268
4.449228776666667,4724,1.75,16.56,2046,225272,0,2026-01-03T11:14:18.254289
4.452395461388889,4725,1.75,16.5,2044,225214,0,2026-01-03T11:14:29.654354
4.4555621613888885,4726,1.5,16.31,2042,225096,0,2026-01-03T11:14:41.054474
4.458728954166666,4727,2.0,16.43,2044,225030,0,2026-01-03T11:14:52.454928
4.461895636944444,4728,1.75,16.5,2044,224978,0,2026-01-03T11:15:03.854986
4.465062295,4729,2.0,16.56,2044,224902,0,2026-01-03T11:15:15.254955
4.468229032777778,4730,1.75,16.5,2048,224882,0,2026-01-03T11:15:26.655211
4.4713957525,4731,1.75,16.56,2048,224850,0,2026-01-03T11:15:38.055402
4.4745625675,4732,1.75,16.5,2048,224834,0,2026-01-03T11:15:49.455936
4.477729263888889,4733,1.75,16.56,2050,224768,0,2026-01-03T11:16:00.856043
4.480896006666667,4734,0.0,0.0,2048,224716,1,2026-01-03T11:16:12.256317
4.484062816944444,4735,1.75,16.62,2048,224724,0,2026-01-03T11:16:23.656834
4.487229568611111,4736,1.5,16.31,2048,224678,0,2026-01-03T11:16:35.057140
4.490396274444445,4737,1.75,16.5,2048,224636,0,2026-01-03T11:16:46.457281
4.493562989444444,4738,1.75,16.5,2050,224606,0,2026-01-03T11:16:57.857455
4.496729795,4739,1.75,16.62,2050,224524,0,2026-01-03T11:17:09.257955
4.499896546666666,4740,1.75,16.37,2048,224490,0,2026-01-03T11:17:20.658261
4.503063242222222,4741,1.75,16.68,2048,224430,0,2026-01-03T11:17:32.058365
4.506229968055556,4742,1.75,16.5,2050,224398,0,2026-01-03T11:17:43.458578
4.509396728611111,4743,1.75,16.43,2054,224350,0,2026-01-03T11:17:54.858916
4.512563472777778,4744,1.5,16.5,2052,224298,0,2026-01-03T11:18:06.259195
4.515730203055556,4745,1.5,16.5,2054,224278,0,2026-01-03T11:18:17.659424
4.518896944722222,4746,1.75,16.68,2054,224214,0,2026-01-03T11:18:29.059694
4.5220637025,4747,1.75,16.37,2054,224208,0,2026-01-03T11:18:40.460022
4.525230465833333,4748,2.0,16.5,2056,224126,0,2026-01-03T11:18:51.860370
4.528397150277778,4749,1.75,16.43,2054,224090,0,2026-01-03T11:19:03.260434
4.531563903055556,4750,1.5,16.5,2054,224008,0,2026-01-03T11:19:14.660744
4.534730613055555,4751,2.0,16.43,2052,223982,0,2026-01-03T11:19:26.060900
4.537897400555556,4752,1.5,16.56,2056,223940,0,2026-01-03T11:19:37.461335
4.5410640819444446,4753,1.75,16.62,2056,223918,0,2026-01-03T11:19:48.861388
4.5442308661111115,4754,1.75,16.68,2056,223858,0,2026-01-03T11:20:00.261811
4.547397560833334,4755,1.75,16.43,2056,223822,0,2026-01-03T11:20:11.661912
4.550564286388889,4756,2.0,16.56,2056,223778,0,2026-01-03T11:20:23.062124
4.5537310205555555,4757,1.5,16.56,2056,223732,0,2026-01-03T11:20:34.462367
4.556897771666667,4758,1.75,16.56,2058,223686,0,2026-01-03T11:20:45.862671
4.5600644811111115,4759,2.25,16.43,2056,223630,0,2026-01-03T11:20:57.262825
4.563231236111111,4760,2.0,16.43,2058,223586,0,2026-01-03T11:21:08.663143
4.566397953611111,4761,1.5,16.5,2058,223552,0,2026-01-03T11:21:20.063326
4.569564685277777,4762,1.75,16.43,2058,223474,0,2026-01-03T11:21:31.463560
4.572731409166667,4763,1.75,16.56,2058,223360,0,2026-01-03T11:21:42.863766
4.575898153333333,4764,2.0,16.62,2058,223202,0,2026-01-03T11:21:54.264045
4.579064875833334,4765,1.5,16.56,2058,223092,0,2026-01-03T11:22:05.664246
4.582231615833333,4766,1.25,16.56,2056,223052,0,2026-01-03T11:22:17.064510
4.585398329444445,4767,1.5,16.56,2056,223012,0,2026-01-03T11:22:28.464679
4.5885650686111115,4768,1.75,16.37,2058,222938,0,2026-01-03T11:22:39.864940
4.591731815277778,4769,1.75,16.5,2058,222904,0,2026-01-03T11:22:51.265228
4.594898521944445,4770,2.0,16.62,2060,222860,0,2026-01-03T11:23:02.665372
4.598065311111111,4771,1.5,16.62,2060,222768,0,2026-01-03T11:23:14.065813
4.6012319875,4772,2.0,16.56,2062,222738,0,2026-01-03T11:23:25.465848
4.6043987119444445,4773,1.75,16.43,2064,222692,0,2026-01-03T11:23:36.866056
4.607565476111111,4774,2.0,16.56,2062,222664,0,2026-01-03T11:23:48.266407
4.6107321627777775,4775,1.5,16.37,2066,222618,0,2026-01-03T11:23:59.666479
4.613898921944444,4776,2.0,16.43,2064,222564,0,2026-01-03T11:24:11.066812
4.617065621666667,4777,1.75,16.43,2062,222506,0,2026-01-03T11:24:22.466931
4.6202323369444445,4778,1.75,16.5,2066,222468,0,2026-01-03T11:24:33.867106
4.6233990558333335,4779,1.75,16.37,2066,222434,0,2026-01-03T11:24:45.267294
4.6265658316666665,4780,1.5,16.62,2066,222370,0,2026-01-03T11:24:56.667687
4.62973252,4781,1.75,16.5,2066,222318,0,2026-01-03T11:25:08.067765
4.632899245277778,4782,1.5,16.5,2066,222284,0,2026-01-03T11:25:19.467976
4.636066020277778,4783,1.75,16.37,2066,222244,0,2026-01-03T11:25:30.868366
4.639232692777778,4784,1.75,16.43,2068,222194,0,2026-01-03T11:25:42.268387
4.642399418055556,4785,1.75,16.56,2070,222132,0,2026-01-03T11:25:53.668598
4.64556614,4786,2.0,16.56,2068,222056,0,2026-01-03T11:26:05.068797
4.648732913333333,4787,2.0,16.56,2070,221986,0,2026-01-03T11:26:16.469181
4.651899645555556,4788,2.0,16.37,2070,221964,0,2026-01-03T11:26:27.869417
4.655066295,4789,1.75,16.62,2072,221848,0,2026-01-03T11:26:39.269355
4.6582330361111115,4790,1.75,16.43,2072,221704,0,2026-01-03T11:26:50.669623
4.661399815277778,4791,2.0,16.62,2070,221306,0,2026-01-03T11:27:02.070028
4.6645665422222224,4792,1.5,16.56,2070,221236,0,2026-01-03T11:27:13.470245
4.667733215277778,4793,2.0,16.43,2072,221176,0,2026-01-03T11:27:24.870268
4.6708999075,4794,2.0,16.37,2070,221074,0,2026-01-03T11:27:36.270360
4.674066651944444,4795,2.0,16.68,2066,221016,0,2026-01-03T11:27:47.670640
4.6772333702777775,4796,1.75,16.5,2068,220960,0,2026-01-03T11:27:59.070826
4.6804001275,4797,1.75,16.43,2068,220906,0,2026-01-03T11:28:10.471152
4.683566813333333,4798,1.5,16.43,2068,220846,0,2026-01-03T11:28:21.871221
4.686733525555556,4799,1.75,16.5,2070,220790,0,2026-01-03T11:28:33.271385
4.6899002422222225,4800,1.5,16.62,2070,220712,0,2026-01-03T11:28:44.671565
4.693067032777778,4801,2.0,16.56,2068,220656,0,2026-01-03T11:28:56.072011
4.696233709722223,4802,1.5,16.5,2066,220564,0,2026-01-03T11:29:07.472048
4.69940042,4803,2.0,16.5,2066,220488,0,2026-01-03T11:29:18.872205
4.702567161111111,4804,1.75,16.62,2068,220408,0,2026-01-03T11:29:30.272473
4.705733866388889,4805,1.75,16.43,2068,220320,0,2026-01-03T11:29:41.672612
4.708900593055556,4806,2.0,16.56,2062,220222,0,2026-01-03T11:29:53.072828
4.712067299444445,4807,1.75,16.43,2062,220120,0,2026-01-03T11:30:04.472971
4.715234027777778,4808,1.75,16.43,2062,220028,0,2026-01-03T11:30:15.873193
4.718400743055556,4809,2.25,16.43,2062,219934,0,2026-01-03T11:30:27.273368
4.7215674575,4810,2.0,16.56,2058,219812,0,2026-01-03T11:30:38.673540
4.724734171388889,4811,1.75,16.5,2056,219710,0,2026-01-03T11:30:50.073710
4.727900915833334,4812,1.25,16.37,2056,219634,0,2026-01-03T11:31:01.473990
4.7310676275,4813,1.75,16.5,2058,219554,0,2026-01-03T11:31:12.874152
4.7342343441666666,4814,2.0,16.43,2058,219456,0,2026-01-03T11:31:24.274332
4.737401043611111,4815,2.0,16.62,2058,219404,0,2026-01-03T11:31:35.674450
4.740567766388889,4816,1.75,16.56,2058,219314,0,2026-01-03T11:31:47.074652
4.7437344825,4817,1.75,16.56,2058,219264,0,2026-01-03T11:31:58.474830
4.746901275,4818,2.0,16.5,2056,219172,0,2026-01-03T11:32:09.875283
4.750067975555556,4819,1.75,16.5,2056,219080,0,2026-01-03T11:32:21.275405
4.753234646666667,4820,1.5,16.5,2058,218992,0,2026-01-03T11:32:32.675421
4.7564013675,4821,1.5,16.62,2056,218928,0,2026-01-03T11:32:44.075616
4.7595680875,4822,2.0,16.62,2052,218842,0,2026-01-03T11:32:55.475808
4.7627347872222225,4823,1.75,16.37,2052,218736,0,2026-01-03T11:33:06.875927
4.7659015361111114,4824,2.0,16.56,2052,218664,0,2026-01-03T11:33:18.276223
4.769068261111111,4825,1.75,16.43,2054,218748,0,2026-01-03T11:33:29.676433
4.772234966944445,4826,1.75,16.43,2054,218684,0,2026-01-03T11:33:41.076574
4.775401660277778,4827,2.0,16.5,2052,218586,0,2026-01-03T11:33:52.476670
4.778568398611111,4828,1.75,16.5,2052,218540,0,2026-01-03T11:34:03.876928
4.781735094722222,4829,2.25,16.43,2050,218476,0,2026-01-03T11:34:15.277034
4.784901856111111,4830,1.75,16.56,2052,218428,0,2026-01-03T11:34:26.677375
4.788068519722223,4831,2.0,16.43,2052,218328,0,2026-01-03T11:34:38.077364
4.791235304444444,4832,1.75,16.43,2054,218262,0,2026-01-03T11:34:49.477789
4.7944019608333335,4833,1.75,16.56,2054,218200,0,2026-01-03T11:35:00.877752
4.797568699444445,4834,1.75,16.56,2054,218148,0,2026-01-03T11:35:12.278011
4.800735392777778,4835,2.25,16.5,2056,218086,0,2026-01-03T11:35:23.678107
4.803902120555556,4836,1.75,16.43,2056,218028,0,2026-01-03T11:35:35.078327
4.807068813888889,4837,2.0,16.5,2044,217744,0,2026-01-03T11:35:46.478423
4.810235551944444,4838,1.75,16.56,2046,217704,0,2026-01-03T11:35:57.878680
4.813402285833333,4839,1.5,16.62,2048,217620,0,2026-01-03T11:36:09.278922
4.816568989166667,4840,1.75,16.43,2048,217572,0,2026-01-03T11:36:20.679054
4.819735680277778,4841,1.75,16.43,2052,217534,0,2026-01-03T11:36:32.079142
4.8229024125,4842,2.0,16.62,2052,217482,0,2026-01-03T11:36:43.479378
4.826069116388889,4843,2.0,16.43,2054,217442,0,2026-01-03T11:36:54.879512
4.8292358925,4844,2.25,16.62,2058,217402,0,2026-01-03T11:37:06.279906
4.832402593333334,4845,1.75,16.43,2056,217372,0,2026-01-03T11:37:17.680029
4.8355692786111115,4846,1.75,16.5,2056,217308,0,2026-01-03T11:37:29.080096
4.838736011111111,4847,1.75,16.56,2058,217416,0,2026-01-03T11:37:40.480333
4.841902695833333,4848,2.0,16.56,2064,217358,0,2026-01-03T11:37:51.880398
4.845069476388889,4849,1.75,16.43,2064,217306,0,2026-01-03T11:38:03.280808
4.848236147222222,4850,1.75,16.56,2064,217244,0,2026-01-03T11:38:14.680823
4.8514028669444444,4851,1.75,16.56,2054,217190,0,2026-01-03T11:38:26.081014
4.854569566944445,4852,1.75,16.56,2054,217124,0,2026-01-03T11:38:37.481134
4.857736305,4853,2.0,16.62,2054,217068,0,2026-01-03T11:38:48.881391
4.8609029844444445,4854,2.25,16.75,2056,217008,0,2026-01-03T11:39:00.281437
4.864069719444444,4855,1.75,16.56,2060,216946,0,2026-01-03T11:39:11.681683
4.867236505,4856,2.25,16.5,2060,216874,0,2026-01-03T11:39:23.082111
4.870403214166667,4857,2.0,16.43,2060,216820,0,2026-01-03T11:39:34.482264
4.8735699225,4858,1.75,16.5,2064,216800,0,2026-01-03T11:39:45.882414
4.876736568888889,4859,2.0,16.5,2064,216740,0,2026-01-03T11:39:57.282341
4.8799033025,4860,1.75,16.43,2060,216642,0,2026-01-03T11:40:08.682582
4.883070061111111,4861,2.0,16.62,2062,216598,0,2026-01-03T11:40:20.082913
4.886236784444445,4862,2.0,16.56,2064,216542,0,2026-01-03T11:40:31.483117
4.889403436388889,4863,2.0,16.5,2064,216504,0,2026-01-03T11:40:42.883064
4.892570170277778,4864,1.75,16.43,2064,216438,0,2026-01-03T11:40:54.283306
4.895736861666666,4865,2.0,16.5,2060,216356,0,2026-01-03T11:41:05.683395
4.898903578611111,4866,2.0,16.43,2064,216316,0,2026-01-03T11:41:17.083576
4.902070313055556,4867,2.25,16.56,2066,216286,0,2026-01-03T11:41:28.483820
4.905237029166667,4868,1.75,16.68,2066,216220,0,2026-01-03T11:41:39.883998
4.908403800555556,4869,2.0,16.62,2062,216156,0,2026-01-03T11:41:51.284375
4.911570486944444,4870,1.75,16.56,2066,216096,0,2026-01-03T11:42:02.684446
4.914737163055555,4871,2.0,16.43,2062,216058,0,2026-01-03T11:42:14.084480
4.917903870833333,4872,2.25,16.56,2060,215992,0,2026-01-03T11:42:25.484628
4.921070605,4873,1.75,16.5,2058,215946,0,2026-01-03T11:42:36.884871
4.924237306388889,4874,2.25,16.81,2056,215918,0,2026-01-03T11:42:48.284996
4.927404095833333,4875,2.0,16.62,2056,215886,0,2026-01-03T11:42:59.685438
4.930570721944444,4876,2.0,16.5,2054,215824,0,2026-01-03T11:43:11.085292
4.933737463888889,4877,2.25,16.75,2050,215780,0,2026-01-03T11:43:22.485563
4.936904229444444,4878,1.75,16.43,2056,215746,0,2026-01-03T11:43:33.885919
4.940070938888889,4879,1.75,16.5,2058,215680,0,2026-01-03T11:43:45.286073
4.9432376225,4880,1.75,16.5,2070,215654,0,2026-01-03T11:43:56.686134
4.946404303055555,4881,2.0,16.62,2084,215594,0,2026-01-03T11:44:08.086184
4.949571034722222,4882,1.75,16.5,2088,215560,0,2026-01-03T11:44:19.486418
4.952737754166667,4883,1.5,16.5,2088,215638,0,2026-01-03T11:44:30.886608
4.955904499444444,4884,2.0,16.68,2090,215586,0,2026-01-03T11:44:42.286891
4.959071176388889,4885,1.75,16.56,2096,215598,0,2026-01-03T11:44:53.686928
4.962237893055556,4886,1.75,16.31,2094,215558,0,2026-01-03T11:45:05.087108
4.965404651388889,4887,2.0,16.5,2088,215490,0,2026-01-03T11:45:16.487438
4.9685713102777775,4888,2.0,16.43,2094,215486,0,2026-01-03T11:45:27.887410
4.971738015555555,4889,1.5,16.56,2098,215410,0,2026-01-03T11:45:39.287549
4.974904741944444,4890,2.0,16.5,2094,215356,0,2026-01-03T11:45:50.687764
4.978071503055555,4891,2.25,16.56,2098,215300,0,2026-01-03T11:46:02.088104
4.981238238055556,4892,1.75,16.56,2098,215270,0,2026-01-03T11:46:13.488350
4.984404905277778,4893,1.75,16.75,2100,215214,0,2026-01-03T11:46:24.888352
4.987571569166667,4894,1.75,16.5,2094,215144,0,2026-01-03T11:46:36.288342
4.9907382927777775,4895,2.0,16.5,2092,215132,0,2026-01-03T11:46:47.688547
4.9939050244444445,4896,2.25,16.56,2090,215082,0,2026-01-03T11:46:59.088781
4.997071771944444,4897,2.0,16.5,2088,215062,0,2026-01-03T11:47:10.489072
5.0002384525,4898,2.25,16.62,2092,214988,0,2026-01-03T11:47:21.889122
5.0034051788888885,4899,1.75,16.43,2092,214966,0,2026-01-03T11:47:33.289337
5.006571847222222,4900,1.75,16.56,2086,214916,0,2026-01-03T11:47:44.689343
5.009738581111111,4901,2.25,16.56,2086,214862,0,2026-01-03T11:47:56.089585
5.012905300277778,4902,2.0,16.68,2080,214816,0,2026-01-03T11:48:07.489774
5.016072002777777,4903,2.75,16.81,2084,214780,0,2026-01-03T11:48:18.889903
5.019238720833333,4904,1.75,16.62,2078,214734,0,2026-01-03T11:48:30.290088
5.02240546,4905,2.0,16.62,2076,214704,0,2026-01-03T11:48:41.690349
5.025572135,4906,2.25,16.75,2078,214642,0,2026-01-03T11:48:53.090379
5.028738859722222,4907,1.75,16.43,2078,214596,0,2026-01-03T11:49:04.490588
5.03190558,4908,2.0,16.5,2082,214560,0,2026-01-03T11:49:15.890781
5.035072305,4909,1.75,16.68,2080,214528,0,2026-01-03T11:49:27.290991
5.038239026111111,4910,2.0,16.68,2084,214466,0,2026-01-03T11:49:38.691187
5.0414056488888885,4911,2.25,16.56,2086,214420,0,2026-01-03T11:49:50.091029
5.0445723508333336,4912,2.25,16.5,2084,214406,0,2026-01-03T11:50:01.491156
5.047738992222222,4913,2.5,16.5,2084,214382,0,2026-01-03T11:50:12.891065
5.050905656111111,4914,1.75,16.62,2074,214350,0,2026-01-03T11:50:24.291055
5.054072359722222,4915,1.75,16.56,2072,214300,0,2026-01-03T11:50:35.691188
5.0572390275,4916,2.25,16.62,2074,214242,0,2026-01-03T11:50:47.091192
5.060405710555556,4917,2.0,16.5,2078,214214,0,2026-01-03T11:50:58.491251
5.06357242,4918,2.0,16.56,2080,214172,0,2026-01-03T11:51:09.891405
5.066739080277777,4919,1.75,16.68,2074,214138,0,2026-01-03T11:51:21.291382
5.069905740555556,4920,2.0,16.68,2082,214144,0,2026-01-03T11:51:32.691359
5.073072446666667,4921,2.5,16.68,2084,214076,0,2026-01-03T11:51:44.091501
5.076239116666667,4922,1.75,16.56,2082,214034,0,2026-01-03T11:51:55.491513
5.079405861388889,4923,2.0,16.68,2086,213974,0,2026-01-03T11:52:06.891794
5.082572488333334,4924,1.75,16.5,2086,213952,0,2026-01-03T11:52:18.291651
5.085739168611111,4925,1.5,16.56,2084,213900,0,2026-01-03T11:52:29.691700
5.0889059266666665,4926,2.25,16.81,2086,213866,0,2026-01-03T11:52:41.092029
5.092072602222222,4927,2.0,16.5,2082,213826,0,2026-01-03T11:52:52.492061
5.0952392502777775,4928,2.0,16.75,2084,213812,0,2026-01-03T11:53:03.891994
5.098405927777778,4929,2.25,16.62,2080,213772,0,2026-01-03T11:53:15.292033
5.101572655277778,4930,2.0,16.68,2076,213734,0,2026-01-03T11:53:26.692252
5.104739281944444,4931,2.0,16.43,2080,213710,0,2026-01-03T11:53:38.092108
5.107906036666667,4932,1.75,16.5,2082,213686,0,2026-01-03T11:53:49.492425
5.1110726813888885,4933,2.25,16.5,2086,213638,0,2026-01-03T11:54:00.892346
5.114239355277777,4934,2.25,16.68,2088,213622,0,2026-01-03T11:54:12.292372
5.117406016944445,4935,2.25,16.5,2088,213580,0,2026-01-03T11:54:23.692354
5.120572740277778,4936,2.0,16.68,2082,213536,0,2026-01-03T11:54:35.092558
5.123739415,4937,2.0,16.62,2088,213512,0,2026-01-03T11:54:46.492587
5.126906117777778,4938,2.25,16.68,2092,213460,0,2026-01-03T11:54:57.892717
5.130072818888889,4939,2.25,16.75,2092,213416,0,2026-01-03T11:55:09.292841
5.133239488888889,4940,2.25,16.68,2090,213396,0,2026-01-03T11:55:20.692853
5.136406180277778,4941,2.5,16.68,2092,213348,0,2026-01-03T11:55:32.092942
5.139572883333333,4942,2.0,16.68,2094,213316,0,2026-01-03T11:55:43.493073
5.1427396255555555,4943,2.25,16.56,2094,213284,0,2026-01-03T11:55:54.893345
5.145906291111111,4944,2.25,16.75,2098,213248,0,2026-01-03T11:56:06.293341
5.149072964166667,4945,2.0,16.56,2096,213216,0,2026-01-03T11:56:17.693364
5.1522396511111115,4946,2.25,16.68,2100,213176,0,2026-01-03T11:56:29.093437
5.155406361111111,4947,2.25,16.62,2102,213158,0,2026-01-03T11:56:40.493593
5.1585731033333335,4948,2.25,16.62,2102,213104,0,2026-01-03T11:56:51.893865
5.161739806111111,4949,2.0,16.62,2100,213078,0,2026-01-03T11:57:03.293995
5.164906422222222,4950,2.0,16.62,2100,213054,0,2026-01-03T11:57:14.693813
5.168073151111111,4951,1.75,16.75,2102,213038,0,2026-01-03T11:57:26.094037
5.171239891388889,4952,2.75,16.62,2100,212986,0,2026-01-03T11:57:37.494302
5.174406499444444,4953,2.5,16.62,2092,212976,0,2026-01-03T11:57:48.894091
5.177573232777778,4954,2.5,16.68,2098,212952,0,2026-01-03T11:58:00.294331
5.1807399258333335,4955,2.25,16.56,2100,212926,0,2026-01-03T11:58:11.694426
5.1839066025,4956,2.25,16.62,2100,212914,0,2026-01-03T11:58:23.094462
5.187073384166666,4957,2.25,16.75,2096,212886,0,2026-01-03T11:58:34.494876
5.190240021666667,4958,2.25,16.56,2096,212882,0,2026-01-03T11:58:45.894771
5.193406704722222,4959,2.0,16.62,2100,212838,0,2026-01-03T11:58:57.294830
5.196573405833333,4960,2.5,16.68,2088,212808,0,2026-01-03T11:59:08.694954
5.199740169166667,4961,2.0,16.68,2100,212778,0,2026-01-03T11:59:20.095302
5.2029068291666665,4962,2.5,16.75,2106,212770,0,2026-01-03T11:59:31.495278
5.2060735225,4963,2.25,16.81,2106,212734,0,2026-01-03T11:59:42.895374
5.209240219722222,4964,1.75,16.68,2100,212704,0,2026-01-03T11:59:54.295484
5.212406963611111,4965,2.0,16.75,2106,212702,0,2026-01-03T12:00:05.695762
5.215573684444444,4966,2.25,16.68,2110,212696,0,2026-01-03T12:00:17.095957
5.2187403275,4967,2.5,16.75,2112,212664,0,2026-01-03T12:00:28.495872
5.221907004166667,4968,2.5,16.62,2114,212648,0,2026-01-03T12:00:39.895908
5.225073713333333,4969,2.25,16.75,2114,212634,0,2026-01-03T12:00:51.296061
5.22824047,4970,2.5,16.81,2114,212608,0,2026-01-03T12:01:02.696385
5.231407134722223,4971,2.25,16.81,2118,212594,0,2026-01-03T12:01:14.096378
5.234573801111111,4972,2.25,16.62,2114,212574,0,2026-01-03T12:01:25.496377
5.237740524166667,4973,2.25,16.75,2114,212562,0,2026-01-03T12:01:36.896580
5.2409072058333335,4974,2.5,16.62,2100,212568,0,2026-01-03T12:01:48.296634
5.244073943055556,4975,2.5,16.68,2104,212554,0,2026-01-03T12:01:59.696888
5.247240604444444,4976,2.5,16.68,2102,212524,0,2026-01-03T12:02:11.096869
5.250407475277778,4977,2.25,16.75,2106,212510,0,2026-01-03T12:02:22.497604
5.253574045833333,4978,2.5,16.81,2114,212502,0,2026-01-03T12:02:33.897258
5.256740745,4979,2.5,16.81,2120,212480,0,2026-01-03T12:02:45.297375
5.259907415,4980,2.5,16.81,2114,212472,0,2026-01-03T12:02:56.697387
5.2630740963888885,4981,2.25,16.68,2118,212440,0,2026-01-03T12:03:08.097440
5.266240849166667,4982,2.5,16.68,2120,212434,0,2026-01-03T12:03:19.497750
5.269407566111111,4983,2.5,16.75,2116,212406,0,2026-01-03T12:03:30.897931
5.272574229722222,4984,2.5,16.81,2120,212400,0,2026-01-03T12:03:42.297920
5.275740928333334,4985,2.5,16.93,2102,212274,0,2026-01-03T12:03:53.698035
5.278907634722223,4986,2.5,16.81,2104,212262,0,2026-01-03T12:04:05.098178
5.282074361666667,4987,2.75,16.75,2104,212236,0,2026-01-03T12:04:16.498395
5.285241022777778,4988,2.5,16.87,2106,212226,0,2026-01-03T12:04:27.898375
5.288407711111111,4989,2.0,16.62,2104,212196,0,2026-01-03T12:04:39.298453
5.291574436944445,4990,2.5,16.75,2104,212194,0,2026-01-03T12:04:50.698666
5.294741173611111,4991,0.0,0.0,2108,212170,1,2026-01-03T12:05:02.098918
5.297907875277778,4992,2.75,16.75,2110,212148,0,2026-01-03T12:05:13.499044
5.301074585555556,4993,2.5,16.87,2112,212114,0,2026-01-03T12:05:24.899201
5.304241220833333,4994,2.5,16.87,2110,212120,0,2026-01-03T12:05:36.299088
5.307407945555555,4995,2.25,16.75,2108,212084,0,2026-01-03T12:05:47.699297
5.310574644166667,4996,2.75,16.87,2110,212060,0,2026-01-03T12:05:59.099412
5.313741326944444,4997,2.25,16.62,2112,212062,0,2026-01-03T12:06:10.499470
5.316908005833334,4998,3.0,16.87,2112,212050,0,2026-01-03T12:06:21.899514
5.320074762222222,4999,2.5,16.87,2112,212030,0,2026-01-03T12:06:33.299837
5.323241446666667,5000,2.5,16.87,2106,212036,0,2026-01-03T12:06:44.699901
5.326408235555555,5001,2.5,16.75,2108,211994,0,2026-01-03T12:06:56.100341
5.329574867777778,5002,2.5,16.81,2108,211988,0,2026-01-03T12:07:07.500217
5.332741588333334,5003,2.5,16.87,2108,211972,0,2026-01-03T12:07:18.900411
5.335908265833333,5004,2.75,16.81,2110,211948,0,2026-01-03T12:07:30.300450
5.3390749625,5005,3.0,16.87,2112,211926,0,2026-01-03T12:07:41.700558
5.342241700555555,5006,2.25,16.87,2110,211920,0,2026-01-03T12:07:53.100815
5.345408384166666,5007,2.5,16.75,2106,211894,0,2026-01-03T12:08:04.500876
5.348575138055556,5008,2.5,16.87,2106,211906,0,2026-01-03T12:08:15.901190
5.351741858611111,5009,2.5,16.81,2104,211862,0,2026-01-03T12:08:27.301384
5.354908521111111,5010,2.75,16.81,2090,211856,0,2026-01-03T12:08:38.701369
5.358075215833333,5011,2.75,16.87,2096,211854,0,2026-01-03T12:08:50.101470
5.3612419480555555,5012,2.25,16.81,2100,211834,0,2026-01-03T12:09:01.501706
5.364408611111111,5013,3.0,16.93,2102,211796,0,2026-01-03T12:09:12.901693
5.367575306388889,5014,2.75,16.87,2106,211788,0,2026-01-03T12:09:24.301796
5.370742053888889,5015,2.75,16.87,2110,211784,0,2026-01-03T12:09:35.702087
5.373908758055555,5016,3.0,16.93,2110,211754,0,2026-01-03T12:09:47.102222
5.377075486944444,5017,2.75,16.81,2108,211718,0,2026-01-03T12:09:58.502446
5.380242147222222,5018,2.75,17.0,2108,211716,0,2026-01-03T12:10:09.902423
5.383408828888889,5019,2.75,16.81,2110,211684,0,2026-01-03T12:10:21.302477
5.386575561666667,5020,2.5,16.75,2112,211672,0,2026-01-03T12:10:32.702715
5.389742311111111,5021,2.75,16.93,2114,211622,0,2026-01-03T12:10:44.103013
5.392909016388889,5022,2.5,16.75,2110,211602,0,2026-01-03T12:10:55.503152
5.3960757288888885,5023,3.0,16.87,2108,211574,0,2026-01-03T12:11:06.903317
5.399242382777778,5024,2.5,16.87,2100,211554,0,2026-01-03T12:11:18.303271
5.4024090877777775,5025,2.75,16.81,2104,211536,0,2026-01-03T12:11:29.703409
5.405575790555556,5026,3.25,17.0,2104,211524,0,2026-01-03T12:11:41.103539
5.4087425175,5027,2.5,16.93,2108,211506,0,2026-01-03T12:11:52.503756
5.4119091975,5028,2.5,16.93,2110,211486,0,2026-01-03T12:12:03.903804
5.415075931666666,5029,3.0,17.0,2112,211432,0,2026-01-03T12:12:15.304047
5.418242671388889,5030,2.75,16.87,2116,211420,0,2026-01-03T12:12:26.704310
5.421409343333333,5031,2.75,16.93,2116,211384,0,2026-01-03T12:12:38.104329
5.424576031666667,5032,2.75,17.06,2118,211388,0,2026-01-03T12:12:49.504407
5.427742728055556,5033,3.25,16.81,2120,211366,0,2026-01-03T12:13:00.904514
5.430909438055555,5034,3.0,17.0,2126,211362,0,2026-01-03T12:13:12.304670
5.434076161944445,5035,3.0,16.87,2124,211438,0,2026-01-03T12:13:23.704876
5.4372428472222225,5036,2.75,16.87,2130,211412,0,2026-01-03T12:13:35.104943
5.440409566944444,5037,3.25,17.0,2128,211410,0,2026-01-03T12:13:46.505134
5.443576280833334,5038,3.25,17.0,2126,211374,0,2026-01-03T12:13:57.905304
5.446742953055556,5039,3.0,16.87,2128,211378,0,2026-01-03T12:14:09.305324
5.449909661388889,5040,3.0,16.81,2128,211354,0,2026-01-03T12:14:20.705474
5.453076378055555,5041,3.0,16.87,2128,211330,0,2026-01-03T12:14:32.105654
5.456243113333334,5042,3.25,17.06,2126,211324,0,2026-01-03T12:14:43.505901
5.4594098522222225,5043,3.25,17.06,2120,211338,0,2026-01-03T12:14:54.906161
5.462576565833333,5044,3.0,17.0,2126,211330,0,2026-01-03T12:15:06.306330
5.465743232777778,5045,2.75,17.06,2120,211316,0,2026-01-03T12:15:17.706331
5.468909917222223,5046,2.5,16.87,2124,211284,0,2026-01-03T12:15:29.106395
5.472076643888889,5047,3.0,16.87,2120,211300,0,2026-01-03T12:15:40.506611
5.475243401388889,5048,3.0,16.93,2124,211310,0,2026-01-03T12:15:51.906938
5.478410086666667,5049,0.0,0.0,2124,211278,1,2026-01-03T12:16:03.307005
5.481576760555556,5050,3.0,16.75,2128,211266,0,2026-01-03T12:16:14.707031
5.484743495277778,5051,3.0,16.87,2126,211258,0,2026-01-03T12:16:26.107276
5.487910200555556,5052,3.0,17.0,2126,211264,0,2026-01-03T12:16:37.507415
5.491076858333333,5053,3.0,16.87,2130,211250,0,2026-01-03T12:16:48.907383
5.494243584444445,5054,2.5,17.0,2132,211246,0,2026-01-03T12:17:00.307597
5.497410317777778,5055,2.75,16.87,2138,211238,0,2026-01-03T12:17:11.707837
5.500577063333333,5056,3.25,16.93,2138,211216,0,2026-01-03T12:17:23.108121
5.503743752222222,5057,3.25,16.93,2138,211212,0,2026-01-03T12:17:34.508201
5.506910456111111,5058,2.75,16.87,2140,211192,0,2026-01-03T12:17:45.908335
5.510077138333333,5059,0.0,0.0,2144,211202,1,2026-01-03T12:17:57.308391
5.513243836666667,5060,3.5,17.0,2144,211202,0,2026-01-03T12:18:08.708505
5.516410599444445,5061,2.75,17.06,2142,211172,0,2026-01-03T12:18:20.108851
5.519577311111111,5062,3.0,16.93,2144,211166,0,2026-01-03T12:18:31.509013
5.522743958333334,5063,3.25,17.12,2146,211182,0,2026-01-03T12:18:42.908943
5.5259106552777775,5064,3.25,17.12,2146,211176,0,2026-01-03T12:18:54.309052
5.529077394722222,5065,3.25,16.87,2144,211138,0,2026-01-03T12:19:05.709314
5.532244076111111,5066,3.0,16.93,2144,211128,0,2026-01-03T12:19:17.109367
5.535410773611111,5067,3.25,16.81,2144,211130,0,2026-01-03T12:19:28.509478
5.538577477777777,5068,3.0,17.0,2134,211112,0,2026-01-03T12:19:39.909613
5.541744251388889,5069,3.25,17.0,2120,211106,0,2026-01-03T12:19:51.309998
5.544910946388889,5070,3.0,16.87,2124,211042,0,2026-01-03T12:20:02.710100
5.548077634444445,5071,3.25,16.93,2126,211046,0,2026-01-03T12:20:14.110177
5.551244303888889,5072,3.5,16.87,2126,211052,0,2026-01-03T12:20:25.510187
5.5544110147222225,5073,3.5,16.87,2126,211030,0,2026-01-03T12:20:36.910346
5.557577704722222,5074,3.0,17.0,2130,210994,0,2026-01-03T12:20:48.310430
5.560744494166666,5075,3.25,16.93,2136,211006,0,2026-01-03T12:20:59.710872
5.563911145,5076,3.25,16.81,2134,210986,0,2026-01-03T12:21:11.110815
5.567077849444445,5077,3.25,16.81,2136,210988,0,2026-01-03T12:21:22.510951
5.570244563611111,5078,3.5,17.0,2136,210968,0,2026-01-03T12:21:33.911122
5.573411305,5079,3.75,17.25,2140,210962,0,2026-01-03T12:21:45.311391
5.576577982777778,5080,3.25,16.93,2142,210968,0,2026-01-03T12:21:56.711431
5.579744676111111,5081,3.75,17.12,2140,210952,0,2026-01-03T12:22:08.111527
5.582911398888889,5082,3.5,16.87,2138,210936,0,2026-01-03T12:22:19.511729
5.5860781572222225,5083,3.25,16.87,2140,210934,0,2026-01-03T12:22:30.912059
5.589244839722222,5084,3.25,17.0,2138,210924,0,2026-01-03T12:22:42.312116
5.592411523611111,5085,3.75,16.87,2138,210916,0,2026-01-03T12:22:53.712178
5.5955782238888885,5086,3.0,16.87,2138,210902,0,2026-01-03T12:23:05.112299
5.598744926666667,5087,3.0,16.87,2136,210894,0,2026-01-03T12:23:16.512429
5.601911707777778,5088,3.5,17.0,2124,210874,0,2026-01-03T12:23:27.912841
5.605078343333333,5089,3.5,17.06,2126,210876,0,2026-01-03T12:23:39.312729
5.608245083611111,5090,3.5,17.0,2120,210876,0,2026-01-03T12:23:50.712994
5.611411859722222,5091,3.25,16.93,2134,210864,0,2026-01-03T12:24:02.113388
5.614578535555555,5092,3.5,17.18,2132,210862,0,2026-01-03T12:24:13.513421
5.617745242222222,5093,3.25,17.0,2134,210852,0,2026-01-03T12:24:24.913565
5.620911976666667,5094,3.5,17.0,2134,210824,0,2026-01-03T12:24:36.313809
5.624078690555556,5095,3.25,17.12,2130,210832,0,2026-01-03T12:24:47.713979
5.627245479444444,5096,3.25,16.81,2132,210816,0,2026-01-03T12:24:59.114419
5.630412132777778,5097,3.25,16.93,2126,210834,0,2026-01-03T12:25:10.514371
5.633578844166666,5098,3.25,16.93,2132,210830,0,2026-01-03T12:25:21.914532
5.636745576666667,5099,3.5,16.93,2136,210812,0,2026-01-03T12:25:33.314769
5.639912344722222,5100,3.25,17.06,2124,210808,0,2026-01-03T12:25:44.715134
5.643078999722222,5101,3.75,17.06,2134,210814,0,2026-01-03T12:25:56.115092
5.646245711388889,5102,3.75,17.0,2132,210788,0,2026-01-03T12:26:07.515254
5.649412458055555,5103,3.0,16.93,2134,210790,0,2026-01-03T12:26:18.915542
5.652579175833333,5104,3.5,17.0,2140,210780,0,2026-01-03T12:26:30.315726
5.655745940277778,5105,3.75,16.81,2138,210776,0,2026-01-03T12:26:41.716078
5.658912628333334,5106,3.75,17.12,2138,210762,0,2026-01-03T12:26:53.116155
5.6620793152777775,5107,3.5,17.06,2138,210760,0,2026-01-03T12:27:04.516228
5.665246031944444,5108,3.25,17.06,2138,210754,0,2026-01-03T12:27:15.916408
5.668412753611111,5109,4.0,17.12,2126,210764,0,2026-01-03T12:27:27.316606
5.671579520833333,5110,3.75,17.0,2136,210748,0,2026-01-03T12:27:38.716968
5.674746201666666,5111,3.5,16.93,2138,210746,0,2026-01-03T12:27:50.117019
5.677912942222222,5112,3.75,17.06,2136,210728,0,2026-01-03T12:28:01.517285
5.681079641944445,5113,3.5,17.12,2140,210726,0,2026-01-03T12:28:12.917404
5.6842463627777775,5114,4.0,17.06,2136,210710,0,2026-01-03T12:28:24.317599
5.687413076944445,5115,3.75,17.06,2134,210708,0,2026-01-03T12:28:35.717770
5.690579799722222,5116,3.75,17.0,2128,210700,0,2026-01-03T12:28:47.117972
5.6937465708333335,5117,0.0,0.0,2134,210692,1,2026-01-03T12:28:58.518348
5.696913223888889,5118,4.0,17.0,2136,210686,0,2026-01-03T12:29:09.918299
5.700079936388889,5119,4.0,17.12,2138,210670,0,2026-01-03T12:29:21.318464
5.703246739444444,5120,4.0,16.93,2136,210666,0,2026-01-03T12:29:32.718955
5.706413376944444,5121,4.0,17.0,2142,210652,0,2026-01-03T12:29:44.118850
5.709580165277778,5122,3.75,17.12,2144,210632,0,2026-01-03T12:29:55.519288
5.712746839444445,5123,3.5,17.06,2140,210644,0,2026-01-03T12:30:06.919315
5.715913518055555,5124,3.75,16.93,2138,210642,0,2026-01-03T12:30:18.319358
5.719080250555556,5125,3.5,17.06,2138,210630,0,2026-01-03T12:30:29.719595
5.722246970555555,5126,4.0,17.0,2150,210622,0,2026-01-03T12:30:41.119787
5.725413736944445,5127,4.25,17.06,2152,210606,0,2026-01-03T12:30:52.520146
5.728580527777778,5128,3.75,17.0,2148,210596,0,2026-01-03T12:31:03.920593
5.731747116666667,5129,3.5,17.12,2150,210592,0,2026-01-03T12:31:15.320313
5.734913814722222,5130,3.5,17.12,2154,210598,0,2026-01-03T12:31:26.720426
5.738080595833333,5131,4.0,17.12,2156,210576,0,2026-01-03T12:31:38.120838
5.7412472775,5132,4.0,17.0,2152,210574,0,2026-01-03T12:31:49.520892
5.744413960555556,5133,4.0,17.12,2148,210556,0,2026-01-03T12:32:00.920951
5.7475807025,5134,3.75,17.0,2136,210548,0,2026-01-03T12:32:12.321222
5.750747412777778,5135,3.75,17.06,2132,210524,0,2026-01-03T12:32:23.721379
5.753914116111111,5136,3.75,16.93,2128,210526,0,2026-01-03T12:32:35.121511
5.757080826944445,5137,4.0,17.06,2128,210504,0,2026-01-03T12:32:46.521670
5.760247561111111,5138,3.75,17.12,2126,210514,0,2026-01-03T12:32:57.921913
5.7634143225,5139,4.25,17.12,2132,210502,0,2026-01-03T12:33:09.322254
5.7665809625,5140,4.5,17.18,2152,210500,0,2026-01-03T12:33:20.722158
5.769747661388889,5141,3.5,17.18,2150,210480,0,2026-01-03T12:33:32.122274
5.772914400833334,5142,4.25,17.12,2154,210480,0,2026-01-03T12:33:43.522536
5.776081177777778,5143,4.0,17.0,2154,210450,0,2026-01-03T12:33:54.922933
5.779247881944444,5144,4.0,17.12,2150,210460,0,2026-01-03T12:34:06.323068
5.782414545555556,5145,4.25,17.06,2152,210432,0,2026-01-03T12:34:17.723057
5.785581265,5146,4.0,17.06,2150,210442,0,2026-01-03T12:34:29.123247
5.788747973333333,5147,4.0,17.12,2158,210406,0,2026-01-03T12:34:40.523397
5.791914680833333,5148,4.0,17.0,2158,210416,0,2026-01-03T12:34:51.923544
5.795081444166667,5149,4.25,17.18,2160,210408,0,2026-01-03T12:35:03.323892
5.7982481375,5150,3.75,17.0,2160,210382,0,2026-01-03T12:35:14.723988
5.801414853888889,5151,4.25,17.06,2160,210382,0,2026-01-03T12:35:26.124167
5.804581562222222,5152,3.75,17.06,2164,210366,0,2026-01-03T12:35:37.524317
5.807748253888889,5153,4.25,17.06,2162,210366,0,2026-01-03T12:35:48.924407
5.8109149775,5154,4.25,17.12,2164,210348,0,2026-01-03T12:36:00.324612
5.814081699166667,5155,4.0,17.06,2164,210336,0,2026-01-03T12:36:11.724810
5.817248500555555,5156,4.0,17.06,2162,210318,0,2026-01-03T12:36:23.125295
5.820415163888889,5157,4.0,17.18,2164,210326,0,2026-01-03T12:36:34.525283
5.82358185,5158,4.25,17.12,2164,210322,0,2026-01-03T12:36:45.925353
5.826748533611111,5159,4.25,17.12,2166,210306,0,2026-01-03T12:36:57.325414
5.8299153030555555,5160,4.0,17.12,2168,210300,0,2026-01-03T12:37:08.725784
5.833082023333334,5161,4.25,16.93,2168,210290,0,2026-01-03T12:37:20.125977
5.836248703888889,5162,4.0,17.18,2168,210288,0,2026-01-03T12:37:31.526027
5.839415398888889,5163,4.25,17.25,2170,210260,0,2026-01-03T12:37:42.926129
5.842582143611111,5164,4.25,17.12,2174,210268,0,2026-01-03T12:37:54.326410
5.845748808611111,5165,4.5,17.12,2174,210252,0,2026-01-03T12:38:05.726404
5.8489155791666665,5166,4.25,17.12,2174,210232,0,2026-01-03T12:38:17.126778
5.852082255277778,5167,4.5,17.18,2174,210218,0,2026-01-03T12:38:28.526812
5.855248968333333,5168,4.25,17.06,2174,210210,0,2026-01-03T12:38:39.926979
5.8584156875,5169,4.5,17.18,2174,210214,0,2026-01-03T12:38:51.327168
5.861582365555556,5170,4.25,17.12,2176,210222,0,2026-01-03T12:39:02.727209
5.8647490908333335,5171,4.25,17.18,2176,210178,0,2026-01-03T12:39:14.127420
5.867915817222222,5172,4.5,17.12,2174,210204,0,2026-01-03T12:39:25.527635
5.871082531388889,5173,4.0,17.12,2176,210182,0,2026-01-03T12:39:36.927806
5.874249245833333,5174,4.25,17.12,2176,210178,0,2026-01-03T12:39:48.327978
5.8774159388888885,5175,4.5,17.18,2164,210144,0,2026-01-03T12:39:59.728073
5.880582651944445,5176,4.25,17.06,2168,210156,0,2026-01-03T12:40:11.128240
5.883749371666666,5177,4.5,17.25,2158,210142,0,2026-01-03T12:40:22.528431
5.886916076388889,5178,4.5,17.12,2158,210132,0,2026-01-03T12:40:33.928568
5.890082802777778,5179,4.5,17.12,2160,210120,0,2026-01-03T12:40:45.328783
5.8932495127777775,5180,4.5,17.06,2166,210100,0,2026-01-03T12:40:56.728939
5.896416220833333,5181,4.5,17.25,2152,210096,0,2026-01-03T12:41:08.129088
5.899582931388889,5182,4.75,17.18,2160,210090,0,2026-01-03T12:41:19.529246
5.902749631944444,5183,4.25,17.06,2162,210096,0,2026-01-03T12:41:30.929368
5.9059163408333335,5184,4.0,17.06,2164,210082,0,2026-01-03T12:41:42.329520
5.909083071944444,5185,4.25,17.18,2140,210078,0,2026-01-03T12:41:53.729752
5.912249791944444,5186,4.5,17.12,2118,210068,0,2026-01-03T12:42:05.129944
5.915416545555556,5187,4.75,17.18,2136,210028,0,2026-01-03T12:42:16.530257
5.918583240555556,5188,4.75,17.12,2148,210038,0,2026-01-03T12:42:27.930359
5.921749929722222,5189,4.0,17.25,2140,210038,0,2026-01-03T12:42:39.330440
5.9249166475,5190,4.5,17.25,2144,210022,0,2026-01-03T12:42:50.730624
5.928083342222222,5191,4.5,17.06,2142,210008,0,2026-01-03T12:43:02.130725
5.931250096944445,5192,4.5,17.25,2142,209992,0,2026-01-03T12:43:13.531042
5.934416786111111,5193,4.0,17.12,2132,209998,0,2026-01-03T12:43:24.931123
5.937583469444444,5194,4.75,17.25,2130,209994,0,2026-01-03T12:43:36.331183
5.9407501966666665,5195,4.0,17.12,2138,209974,0,2026-01-03T12:43:47.731401
5.9439168944444445,5196,4.5,17.12,2146,209980,0,2026-01-03T12:43:59.131513
5.947083658055556,5197,4.75,17.06,2144,209960,0,2026-01-03T12:44:10.531862
5.950250331944445,5198,4.5,17.31,2142,209968,0,2026-01-03T12:44:21.931888
5.953417051111111,5199,4.75,17.18,2146,209946,0,2026-01-03T12:44:33.332077
5.956583794166667,5200,4.75,17.12,2154,209920,0,2026-01-03T12:44:44.732352
5.959750455555556,5201,5.0,17.06,2154,209924,0,2026-01-03T12:44:56.132333
5.962917179722222,5202,4.75,17.18,2152,209916,0,2026-01-03T12:45:07.532540
5.966083893611111,5203,4.25,17.12,2148,209904,0,2026-01-03T12:45:18.932710
5.969250658888889,5204,5.0,17.25,2146,209896,0,2026-01-03T12:45:30.333065
5.9724173941666665,5205,4.5,17.0,2142,209868,0,2026-01-03T12:45:41.733312
5.975584061666667,5206,5.0,17.06,2146,209870,0,2026-01-03T12:45:53.133315
5.978750732777778,5207,5.25,17.06,2140,209870,0,2026-01-03T12:46:04.533331
5.981917450555556,5208,5.0,17.18,2146,209860,0,2026-01-03T12:46:15.933515
5.985084156944445,5209,4.25,17.18,2148,209832,0,2026-01-03T12:46:27.333658
5.988250911111111,5210,5.0,17.18,2140,209846,0,2026-01-03T12:46:38.733973
5.991417594444444,5211,4.5,17.12,2144,209836,0,2026-01-03T12:46:50.134033
5.9945843086111115,5212,5.0,17.18,2146,209836,0,2026-01-03T12:47:01.534204
5.997751016944444,5213,4.75,17.0,2136,209812,0,2026-01-03T12:47:12.934354
6.0009177183333335,5214,5.0,17.18,2142,209804,0,2026-01-03T12:47:24.334479
6.004084428055555,5215,4.75,17.18,2140,209808,0,2026-01-03T12:47:35.734634
6.0072511475,5216,4.75,17.12,2138,209782,0,2026-01-03T12:47:47.134824
6.010417889166667,5217,4.75,17.25,2136,209782,0,2026-01-03T12:47:58.535094
6.013584636944445,5218,4.75,17.12,2128,209776,0,2026-01-03T12:48:09.935386
6.016751290833334,5219,5.0,17.25,2126,209758,0,2026-01-03T12:48:21.335340
6.019917988055555,5220,5.0,17.18,2136,209746,0,2026-01-03T12:48:32.735450
6.023084766111111,5221,5.0,17.06,2140,209770,0,2026-01-03T12:48:44.135851
6.026251477222222,5222,4.5,17.25,2144,209746,0,2026-01-03T12:48:55.536011
6.0294181163888885,5223,4.75,17.06,2148,209746,0,2026-01-03T12:49:06.935912
6.0325848438888885,5224,5.25,17.37,2148,209738,0,2026-01-03T12:49:18.336131
6.035751551111111,5225,4.75,17.31,2150,209716,0,2026-01-03T12:49:29.736277
6.038918242777778,5226,5.25,17.31,2152,209692,0,2026-01-03T12:49:41.136367
6.042084994722222,5227,4.75,17.06,2152,209698,0,2026-01-03T12:49:52.536674
6.045251690833333,5228,5.0,17.12,2152,209684,0,2026-01-03T12:50:03.936780
6.048418405,5229,5.0,17.25,2152,209692,0,2026-01-03T12:50:15.336951
6.051585148055556,5230,5.25,17.37,2154,209672,0,2026-01-03T12:50:26.737226
6.054751869722222,5231,5.0,17.06,2152,209658,0,2026-01-03T12:50:38.137424
6.057918526666667,5232,5.0,17.25,2152,209680,0,2026-01-03T12:50:49.537389
6.061085223055556,5233,0.0,0.0,2150,209658,1,2026-01-03T12:51:00.937496
6.064251945,5234,5.0,17.18,2140,209640,0,2026-01-03T12:51:12.337695
6.067418661111111,5235,5.25,17.18,2124,209648,0,2026-01-03T12:51:23.737873
6.070585409722222,5236,5.25,17.18,2128,209642,0,2026-01-03T12:51:35.138168
6.073752073055555,5237,5.0,17.31,2132,209656,0,2026-01-03T12:51:46.538156
6.076918784722222,5238,4.75,17.31,2134,209638,0,2026-01-03T12:51:57.938318
6.080085507222222,5239,5.0,17.18,2138,209636,0,2026-01-03T12:52:09.338519
6.083252203333333,5240,5.25,17.25,2146,209628,0,2026-01-03T12:52:20.738625
6.0864189275,5241,5.25,17.18,2152,209622,0,2026-01-03T12:52:32.138832
6.089585664444445,5242,5.0,17.31,2144,209604,0,2026-01-03T12:52:43.539085
6.092752401944445,5243,5.0,17.12,2142,209606,0,2026-01-03T12:52:54.939340
6.095919082222222,5244,5.25,17.31,2152,209590,0,2026-01-03T12:53:06.339389
6.0990857683333335,5245,5.0,17.25,2150,209578,0,2026-01-03T12:53:17.739459
6.1022525975,5246,4.75,17.25,2144,209572,0,2026-01-03T12:53:29.140044
6.105419249722222,5247,5.25,17.25,2132,209600,0,2026-01-03T12:53:40.539992
6.108585959166667,5248,5.0,17.25,2138,209574,0,2026-01-03T12:53:51.940146
6.111752671111111,5249,5.25,17.31,2136,209556,0,2026-01-03T12:54:03.340309
6.1149193466666665,5250,5.5,17.18,2150,209542,0,2026-01-03T12:54:14.740341
6.118086050555555,5251,5.25,17.31,2150,209538,0,2026-01-03T12:54:26.140475
6.121252744166667,5252,5.0,17.31,2152,209522,0,2026-01-03T12:54:37.540572
6.1244194475,5253,5.5,17.25,2154,209538,0,2026-01-03T12:54:48.940704
6.127586181111111,5254,5.5,17.31,2154,209510,0,2026-01-03T12:55:00.340945
6.130752894444444,5255,5.25,17.31,2156,209508,0,2026-01-03T12:55:11.741113
6.133919635,5256,5.0,17.18,2152,209508,0,2026-01-03T12:55:23.141379
6.137086305277778,5257,5.0,17.25,2156,209496,0,2026-01-03T12:55:34.541392
6.140253008888889,5258,4.75,17.18,2150,209494,0,2026-01-03T12:55:45.941525
6.143419719166666,5259,5.0,17.18,2152,209500,0,2026-01-03T12:55:57.341682
6.146586434166666,5260,5.0,17.31,2148,209474,0,2026-01-03T12:56:08.741856
6.1497532,5261,4.75,17.31,2138,209454,0,2026-01-03T12:56:20.142213
6.152919913055555,5262,5.75,17.5,2124,209282,0,2026-01-03T12:56:31.542380
6.1560865669444444,5263,5.25,17.25,2130,209298,0,2026-01-03T12:56:42.942334
6.159253288333334,5264,5.5,17.31,2136,209278,0,2026-01-03T12:56:54.342531
6.162420038611111,5265,5.25,17.25,2142,209248,0,2026-01-03T12:57:05.742832
6.165586759722222,5266,5.0,17.18,2144,209258,0,2026-01-03T12:57:17.143028
6.168753411388889,5267,5.5,17.31,2144,209262,0,2026-01-03T12:57:28.542974
6.171920129722222,5268,5.0,17.18,2146,209256,0,2026-01-03T12:57:39.943160
6.175086855,5269,5.25,17.31,2144,209224,0,2026-01-03T12:57:51.343371
6.178253573055556,5270,5.25,17.43,2146,209214,0,2026-01-03T12:58:02.743556
6.181420363888889,5271,5.5,17.31,2154,209202,0,2026-01-03T12:58:14.144003
6.1845870636111115,5272,5.0,17.37,2158,209190,0,2026-01-03T12:58:25.544122
6.187753795277778,5273,5.25,17.31,2158,209208,0,2026-01-03T12:58:36.944356
6.190920557777778,5274,5.0,17.25,2156,209196,0,2026-01-03T12:58:48.344701
6.194087320555556,5275,5.25,17.31,2156,209178,0,2026-01-03T12:58:59.745047
6.197254035555556,5276,5.25,17.31,2154,209154,0,2026-01-03T12:59:11.145221
6.200420775833333,5277,5.25,17.25,2154,209148,0,2026-01-03T12:59:22.545486
6.2035875266666665,5278,5.0,17.25,2166,209172,0,2026-01-03T12:59:33.945789
6.206754235,5279,5.25,17.25,2166,209152,0,2026-01-03T12:59:45.345939
6.209920996111111,5280,5.25,17.43,2170,209146,0,2026-01-03T12:59:56.746279
6.213087696111111,5281,5.25,17.43,2168,209126,0,2026-01-03T13:00:08.146399
6.216254442222223,5282,5.25,17.18,2162,209134,0,2026-01-03T13:00:19.546685
6.219421235,5283,5.0,17.43,2164,209114,0,2026-01-03T13:00:30.947139
6.222587945,5284,5.25,17.31,2166,209108,0,2026-01-03T13:00:42.347295
6.225754638888889,5285,6.0,17.37,2168,209042,0,2026-01-03T13:00:53.747393
6.228921388333333,5286,5.0,17.31,2164,209000,0,2026-01-03T13:01:05.147691
6.2320881677777775,5287,5.25,17.31,2158,208980,0,2026-01-03T13:01:16.548097
6.235254907777778,5288,5.5,17.37,2166,208974,0,2026-01-03T13:01:27.948361
6.238421572777778,5289,5.5,17.31,2178,208948,0,2026-01-03T13:01:39.348355
6.241588333055556,5290,5.25,17.31,2180,208960,0,2026-01-03T13:01:50.748692
6.244755099444444,5291,5.25,17.31,2178,208942,0,2026-01-03T13:02:02.149051
6.24792183,5292,5.25,17.31,2180,208918,0,2026-01-03T13:02:13.549281
6.251088521944444,5293,5.25,17.18,2182,208900,0,2026-01-03T13:02:24.949372
6.254255231111111,5294,5.5,17.43,2184,208900,0,2026-01-03T13:02:36.349525
6.257422008333333,5295,5.0,17.37,2180,208908,0,2026-01-03T13:02:47.749923
6.260588708611111,5296,5.25,17.18,2192,208900,0,2026-01-03T13:02:59.150044
6.263755429444444,5297,5.5,17.37,2198,208878,0,2026-01-03T13:03:10.550239
6.266922141666667,5298,5.25,17.25,2206,208838,0,2026-01-03T13:03:21.950403
6.2700888875,5299,5.25,17.37,2212,208818,0,2026-01-03T13:03:33.350688
6.2732556016666665,5300,5.75,17.18,2218,208796,0,2026-01-03T13:03:44.750859
6.276422376388889,5301,5.5,17.31,2234,208774,0,2026-01-03T13:03:56.151248
6.279589055555555,5302,5.25,17.31,2240,208796,0,2026-01-03T13:04:07.551293
6.282755817222222,5303,5.5,17.31,2242,208808,0,2026-01-03T13:04:18.951635
6.285922524166667,5304,5.25,17.43,2248,208830,0,2026-01-03T13:04:30.351780
6.289089286944445,5305,5.25,17.31,2252,208844,0,2026-01-03T13:04:41.752126
6.2922559922222225,5306,5.5,17.31,2254,208860,0,2026-01-03T13:04:53.152265
6.295422683888889,5307,5.5,17.43,2258,208858,0,2026-01-03T13:05:04.552355
6.298589421111111,5308,6.0,17.37,2264,208858,0,2026-01-03T13:05:15.952609
6.301756197777777,5309,5.5,17.37,2270,208862,0,2026-01-03T13:05:27.353005
6.304922899722222,5310,5.5,17.31,2272,208854,0,2026-01-03T13:05:38.753132
6.308089606111111,5311,0.0,0.0,2280,208870,1,2026-01-03T13:05:50.153275
6.3112563461111115,5312,5.25,17.37,2282,208870,0,2026-01-03T13:06:01.553539
6.314423050833334,5313,5.5,17.18,2280,208878,0,2026-01-03T13:06:12.953676
6.317589833333333,5314,5.75,17.31,2278,208864,0,2026-01-03T13:06:24.354093
6.320756514722222,5315,5.25,17.31,2272,208850,0,2026-01-03T13:06:35.754146
6.323923243055556,5316,5.5,17.31,2286,208834,0,2026-01-03T13:06:47.154368
6.327089957777778,5317,5.5,17.43,2286,208854,0,2026-01-03T13:06:58.554541
6.330256760555556,5318,5.0,17.37,2258,208834,0,2026-01-03T13:07:09.955031
6.3334234305555555,5319,5.5,17.31,2286,208840,0,2026-01-03T13:07:21.355043
6.336590130833334,5320,5.5,17.31,2292,208818,0,2026-01-03T13:07:32.755164
6.33975685,5321,5.25,17.18,2296,208844,0,2026-01-03T13:07:44.155353
6.342923561666667,5322,5.5,17.18,2298,208840,0,2026-01-03T13:07:55.555515
6.346090335833333,5323,5.5,17.31,2304,208830,0,2026-01-03T13:08:06.955902
6.349257015,5324,5.25,17.25,2304,208804,0,2026-01-03T13:08:18.355947
6.352423731111111,5325,5.25,17.18,2306,208828,0,2026-01-03T13:08:29.756125
6.355590446944444,5326,5.5,17.31,2302,208824,0,2026-01-03T13:08:41.156302
6.358757170277777,5327,5.0,17.18,2308,208822,0,2026-01-03T13:08:52.556506
6.361923903888889,5328,6.0,17.37,2314,208808,0,2026-01-03T13:09:03.956747
6.365090621944445,5329,5.25,17.18,2318,208808,0,2026-01-03T13:09:15.356932
6.368257377777778,5330,5.75,17.31,2320,208808,0,2026-01-03T13:09:26.757253
6.371424078333333,5331,5.75,17.31,2322,208802,0,2026-01-03T13:09:38.157375
6.374590766388889,5332,5.25,17.18,2314,208822,0,2026-01-03T13:09:49.557452
6.377757504444444,5333,5.5,17.25,2326,208834,0,2026-01-03T13:10:00.957709
6.380924233333333,5334,5.5,17.18,2332,208812,0,2026-01-03T13:10:12.357933
6.384091006111111,5335,5.75,17.43,2334,208802,0,2026-01-03T13:10:23.758315
6.387257723888889,5336,5.75,17.31,2334,208792,0,2026-01-03T13:10:35.158499
6.390424371666667,5337,5.75,17.31,2334,208794,0,2026-01-03T13:10:46.558431
6.393591139722222,5338,5.25,17.31,2332,208800,0,2026-01-03T13:10:57.958796
6.396757877222222,5339,5.75,17.37,2332,208780,0,2026-01-03T13:11:09.359051
6.3999246294444445,5340,5.5,17.25,2340,208778,0,2026-01-03T13:11:20.759359
6.40309128,5341,5.5,17.31,2342,208782,0,2026-01-03T13:11:32.159301
6.406257964166667,5342,5.75,17.31,2344,208770,0,2026-01-03T13:11:43.559364
6.409424709722222,5343,5.75,17.31,2336,208760,0,2026-01-03T13:11:54.959648
6.412591429722222,5344,5.5,17.37,2322,208764,0,2026-01-03T13:12:06.359840
6.415758202222222,5345,5.75,17.18,2344,208754,0,2026-01-03T13:12:17.760221
6.41892487,5346,5.5,17.37,2352,208752,0,2026-01-03T13:12:29.160225
6.422091589722222,5347,6.0,17.31,2352,208748,0,2026-01-03T13:12:40.560416
6.425258285277778,5348,5.5,17.31,2358,208756,0,2026-01-03T13:12:51.960520
6.428425075277778,5349,5.5,17.31,2360,208740,0,2026-01-03T13:13:03.360964
6.431591759444444,5350,5.75,17.31,2362,208720,0,2026-01-03T13:13:14.761027
6.4347584936111115,5351,5.5,17.31,2362,208740,0,2026-01-03T13:13:26.161270
6.437925186388889,5352,5.5,17.31,2366,208730,0,2026-01-03T13:13:37.561364
6.441091882777778,5353,5.5,17.31,2370,208728,0,2026-01-03T13:13:48.961471
6.444258647777778,5354,5.5,17.37,2374,208700,0,2026-01-03T13:14:00.361825
6.4474253302777775,5355,5.75,17.37,2376,208722,0,2026-01-03T13:14:11.761882
6.450592074166667,5356,5.75,17.31,2376,208726,0,2026-01-03T13:14:23.162160
6.453758796944444,5357,5.75,17.25,2380,208710,0,2026-01-03T13:14:34.562362
6.456925482222222,5358,5.5,17.31,2382,208694,0,2026-01-03T13:14:45.962429
6.460092197777778,5359,5.75,17.37,2378,208710,0,2026-01-03T13:14:57.362605
6.463258948888889,5360,5.75,17.43,2382,208710,0,2026-01-03T13:15:08.762909
6.4664256941666665,5361,5.5,17.37,2386,208712,0,2026-01-03T13:15:20.163192
6.469592354166666,5362,5.5,17.37,2388,208678,0,2026-01-03T13:15:31.563168
6.4727590825,5363,5.75,17.37,2392,208688,0,2026-01-03T13:15:42.963390
6.4759258144444445,5364,5.5,17.5,2394,208678,0,2026-01-03T13:15:54.363625
6.479092507222222,5365,5.5,17.31,2380,208688,0,2026-01-03T13:16:05.763719
6.4822592752777775,5366,5.5,17.25,2394,208674,0,2026-01-03T13:16:17.164084
6.4854259744444445,5367,5.75,17.43,2378,208678,0,2026-01-03T13:16:28.564201
6.488592673055556,5368,5.75,17.31,2386,208670,0,2026-01-03T13:16:39.964316
6.491759379444445,5369,5.5,17.37,2398,208686,0,2026-01-03T13:16:51.364459
6.494926099722222,5370,5.75,17.31,2404,208668,0,2026-01-03T13:17:02.764652
6.498092868888889,5371,5.75,17.37,2408,208670,0,2026-01-03T13:17:14.165021
6.501259528333334,5372,5.5,17.5,2408,208672,0,2026-01-03T13:17:25.564995
6.504426245555556,5373,5.75,17.5,2408,208662,0,2026-01-03T13:17:36.965177
6.507592970555556,5374,5.25,17.25,2410,208652,0,2026-01-03T13:17:48.365387
6.510759741944445,5375,5.75,17.25,2414,208654,0,2026-01-03T13:17:59.765764
6.513926407777777,5376,5.5,17.31,2416,208664,0,2026-01-03T13:18:11.165761
6.517093106111111,5377,5.5,17.31,2416,208632,0,2026-01-03T13:18:22.565875
6.520259876666667,5378,5.75,17.43,2416,208638,0,2026-01-03T13:18:33.966249
6.523426582222222,5379,6.0,17.43,2420,208632,0,2026-01-03T13:18:45.366389
6.526593246388889,5380,5.75,17.37,2422,208604,0,2026-01-03T13:18:56.766380
6.529759977222223,5381,5.25,17.25,2422,208578,0,2026-01-03T13:19:08.166611
6.532926698333333,5382,5.5,17.37,2416,208604,0,2026-01-03T13:19:19.566807
6.536093409444445,5383,5.75,17.31,2422,208578,0,2026-01-03T13:19:30.966967
6.5392601458333335,5384,5.75,17.5,2416,208586,0,2026-01-03T13:19:42.367218
6.5424268475,5385,5.75,17.43,2420,208538,0,2026-01-03T13:19:53.767344
6.545593572222222,5386,6.0,17.43,2424,208550,0,2026-01-03T13:20:05.167553
6.548760273333333,5387,5.75,17.5,2426,208552,0,2026-01-03T13:20:16.567677
6.551926995277777,5388,5.5,17.43,2426,208540,0,2026-01-03T13:20:27.967876
6.555093726666667,5389,0.0,0.0,2426,208538,1,2026-01-03T13:20:39.368109
6.558260436111111,5390,6.0,17.43,2432,208552,0,2026-01-03T13:20:50.768263
6.561427129166667,5391,5.25,17.5,2434,208518,0,2026-01-03T13:21:02.168358
6.564593862777778,5392,5.5,17.68,2436,208512,0,2026-01-03T13:21:13.568599
6.567760576388889,5393,4.75,17.37,2428,208500,0,2026-01-03T13:21:24.968768
6.570927280833334,5394,5.5,17.5,2434,208534,0,2026-01-03T13:21:36.368904
6.574094008888889,5395,5.5,17.5,2430,208484,0,2026-01-03T13:21:47.769125
6.577260743888889,5396,5.75,17.5,2430,208470,0,2026-01-03T13:21:59.169371
6.580427421111111,5397,5.75,17.43,2432,208478,0,2026-01-03T13:22:10.569409
6.583594160555555,5398,6.0,17.5,2432,208462,0,2026-01-03T13:22:21.969671
6.586760880277778,5399,5.75,17.68,2432,208466,0,2026-01-03T13:22:33.369862
6.589927638333333,5400,5.75,17.43,2434,208454,0,2026-01-03T13:22:44.770191
6.5930943611111115,5401,6.25,17.62,2438,208480,0,2026-01-03T13:22:56.170393
6.5962610136111115,5402,5.75,17.56,2440,208450,0,2026-01-03T13:23:07.570342
6.599427736666667,5403,6.0,17.62,2434,208436,0,2026-01-03T13:23:18.970545
6.6025944461111115,5404,5.5,17.68,2440,208422,0,2026-01-03T13:23:30.370699
6.605761175,5405,5.75,17.56,2444,208436,0,2026-01-03T13:23:41.770923
6.608927928888889,5406,5.5,17.62,2446,208428,0,2026-01-03T13:23:53.171237
6.612094600833333,5407,5.75,17.56,2450,208414,0,2026-01-03T13:24:04.571256
6.615261317777778,5408,5.75,17.56,2442,208386,0,2026-01-03T13:24:15.971437
6.618428029444445,5409,5.75,17.43,2454,208404,0,2026-01-03T13:24:27.371599
6.621594786944445,5410,5.5,17.56,2456,208418,0,2026-01-03T13:24:38.771926
6.6247614825,5411,6.25,17.62,2456,208390,0,2026-01-03T13:24:50.172030
6.627928200277778,5412,5.75,17.43,2460,208390,0,2026-01-03T13:25:01.572214
6.631094876666666,5413,5.5,17.56,2462,208392,0,2026-01-03T13:25:12.972249
6.634261603611111,5414,5.75,17.62,2462,208386,0,2026-01-03T13:25:24.372466
6.637428325,5415,5.75,17.56,2436,208326,0,2026-01-03T13:25:35.772663
6.640595038611111,5416,5.75,17.68,2444,208350,0,2026-01-03T13:25:47.172832
6.643761750555556,5417,6.0,17.62,2436,208330,0,2026-01-03T13:25:58.572995
6.646928491111111,5418,5.5,17.68,2434,208336,0,2026-01-03T13:26:09.973261
6.6500951875,5419,6.0,17.75,2448,208310,0,2026-01-03T13:26:21.373368
6.6532619025,5420,5.75,17.75,2442,208318,0,2026-01-03T13:26:32.773542
6.656428643611111,5421,6.0,17.75,2436,208340,0,2026-01-03T13:26:44.173810
6.659595383888889,5422,5.75,17.62,2438,208318,0,2026-01-03T13:26:55.574075
6.662762040555555,5423,5.75,17.68,2438,208300,0,2026-01-03T13:27:06.974039
6.665928775277778,5424,6.0,17.68,2452,208318,0,2026-01-03T13:27:18.374284
6.669095485555555,5425,6.25,17.68,2452,208312,0,2026-01-03T13:27:29.774441
6.672262218611111,5426,5.5,17.68,2430,208278,0,2026-01-03T13:27:41.174680
6.675428924166667,5427,5.75,17.62,2448,208296,0,2026-01-03T13:27:52.574820
6.678595664722223,5428,6.0,17.87,2456,208284,0,2026-01-03T13:28:03.975086
6.681762341111111,5429,6.0,17.87,2454,208284,0,2026-01-03T13:28:15.375121
6.684929057222222,5430,6.0,17.75,2464,208266,0,2026-01-03T13:28:26.775299
6.688095759444445,5431,5.75,17.68,2470,208284,0,2026-01-03T13:28:38.175427
6.691262544444444,5432,6.0,17.81,2478,208272,0,2026-01-03T13:28:49.575853
6.6944291922222225,5433,5.5,17.62,2478,208234,0,2026-01-03T13:29:00.975785
6.6975959283333335,5434,5.75,17.62,2474,208202,0,2026-01-03T13:29:12.376035
6.700762611944445,5435,5.5,17.68,2488,208212,0,2026-01-03T13:29:23.776096
6.703929353888889,5436,5.75,17.81,2494,208214,0,2026-01-03T13:29:35.176367
6.707096072222222,5437,5.75,17.62,2478,208212,0,2026-01-03T13:29:46.576553
6.710262763888889,5438,5.5,17.68,2506,208168,0,2026-01-03T13:29:57.976643
6.713429489444445,5439,6.0,17.68,2508,208190,0,2026-01-03T13:30:09.376855
6.7165962497222225,5440,5.5,17.68,2480,208180,0,2026-01-03T13:30:20.777192
6.719762944444445,5441,5.5,17.75,2488,208178,0,2026-01-03T13:30:32.177293
6.722929637222222,5442,5.75,17.68,2494,208152,0,2026-01-03T13:30:43.577387
6.726096351111111,5443,5.75,17.75,2500,208150,0,2026-01-03T13:30:54.977557
6.729263115833334,5444,6.0,17.75,2494,208146,0,2026-01-03T13:31:06.377910
6.7324298325,5445,5.5,17.62,2510,208112,0,2026-01-03T13:31:17.778090
6.735596499166666,5446,5.5,17.75,2506,208138,0,2026-01-03T13:31:29.178090
6.738763202777778,5447,5.0,17.75,2494,208102,0,2026-01-03T13:31:40.578223
6.7419299072222225,5448,6.0,17.81,2478,208110,0,2026-01-03T13:31:51.978359
6.745096589722222,5449,5.5,17.87,2478,208066,0,2026-01-03T13:32:03.378416
6.748263260833333,5450,5.5,17.81,2478,208098,0,2026-01-03T13:32:14.778432
6.7514299172222225,5451,5.75,17.75,2478,208090,0,2026-01-03T13:32:26.178395
6.754596596666667,5452,5.5,17.87,2484,208090,0,2026-01-03T13:32:37.578441
6.757763286944445,5453,6.0,17.81,2476,208072,0,2026-01-03T13:32:48.978526
6.760929951666666,5454,5.5,17.81,2474,208082,0,2026-01-03T13:33:00.378519
6.764096609166667,5455,5.25,17.62,2474,208042,0,2026-01-03T13:33:11.778486
6.767263308055556,5456,5.75,17.75,2476,208012,0,2026-01-03T13:33:23.178602
6.770429996666667,5457,5.75,17.81,2478,208036,0,2026-01-03T13:33:34.578681
6.773596736388889,5458,5.75,17.75,2476,208034,0,2026-01-03T13:33:45.978944
6.776763339166667,5459,5.5,17.81,2480,208028,0,2026-01-03T13:33:57.378714
6.779930021944445,5460,5.5,17.87,2480,208004,0,2026-01-03T13:34:08.778772
6.7830967511111115,5461,5.5,17.75,2454,208030,0,2026-01-03T13:34:20.178997
6.786263438333333,5462,5.5,17.62,2474,208010,0,2026-01-03T13:34:31.579071
6.7894300775,5463,5.75,17.62,2468,208020,0,2026-01-03T13:34:42.978972
6.792596733333333,5464,5.75,17.62,2464,207996,0,2026-01-03T13:34:54.378933
6.795763462222222,5465,5.75,17.62,2468,207982,0,2026-01-03T13:35:05.779157
6.798930147777778,5466,5.75,17.68,2466,207990,0,2026-01-03T13:35:17.179225
6.802096825555555,5467,5.5,17.75,2470,207980,0,2026-01-03T13:35:28.579265
6.8052634605555555,5468,5.75,17.75,2472,207960,0,2026-01-03T13:35:39.979151
6.8084301525,5469,5.25,17.5,2476,207968,0,2026-01-03T13:35:51.379242
6.811596858055555,5470,5.5,17.68,2472,207962,0,2026-01-03T13:36:02.779382
6.814763518888889,5471,5.75,17.5,2472,207930,0,2026-01-03T13:36:14.179361
6.817930203055556,5472,5.75,17.68,2474,207926,0,2026-01-03T13:36:25.579424
6.8210968875,5473,5.75,17.62,2476,207936,0,2026-01-03T13:36:36.979488
6.824263555,5474,5.5,17.56,2478,207914,0,2026-01-03T13:36:48.379491
6.8274303175,5475,6.0,17.56,2478,207886,0,2026-01-03T13:36:59.779836
6.830596977222222,5476,5.5,17.62,2478,207900,0,2026-01-03T13:37:11.179811
6.833763614444444,5477,5.5,17.62,2478,207886,0,2026-01-03T13:37:22.579705
6.8369303186111114,5478,6.0,17.62,2478,207890,0,2026-01-03T13:37:33.979840
6.8400970602777775,5479,5.75,17.56,2476,207888,0,2026-01-03T13:37:45.380110
6.8432637397222225,5480,5.5,17.5,2472,207894,0,2026-01-03T13:37:56.780156
6.846430381666667,5481,6.0,17.62,2476,207900,0,2026-01-03T13:38:08.180067
6.849597102222222,5482,5.75,17.68,2488,207862,0,2026-01-03T13:38:19.580261
6.852763799722222,5483,5.75,17.56,2482,207880,0,2026-01-03T13:38:30.980372
6.855930451666667,5484,5.75,17.56,2488,207882,0,2026-01-03T13:38:42.380319
6.859097132222222,5485,6.0,17.43,2476,207866,0,2026-01-03T13:38:53.780369
6.86226384,5486,5.5,17.56,2470,207844,0,2026-01-03T13:39:05.180517
6.865430578611111,5487,5.5,17.43,2470,207862,0,2026-01-03T13:39:16.580776
6.868597206944444,5488,5.75,17.5,2488,207852,0,2026-01-03T13:39:27.980638
6.871763951111111,5489,5.75,17.43,2494,207864,0,2026-01-03T13:39:39.380917
6.874930597222222,5490,6.0,17.62,2502,207854,0,2026-01-03T13:39:50.780843
6.878097308888889,5491,6.0,17.56,2482,207852,0,2026-01-03T13:40:02.181005
6.881264046388889,5492,6.0,17.43,2500,207862,0,2026-01-03T13:40:13.581260
6.884430740555556,5493,6.0,17.56,2506,207864,0,2026-01-03T13:40:24.981359
6.8875973819444445,5494,5.5,17.31,2516,207860,0,2026-01-03T13:40:36.381268
6.8907640875,5495,6.0,17.56,2516,207840,0,2026-01-03T13:40:47.781408
6.893930786111111,5496,5.5,17.37,2520,207826,0,2026-01-03T13:40:59.181523
6.897097503888889,5497,5.75,17.62,2518,207806,0,2026-01-03T13:41:10.581707
6.900264160833333,5498,5.5,17.43,2522,207810,0,2026-01-03T13:41:21.981672
6.903430847222222,5499,5.75,17.43,2522,207796,0,2026-01-03T13:41:33.381743
6.906597590833333,5500,5.75,17.43,2522,207800,0,2026-01-03T13:41:44.782020
6.909764291944445,5501,6.0,17.43,2520,207764,0,2026-01-03T13:41:56.182144
6.9129309419444445,5502,6.0,17.56,2524,207772,0,2026-01-03T13:42:07.582084
6.916097636111111,5503,5.5,17.37,2514,207772,0,2026-01-03T13:42:18.982183
6.919264352222222,5504,6.0,17.62,2510,207768,0,2026-01-03T13:42:30.382361
6.922431025833333,5505,5.75,17.43,2514,207728,0,2026-01-03T13:42:41.782386
6.9255977,5506,5.75,17.43,2506,207746,0,2026-01-03T13:42:53.182413
6.9287644169444444,5507,6.0,17.37,2508,207724,0,2026-01-03T13:43:04.582594
6.931931131388889,5508,5.5,17.37,2510,207714,0,2026-01-03T13:43:15.982766
6.935097831111111,5509,6.0,17.5,2514,207720,0,2026-01-03T13:43:27.382885
6.938264576388889,5510,5.75,17.31,2514,207714,0,2026-01-03T13:43:38.783168
6.9414312475,5511,6.25,17.43,2516,207724,0,2026-01-03T13:43:50.183184
6.9445979202777774,5512,5.75,17.31,2514,207688,0,2026-01-03T13:44:01.583206
6.947764618888889,5513,6.0,17.5,2514,207702,0,2026-01-03T13:44:12.983321
6.950931328055556,5514,6.0,17.37,2516,207706,0,2026-01-03T13:44:24.383474
6.954097993611111,5515,6.0,17.43,2516,207702,0,2026-01-03T13:44:35.783470
6.9572647369444445,5516,6.0,17.43,2514,207672,0,2026-01-03T13:44:47.183746
6.960431434166667,5517,5.75,17.43,2516,207696,0,2026-01-03T13:44:58.583856
6.963598183055556,5518,6.0,17.18,2516,207684,0,2026-01-03T13:45:09.984152
6.966764841388889,5519,6.0,17.43,2514,207678,0,2026-01-03T13:45:21.384122
6.969931524166666,5520,6.25,17.37,2510,207648,0,2026-01-03T13:45:32.784180
6.973098223333333,5521,5.5,17.18,2512,207670,0,2026-01-03T13:45:44.184297
6.9762649352777775,5522,6.0,17.43,2512,207666,0,2026-01-03T13:45:55.584460
6.979431631111111,5523,6.0,17.31,2512,207642,0,2026-01-03T13:46:06.984565
6.982598364444445,5524,6.0,17.31,2512,207620,0,2026-01-03T13:46:18.384805
6.985765023333333,5525,6.25,17.25,2512,207634,0,2026-01-03T13:46:29.784777
6.988931791944444,5526,6.25,17.25,2508,207628,0,2026-01-03T13:46:41.185144
6.992098503611111,5527,6.25,17.37,2510,207590,0,2026-01-03T13:46:52.585306
6.9952651844444445,5528,6.25,17.31,2508,207596,0,2026-01-03T13:47:03.985357
6.998431851666667,5529,5.75,17.25,2508,207604,0,2026-01-03T13:47:15.385359
7.001598550833333,5530,6.25,17.25,2516,207634,0,2026-01-03T13:47:26.785476
7.004765239166667,5531,6.5,17.37,2514,207588,0,2026-01-03T13:47:38.185554
7.007931950833333,5532,6.25,17.31,2514,207610,0,2026-01-03T13:47:49.585716
7.0110986494444445,5533,6.0,17.37,2512,207584,0,2026-01-03T13:48:00.985831
7.014265361388889,5534,6.25,17.37,2516,207610,0,2026-01-03T13:48:12.385994
7.017432057222222,5535,6.5,17.43,2516,207572,0,2026-01-03T13:48:23.786099
7.020598821111111,5536,6.25,17.25,2512,207590,0,2026-01-03T13:48:35.186449
7.0237654775,5537,6.0,17.25,2512,207568,0,2026-01-03T13:48:46.586412
7.0269321597222225,5538,6.25,17.5,2512,207556,0,2026-01-03T13:48:57.986468
7.030098863888889,5539,6.25,17.31,2512,207550,0,2026-01-03T13:49:09.386603
7.033265576388889,5540,6.5,17.31,2514,207572,0,2026-01-03T13:49:20.786768
7.036432333611111,5541,6.5,17.31,2514,207556,0,2026-01-03T13:49:32.187094
7.0395989925,5542,6.25,17.25,2510,207538,0,2026-01-03T13:49:43.587066
7.042765729444445,5543,6.25,17.25,2508,207542,0,2026-01-03T13:49:54.987319
7.045932416111111,5544,6.75,17.37,2510,207546,0,2026-01-03T13:50:06.387391
7.049099081666666,5545,6.5,17.25,2510,207554,0,2026-01-03T13:50:17.787387
7.052265796666667,5546,6.25,17.25,2510,207504,0,2026-01-03T13:50:29.187561
7.055432530277778,5547,6.0,17.18,2510,207522,0,2026-01-03T13:50:40.587802
7.058599282777778,5548,6.5,17.18,2512,207508,0,2026-01-03T13:50:51.988111
7.061766003333333,5549,6.25,17.31,2510,207514,0,2026-01-03T13:51:03.388305
7.0649326638888885,5550,6.5,17.31,2512,207470,0,2026-01-03T13:51:14.788283
7.068099315833333,5551,6.5,17.37,2512,207492,0,2026-01-03T13:51:26.188230
7.071266015833333,5552,6.75,17.25,2510,207492,0,2026-01-03T13:51:37.588350
7.0744327325,5553,6.75,17.25,2510,207480,0,2026-01-03T13:51:48.988530
7.077599429444445,5554,6.75,17.56,2508,207466,0,2026-01-03T13:52:00.388639
7.080766158888889,5555,6.25,17.18,2510,207462,0,2026-01-03T13:52:11.788865
7.0839328775,5556,6.75,17.31,2508,207454,0,2026-01-03T13:52:23.189052
7.087099609166667,5557,6.5,17.5,2508,207458,0,2026-01-03T13:52:34.589286
7.090266278888889,5558,6.5,17.25,2504,207432,0,2026-01-03T13:52:45.989297
7.093432962222222,5559,6.5,17.43,2510,207434,0,2026-01-03T13:52:57.389357
7.0965996647222225,5560,6.75,17.25,2510,207412,0,2026-01-03T13:53:08.789486
7.099766443611111,5561,6.5,17.5,2506,207424,0,2026-01-03T13:53:20.189890
7.102933170555556,5562,6.75,17.43,2506,207404,0,2026-01-03T13:53:31.590107
7.1060998225,5563,6.5,17.37,2510,207408,0,2026-01-03T13:53:42.990054
7.109266496111111,5564,6.5,17.37,2508,207398,0,2026-01-03T13:53:54.390079
7.1124332302777775,5565,6.75,17.37,2508,207384,0,2026-01-03T13:54:05.790322
7.115599932777778,5566,7.0,17.43,2508,207400,0,2026-01-03T13:54:17.190451
7.118766621111111,5567,6.5,17.43,2510,207384,0,2026-01-03T13:54:28.590529
7.121933321388889,5568,6.5,17.37,2510,207372,0,2026-01-03T13:54:39.990650
7.125100038888889,5569,6.5,17.37,2510,207332,0,2026-01-03T13:54:51.390833
7.128266730555556,5570,6.5,17.31,2510,207344,0,2026-01-03T13:55:02.790923
7.131433434444444,5571,6.5,17.43,2512,207316,0,2026-01-03T13:55:14.191057
7.134600141666667,5572,7.0,17.5,2510,207302,0,2026-01-03T13:55:25.591203
7.1377668552777775,5573,6.75,17.43,2510,207278,0,2026-01-03T13:55:36.991372
7.140933648888889,5574,7.0,17.43,2512,207274,0,2026-01-03T13:55:48.391829
7.144100351666666,5575,6.5,17.37,2510,207246,0,2026-01-03T13:55:59.791959
7.1472669897222225,5576,7.25,17.62,2512,207240,0,2026-01-03T13:56:11.191856
7.150433713888889,5577,6.75,17.5,2510,207200,0,2026-01-03T13:56:22.592063
7.153600414166666,5578,7.0,17.56,2510,207200,0,2026-01-03T13:56:33.992184
7.156767141111111,5579,7.0,17.37,2510,207208,0,2026-01-03T13:56:45.392401
7.159933817222222,5580,7.25,17.5,2512,207164,0,2026-01-03T13:56:56.792435
7.163100497777778,5581,7.0,17.5,2514,207148,0,2026-01-03T13:57:08.192485
7.166267239444444,5582,6.75,17.56,2512,207140,0,2026-01-03T13:57:19.592755
7.169433983888889,5583,6.75,17.43,2514,207116,0,2026-01-03T13:57:30.993035
7.172600653611111,5584,6.25,17.43,2510,207108,0,2026-01-03T13:57:42.393046
7.175767347777778,5585,7.0,17.5,2512,207072,0,2026-01-03T13:57:53.793145
7.1789340458333335,5586,6.75,17.56,2514,207046,0,2026-01-03T13:58:05.193258
7.182100755277777,5587,6.75,17.5,2514,207028,0,2026-01-03T13:58:16.593412
7.185267517222222,5588,7.0,17.5,2514,206988,0,2026-01-03T13:58:27.993755
7.188434168055555,5589,7.25,17.75,2514,206988,0,2026-01-03T13:58:39.393698
7.1916008775,5590,7.25,17.5,2516,206960,0,2026-01-03T13:58:50.793852
7.194767599166667,5591,7.0,17.62,2514,206964,0,2026-01-03T13:59:02.194050
7.1979342936111115,5592,6.75,17.56,2516,206904,0,2026-01-03T13:59:13.594150
7.201101023611111,5593,7.25,17.56,2518,206916,0,2026-01-03T13:59:24.994378
7.2042677077777775,5594,7.25,17.62,2516,206890,0,2026-01-03T13:59:36.394441
7.207434429166667,5595,7.0,17.5,2518,206856,0,2026-01-03T13:59:47.794638
7.210601182777777,5596,7.25,17.62,2520,206834,0,2026-01-03T13:59:59.194951
7.213767896388889,5597,7.5,17.62,2520,206840,0,2026-01-03T14:00:10.595120
7.216934532222222,5598,7.0,17.62,2522,206804,0,2026-01-03T14:00:21.995009
7.220101255,5599,7.0,17.62,2518,206762,0,2026-01-03T14:00:33.395211
7.223267968333333,5600,7.25,17.68,2520,206760,0,2026-01-03T14:00:44.795379
7.226434648055555,5601,7.5,17.68,2520,206760,0,2026-01-03T14:00:56.195426
7.229601356666667,5602,7.25,17.68,2518,206742,0,2026-01-03T14:01:07.595577
7.232768079166667,5603,7.25,17.81,2520,206724,0,2026-01-03T14:01:18.995778
7.235934793333334,5604,7.0,17.56,2518,206722,0,2026-01-03T14:01:30.395949
7.239101552777778,5605,7.25,17.62,2518,206700,0,2026-01-03T14:01:41.796283
7.242268218611111,5606,7.5,17.62,2518,206698,0,2026-01-03T14:01:53.196280
7.245434914722222,5607,7.0,17.43,2516,206670,0,2026-01-03T14:02:04.596386
7.248601634166667,5608,6.75,17.56,2520,206694,0,2026-01-03T14:02:15.996576
7.251768393888889,5609,7.5,17.68,2516,206686,0,2026-01-03T14:02:27.396911
7.254935088888889,5610,7.5,17.62,2516,206680,0,2026-01-03T14:02:38.797013
7.258101743055556,5611,7.5,17.75,2518,206670,0,2026-01-03T14:02:50.196968
7.26126845,5612,7.75,17.87,2518,206668,0,2026-01-03T14:03:01.597113
7.264435144444445,5613,7.5,17.68,2516,206682,0,2026-01-03T14:03:12.997213
7.267601848888889,5614,7.75,17.75,2518,206664,0,2026-01-03T14:03:24.397349
7.270768562222222,5615,7.25,17.56,2514,206684,0,2026-01-03T14:03:35.797517
7.273935258888889,5616,7.25,17.62,2518,206696,0,2026-01-03T14:03:47.197625
7.277102011388889,5617,7.5,17.75,2518,206704,0,2026-01-03T14:03:58.597934
7.280268698333333,5618,7.75,17.87,2516,206688,0,2026-01-03T14:04:09.998007
7.2834354419444445,5619,7.5,17.75,2522,206700,0,2026-01-03T14:04:21.398284
7.286602130833334,5620,7.5,17.62,2518,206718,0,2026-01-03T14:04:32.798364
7.289768815277778,5621,7.5,17.68,2522,206704,0,2026-01-03T14:04:44.198428
7.292935523055555,5622,8.0,17.81,2520,206708,0,2026-01-03T14:04:55.598576
7.296102296111111,5623,7.25,17.75,2518,206722,0,2026-01-03T14:05:06.998959
7.2992689777777775,5624,7.75,17.81,2520,206706,0,2026-01-03T14:05:18.399013
7.3024356613888886,5625,7.75,17.75,2522,206698,0,2026-01-03T14:05:29.799074
7.3056023875,5626,7.5,17.75,2518,206698,0,2026-01-03T14:05:41.199288
7.3087690627777775,5627,8.0,17.62,2520,206698,0,2026-01-03T14:05:52.599319
7.311935791388889,5628,7.5,17.75,2522,206704,0,2026-01-03T14:06:03.999542
7.315102541388889,5629,7.75,17.75,2522,206686,0,2026-01-03T14:06:15.399842
7.318269299444444,5630,7.75,17.75,2522,206698,0,2026-01-03T14:06:26.800171
7.321436044166667,5631,8.0,17.93,2524,206688,0,2026-01-03T14:06:38.200452
7.324602856944445,5632,8.0,17.75,2520,206668,0,2026-01-03T14:06:49.600978
7.3277695775,5633,8.0,17.75,2522,206716,0,2026-01-03T14:07:01.001172
7.330936315555555,5634,8.25,17.81,2510,206698,0,2026-01-03T14:07:12.401429
7.334103061944444,5635,7.75,17.87,2520,206700,0,2026-01-03T14:07:23.801716
7.33726986,5636,8.25,17.75,2520,206676,0,2026-01-03T14:07:35.202189
7.340436551388889,5637,8.25,17.87,2514,206676,0,2026-01-03T14:07:46.602278
7.343603299444444,5638,8.25,17.68,2518,206688,0,2026-01-03T14:07:58.002571
7.346770084444445,5639,8.5,17.68,2518,206682,0,2026-01-03T14:08:09.402997
7.349936849722222,5640,8.25,17.75,2518,206666,0,2026-01-03T14:08:20.803352
7.353103573055556,5641,8.5,17.81,2522,206690,0,2026-01-03T14:08:32.203556
7.356270301388889,5642,8.25,17.87,2524,206678,0,2026-01-03T14:08:43.603778
7.359437058611111,5643,8.0,17.87,2524,206664,0,2026-01-03T14:08:55.004104
7.362603778611111,5644,8.5,17.81,2526,206686,0,2026-01-03T14:09:06.404296
7.365770520833333,5645,8.0,17.93,2522,206670,0,2026-01-03T14:09:17.804568
7.3689372925,5646,8.25,17.81,2522,206686,0,2026-01-03T14:09:29.204946
7.372104021388889,5647,8.5,17.93,2524,206664,0,2026-01-03T14:09:40.605170
7.375270760277778,5648,8.5,17.81,2522,206672,0,2026-01-03T14:09:52.005430
7.378437499722223,5649,8.75,17.87,2526,206668,0,2026-01-03T14:10:03.405692
7.38160423,5650,8.5,17.93,2528,206674,0,2026-01-03T14:10:14.805921
7.384770982777778,5651,8.5,17.81,2520,206658,0,2026-01-03T14:10:26.206231
7.3879377222222224,5652,8.75,17.81,2520,206676,0,2026-01-03T14:10:37.606493
7.391104458333333,5653,8.75,17.81,2522,206668,0,2026-01-03T14:10:49.006743
7.394271270277778,5654,8.25,17.93,2516,206648,0,2026-01-03T14:11:00.407266
7.397437959444445,5655,8.5,17.87,2520,206674,0,2026-01-03T14:11:11.807347
7.400604661111111,5656,8.5,17.87,2516,206690,0,2026-01-03T14:11:23.207473
7.403771406388889,5657,9.0,17.75,2520,206692,0,2026-01-03T14:11:34.607756
7.406938145555555,5658,8.75,17.87,2526,206682,0,2026-01-03T14:11:46.008017
7.410104916666667,5659,8.75,17.81,2526,206688,0,2026-01-03T14:11:57.408393
7.413271614444445,5660,8.75,17.87,2530,206702,0,2026-01-03T14:12:08.808505
7.416438385833334,5661,8.75,17.81,2528,206668,0,2026-01-03T14:12:20.208882
7.419605142222222,5662,8.5,17.81,2552,206692,0,2026-01-03T14:12:31.609205
7.422771814722222,5663,9.0,17.93,2554,206698,0,2026-01-03T14:12:43.009226
7.4259385625,5664,8.75,17.81,2558,206700,0,2026-01-03T14:12:54.409518
7.429105310555555,5665,9.0,17.93,2558,206678,0,2026-01-03T14:13:05.809811
7.432272079166666,5666,9.0,17.87,2528,206708,0,2026-01-03T14:13:17.210178
7.435438757777778,5667,8.75,18.0,2504,206722,0,2026-01-03T14:13:28.610221
7.438605493055555,5668,9.25,17.87,2528,206698,0,2026-01-03T14:13:40.010468
7.441772201666667,5669,9.0,17.93,2534,206716,0,2026-01-03T14:13:51.410619
7.444938962222222,5670,9.0,17.81,2530,206720,0,2026-01-03T14:14:02.810957
7.448105715833333,5671,8.75,17.87,2528,206732,0,2026-01-03T14:14:14.211270
7.4512724086111115,5672,9.25,17.81,2532,206710,0,2026-01-03T14:14:25.611364
7.454439138055555,5673,9.0,17.87,2528,206734,0,2026-01-03T14:14:37.011590
7.457605905277778,5674,9.0,18.0,2540,206740,0,2026-01-03T14:14:48.411952
7.460772658333333,5675,9.25,17.93,2536,206726,0,2026-01-03T14:14:59.812263
7.463939368611111,5676,9.0,17.81,2546,206746,0,2026-01-03T14:15:11.212420
7.4671060986111115,5677,9.25,18.0,2552,206758,0,2026-01-03T14:15:22.612648
7.470272813333334,5678,9.0,17.87,2556,206748,0,2026-01-03T14:15:34.012821
7.473439578055555,5679,9.25,18.0,2554,206738,0,2026-01-03T14:15:45.413174
7.476606264444444,5680,9.0,17.93,2556,206750,0,2026-01-03T14:15:56.813245
7.4797729675,5681,9.0,18.0,2558,206758,0,2026-01-03T14:16:08.213376
7.482939699722222,5682,9.5,17.93,2560,206748,0,2026-01-03T14:16:19.613612
7.486106416388889,5683,9.0,17.93,2562,206730,0,2026-01-03T14:16:31.013792
7.489273210555556,5684,9.0,17.93,2560,206750,0,2026-01-03T14:16:42.414251
7.492439876111111,5685,9.25,17.93,2562,206748,0,2026-01-03T14:16:53.814247
7.495606593055555,5686,9.5,17.93,2562,206736,0,2026-01-03T14:17:05.214428
7.498773329722222,5687,9.75,18.0,2562,206764,0,2026-01-03T14:17:16.614680
7.501940062777778,5688,9.25,17.93,2564,206754,0,2026-01-03T14:17:28.014919
7.505106815833333,5689,9.5,17.81,2564,206762,0,2026-01-03T14:17:39.415230
7.508273539166667,5690,9.25,17.93,2566,206736,0,2026-01-03T14:17:50.815434
7.51144022,5691,9.5,18.0,2566,206750,0,2026-01-03T14:18:02.215485
7.514607025555556,5692,9.25,18.06,2570,206750,0,2026-01-03T14:18:13.615985
7.517773687777778,5693,9.75,18.0,2568,206746,0,2026-01-03T14:18:25.015969
7.520940440555556,5694,9.5,17.93,2568,206736,0,2026-01-03T14:18:36.416279
7.5241071425,5695,9.25,17.93,2570,206750,0,2026-01-03T14:18:47.816406
7.527273885277777,5696,9.75,18.06,2572,206736,0,2026-01-03T14:18:59.216680
7.530440585833333,5697,9.5,18.0,2572,206708,0,2026-01-03T14:19:10.616802
7.533607299444444,5698,9.5,17.93,2574,206734,0,2026-01-03T14:19:22.016971
7.536774034444444,5699,9.5,17.93,2574,206722,0,2026-01-03T14:19:33.417217
7.539940770555556,5700,9.25,18.0,2574,206736,0,2026-01-03T14:19:44.817467
7.543107476388889,5701,9.75,17.93,2578,206712,0,2026-01-03T14:19:56.217608
7.546274259722222,5702,10.0,18.06,2578,206708,0,2026-01-03T14:20:07.618028
7.549440922222222,5703,10.0,18.0,2578,206722,0,2026-01-03T14:20:19.018013
7.552607633333333,5704,9.5,18.0,2578,206722,0,2026-01-03T14:20:30.418173
7.555774354166667,5705,9.5,17.93,2582,206700,0,2026-01-03T14:20:41.818368
7.558941148888889,5706,9.75,17.93,2584,206710,0,2026-01-03T14:20:53.218829
7.562107835277778,5707,9.75,18.06,2584,206710,0,2026-01-03T14:21:04.618900
7.5652745319444445,5708,9.75,18.0,2584,206694,0,2026-01-03T14:21:16.019008
7.568441276944444,5709,9.75,17.93,2586,206710,0,2026-01-03T14:21:27.419290
7.571607985833333,5710,9.75,18.06,2582,206714,0,2026-01-03T14:21:38.819442
7.574774747222222,5711,9.75,18.0,2586,206694,0,2026-01-03T14:21:50.219783
7.5779414294444445,5712,9.75,17.93,2588,206698,0,2026-01-03T14:22:01.619839
7.581108413611111,5713,9.75,18.0,2588,206688,0,2026-01-03T14:22:13.020982
7.584274921666666,5714,10.0,18.0,2588,206696,0,2026-01-03T14:22:24.420411
7.587441576388889,5715,9.75,18.0,2588,206684,0,2026-01-03T14:22:35.820368
7.5906082975,5716,10.0,18.06,2588,206684,0,2026-01-03T14:22:47.220564
7.593775039444444,5717,10.0,18.06,2588,206680,0,2026-01-03T14:22:58.620835
7.596941723055555,5718,10.0,18.06,2588,206664,0,2026-01-03T14:23:10.020896
7.600108528888889,5719,9.75,18.06,2588,206636,0,2026-01-03T14:23:21.421397
7.603275192777778,5720,10.25,18.06,2590,206666,0,2026-01-03T14:23:32.821387
7.606441892222223,5721,10.25,17.93,2590,206646,0,2026-01-03T14:23:44.221505
7.609608660277778,5722,10.0,17.93,2588,206622,0,2026-01-03T14:23:55.621870
7.612775345277778,5723,10.0,18.12,2582,206628,0,2026-01-03T14:24:07.021936
7.615942069166667,5724,10.25,18.0,2586,206626,0,2026-01-03T14:24:18.422142
7.619108799722222,5725,10.25,18.06,2574,206626,0,2026-01-03T14:24:29.822372
7.622275486388889,5726,10.25,18.06,2590,206598,0,2026-01-03T14:24:41.222444
7.625442226388889,5727,10.25,18.0,2590,206622,0,2026-01-03T14:24:52.622708
7.628608955277778,5728,10.0,18.06,2590,206640,0,2026-01-03T14:25:04.022932
7.631775711666666,5729,10.0,18.0,2592,206620,0,2026-01-03T14:25:15.423255
7.634942387222222,5730,10.25,18.12,2592,206602,0,2026-01-03T14:25:26.823287
7.6381090997222225,5731,10.5,18.12,2594,206594,0,2026-01-03T14:25:38.223452
7.641275819444444,5732,10.0,18.0,2592,206598,0,2026-01-03T14:25:49.623643
7.644442562222222,5733,10.25,18.12,2590,206560,0,2026-01-03T14:26:01.023917
7.6476092441666665,5734,10.5,18.12,2564,206518,0,2026-01-03T14:26:12.423972
7.650775965555556,5735,10.25,18.06,2590,206554,0,2026-01-03T14:26:23.824169
7.653942688055555,5736,10.25,18.06,2556,206496,0,2026-01-03T14:26:35.224370
7.65710941,5737,10.25,18.06,2516,206490,0,2026-01-03T14:26:46.624569
7.660276129166666,5738,10.0,18.06,2566,206546,0,2026-01-03T14:26:58.024758
7.6634428436111115,5739,10.25,18.06,2554,206508,0,2026-01-03T14:27:09.424930
7.666609580277778,5740,10.5,18.0,2564,206506,0,2026-01-03T14:27:20.825182
7.669776298333334,5741,10.5,18.06,2558,206506,0,2026-01-03T14:27:32.225367
7.672942977222222,5742,10.25,18.06,2558,206498,0,2026-01-03T14:27:43.625411
7.676109714722222,5743,10.5,18.06,2558,206488,0,2026-01-03T14:27:55.025666
7.679276461388889,5744,10.25,18.12,2550,206456,0,2026-01-03T14:28:06.425954
7.682443234166667,5745,10.25,18.0,2542,206500,0,2026-01-03T14:28:17.826336
7.685609918888889,5746,10.25,18.06,2552,206480,0,2026-01-03T14:28:29.226401
7.6887765861111115,5747,10.25,18.06,2584,206464,0,2026-01-03T14:28:40.626403
7.691943303333334,5748,10.75,18.18,2564,206462,0,2026-01-03T14:28:52.026585
7.695110020833333,5749,10.5,18.06,2570,206470,0,2026-01-03T14:29:03.426768
7.698276788333334,5750,10.25,18.18,2592,206462,0,2026-01-03T14:29:14.827131
7.701443487222222,5751,10.75,18.18,2562,206442,0,2026-01-03T14:29:26.227247
7.704610161111111,5752,10.5,18.06,2582,206470,0,2026-01-03T14:29:37.627273
7.707776888611111,5753,10.25,18.12,2576,206466,0,2026-01-03T14:29:49.027492
7.710943658055555,5754,10.25,18.18,2552,206464,0,2026-01-03T14:30:00.427862
7.7141103766666665,5755,10.5,18.06,2554,206446,0,2026-01-03T14:30:11.828049
7.7172770377777775,5756,10.5,18.06,2556,206456,0,2026-01-03T14:30:23.228029
7.720443746111111,5757,10.75,18.06,2538,206420,0,2026-01-03T14:30:34.628179
7.723610469722222,5758,10.5,18.18,2544,206424,0,2026-01-03T14:30:46.028384
7.726777196111111,5759,10.5,18.06,2540,206440,0,2026-01-03T14:30:57.428599
7.729943933333334,5760,10.5,18.12,2544,206426,0,2026-01-03T14:31:08.828853
7.7331106275,5761,10.75,18.12,2546,206426,0,2026-01-03T14:31:20.228952
7.736277348055555,5762,10.75,18.06,2552,206390,0,2026-01-03T14:31:31.629146
7.739444049166667,5763,10.75,18.12,2546,206418,0,2026-01-03T14:31:43.029270
7.742610773888889,5764,10.75,18.25,2546,206422,0,2026-01-03T14:31:54.429479
7.745777504444445,5765,10.5,18.06,2542,206398,0,2026-01-03T14:32:05.829709
7.748944221388889,5766,10.75,18.25,2534,206402,0,2026-01-03T14:32:17.229890
7.75211092,5767,10.75,18.18,2538,206412,0,2026-01-03T14:32:28.630005
7.755277710833333,5768,11.0,18.18,2538,206394,0,2026-01-03T14:32:40.030452
7.758444348611111,5769,11.0,18.18,2538,206384,0,2026-01-03T14:32:51.430348
7.761611059444444,5770,0.0,0.0,2548,206382,1,2026-01-03T14:33:02.830507
7.764777786111111,5771,11.0,18.18,2550,206372,0,2026-01-03T14:33:14.230723
7.7679445438888886,5772,10.75,18.12,2540,206364,0,2026-01-03T14:33:25.631051
7.771111238611111,5773,10.75,18.18,2544,206380,0,2026-01-03T14:33:37.031152
7.774277928333333,5774,10.75,18.12,2554,206368,0,2026-01-03T14:33:48.431235
7.777444643888889,5775,11.0,18.25,2550,206382,0,2026-01-03T14:33:59.831411
7.780611371111111,5776,10.75,18.18,2542,206362,0,2026-01-03T14:34:11.231629
7.7837781391666665,5777,10.75,18.12,2556,206358,0,2026-01-03T14:34:22.631994
7.786944803611111,5778,10.75,18.12,2542,206344,0,2026-01-03T14:34:34.031986
7.790111534444445,5779,10.75,18.18,2566,206356,0,2026-01-03T14:34:45.432217
7.793278261944445,5780,10.75,18.25,2536,206356,0,2026-01-03T14:34:56.832436
7.796444943611111,5781,10.75,18.18,2552,206340,0,2026-01-03T14:35:08.232490
7.799611667222222,5782,11.25,18.31,2542,206346,0,2026-01-03T14:35:19.632695
7.802778378888889,5783,11.0,18.31,2552,206320,0,2026-01-03T14:35:31.032857
7.805945080833333,5784,10.75,18.06,2550,206342,0,2026-01-03T14:35:42.432984
7.809111866666667,5785,11.25,18.25,2550,206340,0,2026-01-03T14:35:53.833413
7.812278535,5786,11.0,18.25,2552,206328,0,2026-01-03T14:36:05.233419
7.815445209444444,5787,11.5,18.25,2558,206298,0,2026-01-03T14:36:16.633447
7.818611961388889,5788,11.0,18.18,2570,206318,0,2026-01-03T14:36:28.033754
7.8217787266666665,5789,11.0,18.06,2560,206304,0,2026-01-03T14:36:39.434109
7.824945439722222,5790,11.0,18.31,2556,206288,0,2026-01-03T14:36:50.834276
7.8281120883333335,5791,11.0,18.18,2562,206306,0,2026-01-03T14:37:02.234211
7.831278810833333,5792,11.5,18.31,2558,206300,0,2026-01-03T14:37:13.634412
7.8344455122222225,5793,11.0,18.37,2562,206298,0,2026-01-03T14:37:25.034537
7.837612291944445,5794,11.0,18.18,2562,206294,0,2026-01-03T14:37:36.434944
7.840778974722222,5795,11.25,18.18,2564,206308,0,2026-01-03T14:37:47.835002
7.843945671944445,5796,11.0,18.25,2566,206294,0,2026-01-03T14:37:59.235112
7.847112386111111,5797,11.0,18.25,2562,206266,0,2026-01-03T14:38:10.635283
7.8502790919444445,5798,0.0,0.0,2562,206282,1,2026-01-03T14:38:22.035424
7.8534458152777775,5799,11.25,18.18,2564,206272,0,2026-01-03T14:38:33.435628
7.856612523611111,5800,11.0,18.12,2564,206276,0,2026-01-03T14:38:44.835778
7.859779278055556,5801,11.25,18.18,2562,206242,0,2026-01-03T14:38:56.236094
7.862945952777777,5802,11.5,18.31,2564,206262,0,2026-01-03T14:39:07.636123
7.866112703888889,5803,11.25,18.25,2566,206250,0,2026-01-03T14:39:19.036427
7.869279391111111,5804,11.5,18.18,2566,206244,0,2026-01-03T14:39:30.436501
7.872446103611111,5805,11.5,18.25,2566,206250,0,2026-01-03T14:39:41.836666
7.875612841388889,5806,11.5,18.43,2552,206254,0,2026-01-03T14:39:53.236922
7.8787795875,5807,11.5,18.18,2558,206250,0,2026-01-03T14:40:04.637208
7.8819462852777775,5808,11.25,18.18,2562,206230,0,2026-01-03T14:40:16.037320
7.885112928611111,5809,11.5,18.31,2564,206248,0,2026-01-03T14:40:27.437236
7.888279612777778,5810,11.25,18.43,2572,206262,0,2026-01-03T14:40:38.837299
7.891446318055555,5811,11.25,18.12,2572,206224,0,2026-01-03T14:40:50.237438
7.894612979722222,5812,11.25,18.37,2572,206240,0,2026-01-03T14:41:01.637420
7.897779601111111,5813,11.5,18.31,2550,206228,0,2026-01-03T14:41:13.037257
7.900946288888889,5814,11.5,18.31,2556,206226,0,2026-01-03T14:41:24.437333
7.904112938888889,5815,11.75,18.43,2562,206218,0,2026-01-03T14:41:35.837273
7.907279625,5816,11.25,18.18,2570,206228,0,2026-01-03T14:41:47.237343
7.910446311388889,5817,11.0,18.31,2558,206220,0,2026-01-03T14:41:58.637414
7.913612996666667,5818,11.5,18.31,2528,206214,0,2026-01-03T14:42:10.037481
7.916779659444445,5819,11.5,18.25,2544,206206,0,2026-01-03T14:42:21.437467
7.91994634,5820,11.25,18.31,2548,206212,0,2026-01-03T14:42:32.837517
7.923113014722222,5821,11.25,18.18,2542,206202,0,2026-01-03T14:42:44.237546
7.9262797025,5822,12.0,18.31,2548,206172,0,2026-01-03T14:42:55.637622
7.9294464116666665,5823,11.5,18.31,2554,206200,0,2026-01-03T14:43:07.037775
7.932613057222222,5824,11.25,18.25,2554,206222,0,2026-01-03T14:43:18.437699
7.935779796944445,5825,11.5,18.37,2548,206190,0,2026-01-03T14:43:29.837962
7.938946441944444,5826,11.25,18.31,2554,206178,0,2026-01-03T14:43:41.237884
7.942113143055556,5827,11.5,18.25,2556,206208,0,2026-01-03T14:43:52.638008
7.945279843611111,5828,11.5,18.5,2556,206200,0,2026-01-03T14:44:04.038130
7.948446528888889,5829,0.0,0.0,2552,206170,1,2026-01-03T14:44:15.438197
7.951613210833333,5830,11.5,18.37,2542,206176,0,2026-01-03T14:44:26.838252
7.954779856388889,5831,11.75,18.37,2552,206174,0,2026-01-03T14:44:38.238176
7.957946554722223,5832,11.75,18.31,2564,206166,0,2026-01-03T14:44:49.638290
7.9611132425,5833,11.75,18.31,2556,206162,0,2026-01-03T14:45:01.038366
7.964279924166667,5834,11.75,18.37,2556,206178,0,2026-01-03T14:45:12.438420
7.9674466125,5835,12.0,18.31,2558,206166,0,2026-01-03T14:45:23.838498
7.970613315,5836,11.75,18.37,2564,206168,0,2026-01-03T14:45:35.238627
7.973780031944444,5837,11.75,18.25,2568,206162,0,2026-01-03T14:45:46.638808
7.976946744722222,5838,11.75,18.31,2568,206154,0,2026-01-03T14:45:58.038974
7.980113392777778,5839,11.75,18.25,2580,206164,0,2026-01-03T14:46:09.438907
7.983280038611111,5840,12.0,18.31,2572,206142,0,2026-01-03T14:46:20.838832
7.986446744166667,5841,11.75,18.25,2588,206148,0,2026-01-03T14:46:32.238972
7.989613443888889,5842,12.0,18.31,2582,206154,0,2026-01-03T14:46:43.639091
7.992780158611111,5843,11.75,18.31,2570,206130,0,2026-01-03T14:46:55.039264
7.995946813611111,5844,11.75,18.25,2568,206150,0,2026-01-03T14:47:06.439222
7.999113516944444,5845,11.75,18.37,2570,206134,0,2026-01-03T14:47:17.839354
8.002280195,5846,12.0,18.37,2572,206146,0,2026-01-03T14:47:29.239395
8.005446868333333,5847,11.75,18.43,2550,206114,0,2026-01-03T14:47:40.639419
8.008613569444444,5848,12.0,18.43,2574,206126,0,2026-01-03T14:47:52.039543
8.011780279166667,5849,11.75,18.37,2574,206136,0,2026-01-03T14:48:03.439698
8.014947019166666,5850,12.0,18.25,2570,206106,0,2026-01-03T14:48:14.839962
8.0181136475,5851,12.0,18.43,2572,206132,0,2026-01-03T14:48:26.239824
8.0212803425,5852,11.75,18.37,2578,206118,0,2026-01-03T14:48:37.639926
8.024447038333333,5853,12.25,18.31,2576,206124,0,2026-01-03T14:48:49.040031
8.027613744444444,5854,11.75,18.37,2574,206112,0,2026-01-03T14:49:00.440173
8.030780475555556,5855,12.0,18.37,2574,206136,0,2026-01-03T14:49:11.840405
8.033947124722221,5856,12.0,18.31,2572,206120,0,2026-01-03T14:49:23.240342
8.037113806111112,5857,11.5,18.12,2566,206090,0,2026-01-03T14:49:34.640395
8.040280522777778,5858,12.25,18.43,2556,206108,0,2026-01-03T14:49:46.040575
8.04344719861111,5859,12.0,18.37,2576,206100,0,2026-01-03T14:49:57.440608
8.046613908333333,5860,12.25,18.37,2582,206104,0,2026-01-03T14:50:08.840763
8.049780636666666,5861,11.75,18.25,2586,206076,0,2026-01-03T14:50:20.240985
8.052947308333334,5862,11.75,18.31,2592,206074,0,2026-01-03T14:50:31.641003
8.05611399888889,5863,12.0,18.25,2596,206086,0,2026-01-03T14:50:43.041089
8.059280768611112,5864,11.75,18.31,2596,206074,0,2026-01-03T14:50:54.441460
8.062447428333334,5865,12.0,18.25,2598,206086,0,2026-01-03T14:51:05.841435
8.065614084166667,5866,12.0,18.31,2600,206084,0,2026-01-03T14:51:17.241396
8.068780780833332,5867,12.25,18.43,2602,206066,0,2026-01-03T14:51:28.641504
8.071947472777778,5868,12.25,18.43,2602,206064,0,2026-01-03T14:51:40.041595
8.075114248333334,5869,11.75,18.18,2604,206068,0,2026-01-03T14:51:51.441987
8.078280891666667,5870,12.25,18.25,2608,206078,0,2026-01-03T14:52:02.841903
8.0814475975,5871,12.5,18.37,2610,206054,0,2026-01-03T14:52:14.242044
8.084614325,5872,12.25,18.37,2612,206050,0,2026-01-03T14:52:25.642263
8.08778103138889,5873,12.25,18.43,2608,206072,0,2026-01-03T14:52:37.042406
8.090947666388889,5874,12.25,18.37,2614,206066,0,2026-01-03T14:52:48.442292
8.094114365,5875,12.25,18.43,2614,206050,0,2026-01-03T14:52:59.842407
8.097281083333334,5876,12.25,18.43,2606,206060,0,2026-01-03T14:53:11.242593
8.10044782361111,5877,12.0,18.37,2612,206062,0,2026-01-03T14:53:22.642858
8.103614466666667,5878,12.5,18.43,2620,206044,0,2026-01-03T14:53:34.042773
8.106781175277778,5879,12.25,18.37,2618,206038,0,2026-01-03T14:53:45.442924
8.10994788388889,5880,11.75,18.37,2622,206044,0,2026-01-03T14:53:56.843075
8.113114608611111,5881,12.25,18.43,2622,206036,0,2026-01-03T14:54:08.243284
8.116281311944444,5882,12.0,18.37,2624,206026,0,2026-01-03T14:54:19.643416
8.119447974722222,5883,12.5,18.5,2624,206032,0,2026-01-03T14:54:31.043402
8.122614647777779,5884,12.25,18.5,2624,206044,0,2026-01-03T14:54:42.443425
8.12578137138889,5885,12.0,18.31,2626,206026,0,2026-01-03T14:54:53.843630
8.128948078055556,5886,12.0,18.31,2622,206014,0,2026-01-03T14:55:05.243774
8.132114776666667,5887,12.25,18.43,2622,206026,0,2026-01-03T14:55:16.643889
8.135281471111112,5888,12.25,18.31,2622,206020,0,2026-01-03T14:55:28.043989
8.138448199722223,5889,12.0,18.18,2618,205982,0,2026-01-03T14:55:39.444212
8.141614945277778,5890,12.25,18.37,2624,206012,0,2026-01-03T14:55:50.844496
8.144781578333333,5891,12.5,18.43,2626,205996,0,2026-01-03T14:56:02.244375
8.147948272777779,5892,12.75,18.37,2622,206008,0,2026-01-03T14:56:13.644475
8.151114970833333,5893,12.25,18.31,2626,205990,0,2026-01-03T14:56:25.044588
8.15428173361111,5894,12.5,18.43,2626,206000,0,2026-01-03T14:56:36.444934
8.157448375277777,5895,12.25,18.43,2622,205982,0,2026-01-03T14:56:47.844844
8.160615127777778,5896,12.5,18.31,2624,205962,0,2026-01-03T14:56:59.245153
8.163781783055555,5897,12.25,18.56,2626,205980,0,2026-01-03T14:57:10.645112
8.1669484975,5898,0.0,0.0,2622,205958,1,2026-01-03T14:57:22.045284
8.170115201666666,5899,12.25,18.31,2630,205962,0,2026-01-03T14:57:33.445419
8.173281880833333,5900,12.25,18.5,2628,205952,0,2026-01-03T14:57:44.845464
8.17644861111111,5901,12.75,18.37,2620,205968,0,2026-01-03T14:57:56.245693
8.179615304444445,5902,12.5,18.43,2624,205966,0,2026-01-03T14:58:07.645789
8.18278201861111,5903,12.25,18.31,2624,205954,0,2026-01-03T14:58:19.045960
8.185948685555555,5904,12.25,18.43,2626,205966,0,2026-01-03T14:58:30.445961
8.18911540861111,5905,12.5,18.31,2632,205976,0,2026-01-03T14:58:41.846164
8.19228211361111,5906,12.5,18.25,2628,205956,0,2026-01-03T14:58:53.246302
8.195448832222223,5907,12.25,18.31,2626,205932,0,2026-01-03T14:59:04.646489
8.198615512777778,5908,13.0,18.37,2628,205946,0,2026-01-03T14:59:16.046539
8.201782216388889,5909,12.5,18.43,2628,205952,0,2026-01-03T14:59:27.446672
8.204948925555556,5910,12.75,18.37,2624,205928,0,2026-01-03T14:59:38.846825
8.208115628333333,5911,12.5,18.37,2626,205932,0,2026-01-03T14:59:50.246955
8.211282368888888,5912,12.5,18.31,2626,205942,0,2026-01-03T15:00:01.647221
8.214449084444444,5913,12.75,18.37,2624,205954,0,2026-01-03T15:00:13.047397
8.217615791944445,5914,12.5,18.43,2628,205936,0,2026-01-03T15:00:24.447544
8.220782432777778,5915,12.5,18.43,2628,205930,0,2026-01-03T15:00:35.847451
8.22394914638889,5916,12.5,18.56,2626,205932,0,2026-01-03T15:00:47.247620
8.227115840555555,5917,13.0,18.43,2626,205908,0,2026-01-03T15:00:58.647719
8.230282590555555,5918,12.75,18.43,2628,205926,0,2026-01-03T15:01:10.048019
8.233449246388888,5919,12.5,18.5,2632,205926,0,2026-01-03T15:01:21.447980
8.236615980555555,5920,12.75,18.43,2634,205926,0,2026-01-03T15:01:32.848223
8.239782685277778,5921,13.0,18.5,2634,205884,0,2026-01-03T15:01:44.248360
8.242949365,5922,12.75,18.43,2636,205904,0,2026-01-03T15:01:55.648407
8.24611605361111,5923,12.75,18.5,2636,205914,0,2026-01-03T15:02:07.048486
8.249282764444445,5924,12.5,18.37,2636,205882,0,2026-01-03T15:02:18.448645
8.2524495375,5925,13.0,18.56,2636,205916,0,2026-01-03T15:02:29.849028
8.255616224722223,5926,12.5,18.43,2630,205904,0,2026-01-03T15:02:41.249102
8.258782935555555,5927,12.75,18.43,2636,205890,0,2026-01-03T15:02:52.649261
8.261949586944445,5928,12.75,18.43,2634,205890,0,2026-01-03T15:03:04.049206
8.265116323055556,5929,12.5,18.56,2628,205886,0,2026-01-03T15:03:15.449456
8.268282997777778,5930,12.75,18.37,2638,205910,0,2026-01-03T15:03:26.849485
8.27144970888889,5931,12.75,18.43,2636,205870,0,2026-01-03T15:03:38.249645
8.27461641,5932,13.0,18.5,2638,205880,0,2026-01-03T15:03:49.649769
8.277783128888888,5933,12.75,18.43,2638,205884,0,2026-01-03T15:04:01.049957
8.280949883055555,5934,12.75,18.43,2636,205874,0,2026-01-03T15:04:12.450272
8.284116573611112,5935,13.0,18.5,2638,205870,0,2026-01-03T15:04:23.850358
8.287283251666667,5936,13.0,18.56,2638,205884,0,2026-01-03T15:04:35.250399
8.29044993111111,5937,12.75,18.5,2638,205864,0,2026-01-03T15:04:46.650445
8.293616629444445,5938,12.75,18.43,2636,205838,0,2026-01-03T15:04:58.050559
8.296783330555556,5939,13.0,18.5,2638,205868,0,2026-01-03T15:05:09.450683
8.299950103611112,5940,13.0,18.56,2636,205854,0,2026-01-03T15:05:20.851066
8.303116783333333,5941,12.75,18.43,2638,205854,0,2026-01-03T15:05:32.251113
8.306283465833333,5942,12.75,18.5,2640,205844,0,2026-01-03T15:05:43.651170
8.309450189166666,5943,13.0,18.5,2634,205846,0,2026-01-03T15:05:55.051374
8.312616863055556,5944,13.0,18.37,2640,205834,0,2026-01-03T15:06:06.451400
8.315783563611111,5945,12.75,18.43,2640,205836,0,2026-01-03T15:06:17.851522
8.318950269444445,5946,13.0,18.5,2642,205834,0,2026-01-03T15:06:29.251663
8.3221170025,5947,13.25,18.43,2644,205824,0,2026-01-03T15:06:40.651902
8.325283723611111,5948,12.75,18.56,2642,205820,0,2026-01-03T15:06:52.052098
8.328450425,5949,13.25,18.56,2642,205830,0,2026-01-03T15:07:03.452223
8.331617107777777,5950,12.75,18.37,2642,205838,0,2026-01-03T15:07:14.852281
8.334783808888888,5951,12.5,18.5,2642,205816,0,2026-01-03T15:07:26.252405
8.337950513333332,5952,13.0,18.5,2644,205802,0,2026-01-03T15:07:37.652541
8.341117278333334,5953,13.0,18.5,2644,205808,0,2026-01-03T15:07:49.052895
8.344283926388888,5954,13.0,18.56,2634,205798,0,2026-01-03T15:08:00.452828
8.347450623333334,5955,13.0,18.37,2638,205788,0,2026-01-03T15:08:11.852937
8.350617335555556,5956,13.0,18.5,2642,205798,0,2026-01-03T15:08:23.253101
8.353784053333333,5957,13.0,18.62,2646,205810,0,2026-01-03T15:08:34.653285
8.356950724444445,5958,13.0,18.56,2650,205808,0,2026-01-03T15:08:46.053301
8.3601174425,5959,13.25,18.43,2650,205790,0,2026-01-03T15:08:57.453486
8.36328416361111,5960,13.25,18.5,2648,205798,0,2026-01-03T15:09:08.853682
8.366450911944444,5961,0.0,0.0,2652,205784,1,2026-01-03T15:09:20.253976
8.369617635,5962,13.0,18.43,2650,205784,0,2026-01-03T15:09:31.654179
8.372784276111112,5963,13.0,18.68,2650,205786,0,2026-01-03T15:09:43.054087
8.375950991944444,5964,0.0,0.0,2654,205778,1,2026-01-03T15:09:54.454264
8.379117687777779,5965,13.25,18.43,2650,205792,0,2026-01-03T15:10:05.854369
8.38228439,5966,13.25,18.5,2652,205768,0,2026-01-03T15:10:17.254497
8.3854511275,5967,13.0,18.43,2652,205760,0,2026-01-03T15:10:28.654752
8.388617797222222,5968,13.0,18.37,2656,205784,0,2026-01-03T15:10:40.054763
8.391784508055556,5969,13.0,18.56,2654,205760,0,2026-01-03T15:10:51.454922
8.394951211666667,5970,13.0,18.43,2656,205746,0,2026-01-03T15:11:02.855055
8.39811799111111,5971,13.0,18.5,2654,205774,0,2026-01-03T15:11:14.255461
8.4012846425,5972,13.25,18.56,2656,205758,0,2026-01-03T15:11:25.655406
8.40445131861111,5973,13.0,18.43,2656,205738,0,2026-01-03T15:11:37.055440
8.407618091666667,5974,13.25,18.37,2658,205746,0,2026-01-03T15:11:48.455823
8.410784744444445,5975,13.25,18.5,2656,205758,0,2026-01-03T15:11:59.855773
8.413951487222223,5976,13.0,18.43,2654,205744,0,2026-01-03T15:12:11.256047
8.417118156666668,5977,13.0,18.56,2650,205722,0,2026-01-03T15:12:22.656057
8.420284916944444,5978,13.25,18.5,2654,205738,0,2026-01-03T15:12:34.056394
8.423451558333333,5979,13.5,18.5,2656,205732,0,2026-01-03T15:12:45.456303
8.426618244722222,5980,13.25,18.62,2656,205726,0,2026-01-03T15:12:56.856374
8.429784966944444,5981,13.0,18.37,2656,205740,0,2026-01-03T15:13:08.256574
8.43295171111111,5982,13.25,18.68,2658,205742,0,2026-01-03T15:13:19.656853
8.43611844888889,5983,13.0,18.56,2658,205732,0,2026-01-03T15:13:31.057109
8.439285151388889,5984,13.5,18.56,2656,205722,0,2026-01-03T15:13:42.457238
8.44245179638889,5985,13.25,18.37,2656,205726,0,2026-01-03T15:13:53.857160
8.445618527222223,5986,13.0,18.62,2658,205716,0,2026-01-03T15:14:05.257391
8.448785222222222,5987,13.5,18.56,2658,205706,0,2026-01-03T15:14:16.657493
8.451952002222223,5988,13.25,18.5,2656,205710,0,2026-01-03T15:14:28.057901
8.455118679166667,5989,13.25,18.43,2658,205712,0,2026-01-03T15:14:39.457938
8.458285415555556,5990,13.25,18.5,2658,205718,0,2026-01-03T15:14:50.858189
8.461452142777778,5991,13.25,18.5,2658,205698,0,2026-01-03T15:15:02.258407
8.464618873055555,5992,13.0,18.56,2658,205710,0,2026-01-03T15:15:13.658636
8.467785606944444,5993,13.25,18.43,2658,205706,0,2026-01-03T15:15:25.058878
8.470952338333333,5994,13.25,18.5,2658,205682,0,2026-01-03T15:15:36.459111
8.474119073055556,5995,13.25,18.43,2660,205700,0,2026-01-03T15:15:47.859356
8.4772857975,5996,13.25,18.5,2660,205688,0,2026-01-03T15:15:59.259564
8.480452562777778,5997,13.5,18.5,2658,205690,0,2026-01-03T15:16:10.659919
8.483619279444444,5998,13.25,18.56,2660,205682,0,2026-01-03T15:16:22.060099
8.486785981666667,5999,13.25,18.56,2660,205686,0,2026-01-03T15:16:33.460227
8.489952709444445,6000,13.0,18.56,2660,205676,0,2026-01-03T15:16:44.860447
8.493119437222223,6001,13.5,18.5,2660,205670,0,2026-01-03T15:16:56.260667
8.496286209166668,6002,13.25,18.43,2660,205686,0,2026-01-03T15:17:07.661046
8.499452900277777,6003,13.5,18.62,2658,205670,0,2026-01-03T15:17:19.061134
8.502619607777778,6004,13.75,18.5,2660,205678,0,2026-01-03T15:17:30.461281
8.505786353055555,6005,13.5,18.5,2660,205662,0,2026-01-03T15:17:41.861564
8.508953124166666,6006,13.25,18.37,2660,205668,0,2026-01-03T15:17:53.261940
8.512119803888888,6007,13.5,18.62,2660,205660,0,2026-01-03T15:18:04.661987
8.515286522222222,6008,13.5,18.62,2662,205638,0,2026-01-03T15:18:16.062173
8.518453245,6009,13.75,18.62,2658,205666,0,2026-01-03T15:18:27.462375
8.521619966666666,6010,13.5,18.5,2660,205622,0,2026-01-03T15:18:38.862573
8.524786737777777,6011,13.5,18.62,2660,205638,0,2026-01-03T15:18:50.262949
8.527953419444444,6012,13.5,18.56,2664,205618,0,2026-01-03T15:19:01.663003
8.5311201625,6013,13.5,18.68,2660,205648,0,2026-01-03T15:19:13.063278
8.534286860277778,6014,13.5,18.56,2662,205638,0,2026-01-03T15:19:24.463390
8.537453576666667,6015,13.75,18.56,2662,205624,0,2026-01-03T15:19:35.863569
8.540620311666666,6016,13.5,18.5,2662,205630,0,2026-01-03T15:19:47.263815
8.543787045277778,6017,13.5,18.56,2662,205630,0,2026-01-03T15:19:58.664056
8.546953800555556,6018,13.25,18.43,2662,205632,0,2026-01-03T15:20:10.064375
8.550120484722223,6019,13.25,18.37,2660,205604,0,2026-01-03T15:20:21.464438
8.553287224444444,6020,13.5,18.62,2664,205600,0,2026-01-03T15:20:32.864701
8.556453922222222,6021,13.5,18.62,2662,205616,0,2026-01-03T15:20:44.264813
8.55962064138889,6022,13.5,18.56,2664,205606,0,2026-01-03T15:20:55.665002
8.562787344444445,6023,13.5,18.5,2662,205610,0,2026-01-03T15:21:07.065133
8.565954095555556,6024,13.5,18.5,2662,205606,0,2026-01-03T15:21:18.465437
8.569120788055555,6025,13.75,18.62,2662,205588,0,2026-01-03T15:21:29.865530
8.572287531111112,6026,13.5,18.62,2664,205588,0,2026-01-03T15:21:41.265805
8.5754542525,6027,13.0,18.43,2664,205600,0,2026-01-03T15:21:52.666002
8.578621001944445,6028,13.5,18.62,2662,205594,0,2026-01-03T15:22:04.066300
8.581787695,6029,13.5,18.56,2662,205562,0,2026-01-03T15:22:15.466395
8.584954392222222,6030,13.25,18.5,2662,205582,0,2026-01-03T15:22:26.866505
8.588121104722223,6031,13.5,18.5,2662,205598,0,2026-01-03T15:22:38.266670
8.591287825,6032,13.75,18.5,2664,205576,0,2026-01-03T15:22:49.666863
8.59445460361111,6033,13.75,18.62,2662,205552,0,2026-01-03T15:23:01.067266
8.597621258611111,6034,13.25,18.5,2664,205570,0,2026-01-03T15:23:12.467224
8.6007879775,6035,13.5,18.56,2664,205570,0,2026-01-03T15:23:23.867412
8.603954744166666,6036,13.5,18.43,2664,205544,0,2026-01-03T15:23:35.267772
8.607121459166667,6037,13.5,18.43,2664,205560,0,2026-01-03T15:23:46.667946
8.6102881375,6038,13.5,18.37,2666,205558,0,2026-01-03T15:23:58.067988
8.613454857222223,6039,13.75,18.5,2664,205552,0,2026-01-03T15:24:09.468179
8.616621589722222,6040,13.5,18.56,2664,205522,0,2026-01-03T15:24:20.868416
8.619788295,6041,13.5,18.37,2666,205562,0,2026-01-03T15:24:32.268555
8.622954988333333,6042,13.75,18.5,2662,205540,0,2026-01-03T15:24:43.668651
8.626121719722223,6043,13.5,18.43,2658,205522,0,2026-01-03T15:24:55.068884
