elapsed_h,sample,temp_c,internal_c,freq_high,freq_low,fault,timestamp
0.0,63,19.5,17.81,3508,290468,0,2026-01-02T20:28:42.145772
0.0031668191666666665,64,19.25,17.56,3506,290522,0,2026-01-02T20:28:53.546321
0.006333701111111111,65,19.0,17.68,3506,290512,0,2026-01-02T20:29:04.947096
0.009500539166666667,66,17.75,17.56,2062,217820,0,2026-01-02T20:29:16.347713
0.012667435,67,16.0,17.56,2108,213642,0,2026-01-02T20:29:27.748538
0.015834261111111112,68,16.25,17.68,2084,214314,0,2026-01-02T20:29:39.149112
0.0190011275,69,16.0,17.56,2224,214008,0,2026-01-02T20:29:50.549831
0.022167966944444444,70,16.25,17.93,2312,213692,0,2026-01-02T20:30:01.950453
0.025334843055555556,71,16.25,17.75,2364,213316,0,2026-01-02T20:30:13.351207
0.028501701666666667,72,16.25,17.75,2400,212956,0,2026-01-02T20:30:24.751898
0.031668553055555555,73,15.75,17.68,2416,212584,0,2026-01-02T20:30:36.152563
0.034835431388888886,74,15.75,17.75,2434,212300,0,2026-01-02T20:30:47.553325
0.03800226138888889,75,15.75,17.5,2456,212108,0,2026-01-02T20:30:58.953913
0.04116910944444444,76,15.75,17.5,2510,211900,0,2026-01-02T20:31:10.354566
0.04433599388888889,77,15.5,17.62,2532,211760,0,2026-01-02T20:31:21.755350
0.04750283194444444,78,15.0,17.56,2540,211626,0,2026-01-02T20:31:33.155967
0.05066968194444445,79,15.25,17.68,2558,211458,0,2026-01-02T20:31:44.556627
0.053836543611111114,80,15.25,17.68,2562,211374,0,2026-01-02T20:31:55.957329
0.057003415555555555,81,15.25,17.56,2564,211302,0,2026-01-02T20:32:07.358068
0.06017028666666667,82,14.75,17.37,2560,211258,0,2026-01-02T20:32:18.758804
0.06333711166666667,83,15.0,17.56,2560,211208,0,2026-01-02T20:32:30.159374
0.06650397166666666,84,14.5,17.5,2562,211150,0,2026-01-02T20:32:41.560070
0.06967082111111111,85,14.75,17.62,2560,211170,0,2026-01-02T20:32:52.960728
0.07283767222222222,86,14.25,17.37,2562,211132,0,2026-01-02T20:33:04.361392
0.07600454361111111,87,14.25,17.5,2562,211096,0,2026-01-02T20:33:15.762129
0.07917138805555556,88,13.75,17.31,2562,211060,0,2026-01-02T20:33:27.162769
0.08233822944444444,89,14.25,17.62,2564,211006,0,2026-01-02T20:33:38.563398
0.085505115,90,14.0,17.62,2564,210960,0,2026-01-02T20:33:49.964186
0.08867195527777778,91,14.0,17.56,2562,210886,0,2026-01-02T20:34:01.364811
0.09183896972222222,92,13.75,17.43,2616,210876,0,2026-01-02T20:34:12.766063
0.09500567777777778,93,13.75,17.43,2632,210818,0,2026-01-02T20:34:24.166212
0.09817254083333334,94,14.0,17.31,2638,210808,0,2026-01-02T20:34:35.566919
0.10133938416666667,95,13.5,17.56,2648,210754,0,2026-01-02T20:34:46.967555
0.10450624083333333,96,13.5,17.56,2654,210692,0,2026-01-02T20:34:58.368239
0.10767308305555555,97,13.25,17.56,2660,210668,0,2026-01-02T20:35:09.768871
0.11083991916666666,98,13.25,17.56,2662,210644,0,2026-01-02T20:35:21.169481
0.11400681083333333,99,13.0,17.56,2660,210606,0,2026-01-02T20:35:32.570291
0.11717367666666667,100,13.0,17.81,2664,210554,0,2026-01-02T20:35:43.971008
0.1203405038888889,101,13.0,17.56,2670,210500,0,2026-01-02T20:35:55.371586
0.1235073811111111,102,13.25,17.87,2674,210488,0,2026-01-02T20:36:06.772344
0.12667423083333335,103,12.75,17.68,2690,210452,0,2026-01-02T20:36:18.173003
0.12984106916666666,104,12.75,17.68,2688,210396,0,2026-01-02T20:36:29.573621
0.13300794277777778,105,12.5,17.62,2690,210392,0,2026-01-02T20:36:40.974366
0.13617478472222222,106,12.25,17.62,2694,210368,0,2026-01-02T20:36:52.374997
0.13934164916666666,107,12.25,18.0,2694,210342,0,2026-01-02T20:37:03.775709
0.14250850333333334,108,11.75,17.62,2696,210274,0,2026-01-02T20:37:15.176384
0.1456753561111111,109,12.5,18.06,2696,210240,0,2026-01-02T20:37:26.577054
0.14884244583333334,110,12.25,17.87,2694,210228,0,2026-01-02T20:37:37.978577
0.15200907194444443,111,12.0,17.93,2698,210214,0,2026-01-02T20:37:49.378431
0.15517592027777777,112,12.25,17.68,2696,210198,0,2026-01-02T20:38:00.779085
0.15834278055555556,113,12.0,18.0,2700,210166,0,2026-01-02T20:38:12.179782
0.1615096252777778,114,11.75,17.68,2698,210152,0,2026-01-02T20:38:23.580423
0.16467647444444444,115,11.75,17.81,2698,210160,0,2026-01-02T20:38:34.981080
0.16784349083333333,116,11.5,17.81,2698,210144,0,2026-01-02T20:38:46.382339
0.1710101775,117,11.25,17.87,2696,210120,0,2026-01-02T20:38:57.782411
0.17417705194444444,118,11.0,17.75,2696,210134,0,2026-01-02T20:39:09.183159
0.17734390305555556,119,11.25,17.75,2698,210124,0,2026-01-02T20:39:20.583823
0.1805109072222222,120,11.5,17.81,2696,210120,0,2026-01-02T20:39:31.985038
0.18367728388888888,121,11.0,17.68,2692,210074,0,2026-01-02T20:39:43.383994
0.1868445225,122,11.0,17.56,2694,210098,0,2026-01-02T20:39:54.786053
0.1900112863888889,123,10.75,17.68,2692,210080,0,2026-01-02T20:40:06.186403
0.19317781833333333,124,10.75,17.75,2692,210070,0,2026-01-02T20:40:17.585918
0.1963449986111111,125,10.75,17.56,2690,210050,0,2026-01-02T20:40:28.987767
0.19951186722222222,126,10.5,17.5,2688,210050,0,2026-01-02T20:40:40.388494
0.20267869833333332,127,10.75,17.62,2690,210046,0,2026-01-02T20:40:51.789086
0.20584523333333332,128,10.25,17.37,2688,210042,0,2026-01-02T20:41:03.188612
0.20901237083333332,129,10.5,17.75,2684,210018,0,2026-01-02T20:41:14.590307
0.21217928666666666,130,10.25,17.68,2682,209986,0,2026-01-02T20:41:25.991204
0.21534585472222223,131,9.5,17.06,2682,209994,0,2026-01-02T20:41:37.390849
0.21851302055555555,132,10.0,17.43,2680,210014,0,2026-01-02T20:41:48.792646
0.22167985305555554,133,10.0,17.56,2678,210000,0,2026-01-02T20:42:00.193243
0.22484667277777778,134,10.0,17.62,2676,209994,0,2026-01-02T20:42:11.593794
0.22801357166666666,135,10.0,17.5,2676,209988,0,2026-01-02T20:42:22.994630
0.2311804063888889,136,10.0,17.43,2672,209992,0,2026-01-02T20:42:34.395235
0.23434715583333332,137,9.5,17.62,2670,209988,0,2026-01-02T20:42:45.795533
0.237514085,138,9.75,17.68,2668,209994,0,2026-01-02T20:42:57.196478
0.24068095555555555,139,9.5,17.31,2668,209998,0,2026-01-02T20:43:08.597212
0.24384782166666666,140,9.25,17.43,2668,209994,0,2026-01-02T20:43:19.997930
0.24701467583333334,141,9.25,17.37,2664,209990,0,2026-01-02T20:43:31.398605
0.2501814952777778,142,9.0,17.06,2662,209958,0,2026-01-02T20:43:42.799155
0.2533484411111111,143,0.0,0.0,2664,209982,1,2026-01-02T20:43:54.200160
0.25651521694444446,144,9.0,17.37,2664,209990,0,2026-01-02T20:44:05.600553
0.2596821891666667,145,9.0,17.37,2660,209978,0,2026-01-02T20:44:17.001653
0.26284892277777777,146,0.0,0.0,2662,209960,1,2026-01-02T20:44:28.401894
0.26601577444444446,147,8.75,17.43,2658,209964,0,2026-01-02T20:44:39.802560
0.2691826494444444,148,9.0,17.5,2654,209964,0,2026-01-02T20:44:51.203310
0.2723484091666667,149,8.25,17.06,2652,209982,0,2026-01-02T20:45:02.600045
0.2755144536111111,150,8.5,17.5,2650,209972,0,2026-01-02T20:45:13.997805
0.2786803497222222,151,8.0,17.12,2650,209968,0,2026-01-02T20:45:25.395031
0.2818462811111111,152,8.0,17.37,2652,210000,0,2026-01-02T20:45:36.792384
0.2850122711111111,153,7.75,17.43,2650,209988,0,2026-01-02T20:45:48.189948
0.28817830972222225,154,7.5,17.31,2648,209982,0,2026-01-02T20:45:59.587687
0.2913443533333333,155,8.0,17.43,2648,209970,0,2026-01-02T20:46:10.985444
0.2945104511111111,156,7.5,17.25,2648,209986,0,2026-01-02T20:46:22.383396
0.2976765488888889,157,7.75,17.25,2644,209988,0,2026-01-02T20:46:33.781348
0.3008426852777778,158,7.0,17.12,2642,209990,0,2026-01-02T20:46:45.179439
0.3040088525,159,7.25,17.18,2638,209986,0,2026-01-02T20:46:56.577641
0.30717506944444445,160,0.0,0.0,2634,210000,1,2026-01-02T20:47:07.976022
0.3103412688888889,161,7.25,17.56,2632,209972,0,2026-01-02T20:47:19.374340
0.31350748777777776,162,6.75,17.5,2630,209976,0,2026-01-02T20:47:30.772728
0.31667385666666664,163,7.0,17.31,2626,209972,0,2026-01-02T20:47:42.171656
0.32300635361111113,165,7.0,17.62,2622,209962,0,2026-01-02T20:48:04.968645
0.3261726830555556,166,7.25,17.62,2618,209978,0,2026-01-02T20:48:16.367431
0.3293390047222222,167,6.5,17.25,2614,209950,0,2026-01-02T20:48:27.766189
0.33250537277777775,168,6.75,17.56,2614,209964,0,2026-01-02T20:48:39.165114
0.3356717633333333,169,6.5,17.5,2614,209966,0,2026-01-02T20:48:50.564120
0.3388381336111111,170,6.5,17.56,2610,210014,0,2026-01-02T20:49:01.963053
0.3420045352777778,171,6.25,17.75,2606,210010,0,2026-01-02T20:49:13.362099
0.34517094527777775,172,6.5,17.43,2606,209984,0,2026-01-02T20:49:24.761175
0.34833740555555553,173,6.5,17.56,2604,209980,0,2026-01-02T20:49:36.160432
0.3515038372222222,174,6.25,17.56,2604,209990,0,2026-01-02T20:49:47.559586
0.35467039833333336,175,6.75,17.75,2602,210006,0,2026-01-02T20:49:58.959206
0.3578367472222222,176,6.25,17.43,2600,209956,0,2026-01-02T20:50:10.358062
0.3610032327777778,177,6.5,17.68,2600,209980,0,2026-01-02T20:50:21.757410
0.3641697308333333,178,6.5,17.56,2600,209994,0,2026-01-02T20:50:33.156803
0.36733624416666666,179,6.0,17.81,2598,209986,0,2026-01-02T20:50:44.556251
0.37050274972222225,180,5.75,17.75,2596,209960,0,2026-01-02T20:50:55.955671
0.37366928972222224,181,6.25,17.62,2594,209986,0,2026-01-02T20:51:07.355215
0.3768360505555556,182,6.0,17.68,2596,209958,0,2026-01-02T20:51:18.755554
0.38000234055555554,183,6.25,17.62,2594,209954,0,2026-01-02T20:51:30.154198
0.3831689094444444,184,6.0,17.75,2594,209964,0,2026-01-02T20:51:41.553846
0.38633546027777776,185,6.25,18.0,2594,209962,0,2026-01-02T20:51:52.953429
0.3895023025,186,6.0,17.81,2590,209960,0,2026-01-02T20:52:04.354061
0.3926686163888889,187,6.25,17.75,2590,209960,0,2026-01-02T20:52:15.752791
0.39583519944444445,188,6.0,17.93,2586,209946,0,2026-01-02T20:52:27.152490
0.3990017761111111,189,5.75,17.81,2586,209932,0,2026-01-02T20:52:38.552166
0.4021683652777778,190,6.0,18.06,2582,209930,0,2026-01-02T20:52:49.951887
0.405334985,191,5.5,18.0,2582,209922,0,2026-01-02T20:53:01.351718
0.40850168805555553,192,6.0,18.06,2580,209928,0,2026-01-02T20:53:12.751849
0.41166815027777776,193,5.75,18.06,2580,209916,0,2026-01-02T20:53:24.151113
0.4148348188888889,194,5.75,18.18,2578,209916,0,2026-01-02T20:53:35.551120
0.41800130694444443,195,5.5,18.12,2576,209930,0,2026-01-02T20:53:46.950477
0.4211680783333333,196,6.25,18.06,2574,209934,0,2026-01-02T20:53:58.350854
0.42433469944444446,197,5.75,18.0,2572,209912,0,2026-01-02T20:54:09.750690
0.42750140833333333,198,5.75,18.0,2570,209924,0,2026-01-02T20:54:21.150842
0.43066802527777776,199,5.75,18.06,2568,209902,0,2026-01-02T20:54:32.550663
0.43383476583333336,200,5.5,18.18,2566,209904,0,2026-01-02T20:54:43.950929
0.43700129416666667,201,6.0,18.31,2562,209874,0,2026-01-02T20:54:55.350431
0.4401679683333333,202,6.0,18.18,2558,209890,0,2026-01-02T20:55:06.750458
0.44333460027777777,203,5.5,18.12,2554,209902,0,2026-01-02T20:55:18.150333
0.4465012511111111,204,5.5,18.18,2550,209902,0,2026-01-02T20:55:29.550276
0.4496679413888889,205,5.5,18.06,2548,209900,0,2026-01-02T20:55:40.950361
0.45283457388888887,206,5.25,18.06,2542,209946,0,2026-01-02T20:55:52.350238
0.4560012813888889,207,5.5,18.25,2542,209944,0,2026-01-02T20:56:03.750385
0.45916795833333335,208,0.0,0.0,2540,209972,1,2026-01-02T20:56:15.150422
0.46233462416666665,209,5.0,18.25,2540,209974,0,2026-01-02T20:56:26.550419
0.46550134277777777,210,4.75,18.31,2536,209990,0,2026-01-02T20:56:37.950606
0.4686679836111111,211,4.5,17.93,2536,209992,0,2026-01-02T20:56:49.350513
0.4718346752777778,212,4.5,18.25,2534,209994,0,2026-01-02T20:57:00.750603
0.47500134805555555,213,4.5,18.06,2534,209998,0,2026-01-02T20:57:12.150625
0.47816806333333334,214,4.5,18.18,2532,210004,0,2026-01-02T20:57:23.550800
0.4813347536111111,215,4.5,18.06,2530,210028,0,2026-01-02T20:57:34.950885
0.4845014586111111,216,4.25,18.18,2530,210032,0,2026-01-02T20:57:46.351023
0.48766830833333336,217,3.75,18.06,2528,210024,0,2026-01-02T20:57:57.751682
0.49083482666666667,218,4.25,18.18,2528,210022,0,2026-01-02T20:58:09.151148
0.49400155166666665,219,3.75,18.06,2528,210046,0,2026-01-02T20:58:20.551358
0.49716827,220,4.25,18.18,2528,210046,0,2026-01-02T20:58:31.951544
0.5003349344444444,221,3.75,18.25,2524,210028,0,2026-01-02T20:58:43.351536
0.5035016216666667,222,4.0,18.25,2524,210014,0,2026-01-02T20:58:54.751610
0.5066683494444445,223,4.0,18.25,2524,210076,0,2026-01-02T20:59:06.151830
0.5098350497222223,224,3.75,18.31,2520,210094,0,2026-01-02T20:59:17.551951
0.5130017808333334,225,3.75,18.31,2518,210110,0,2026-01-02T20:59:28.952183
0.5161684622222222,226,3.5,18.12,2520,210094,0,2026-01-02T20:59:40.352236
0.5193351641666667,227,3.5,18.18,2518,210120,0,2026-01-02T20:59:51.752363
0.5225018925,228,3.5,18.06,2514,210130,0,2026-01-02T21:00:03.152585
0.5256686108333334,229,3.5,18.18,2514,210130,0,2026-01-02T21:00:14.552771
0.5288353408333333,230,3.5,18.0,2514,210128,0,2026-01-02T21:00:25.952999
0.5320020477777778,231,3.75,18.25,2514,210156,0,2026-01-02T21:00:37.353144
0.5351687452777778,232,3.5,18.06,2512,210150,0,2026-01-02T21:00:48.753255
0.5383354663888889,233,3.0,18.06,2510,210136,0,2026-01-02T21:01:00.153451
0.5415021813888888,234,3.5,18.0,2510,210120,0,2026-01-02T21:01:11.553625
0.5446689327777777,235,3.0,18.0,2508,210166,0,2026-01-02T21:01:22.953930
0.5478356555555556,236,3.0,17.87,2508,210184,0,2026-01-02T21:01:34.354132
0.5510023688888889,237,2.75,17.93,2504,210178,0,2026-01-02T21:01:45.754300
0.5541692025,238,2.75,17.68,2504,210164,0,2026-01-02T21:01:57.154901
0.5573359133333333,239,2.5,17.93,2502,210200,0,2026-01-02T21:02:08.555060
0.5605023838888888,240,2.5,17.81,2500,210198,0,2026-01-02T21:02:19.954354
0.5636695133333334,241,3.0,17.93,2500,210198,0,2026-01-02T21:02:31.356020
0.5668363322222222,242,3.0,17.87,2498,210210,0,2026-01-02T21:02:42.756568
0.5700031908333333,243,3.0,17.93,2496,210222,0,2026-01-02T21:02:54.157259
0.5731696186111112,244,2.5,17.68,2496,210218,0,2026-01-02T21:03:05.556399
0.5763366886111111,245,2.5,17.68,2494,210222,0,2026-01-02T21:03:16.957851
0.5795034658333333,246,2.5,17.87,2494,210210,0,2026-01-02T21:03:28.358249
0.5826702294444445,247,2.5,17.62,2490,210226,0,2026-01-02T21:03:39.758598
0.5858369138888889,248,0.0,0.0,2490,210248,1,2026-01-02T21:03:51.158662
0.5890036227777777,249,2.25,17.68,2488,210252,0,2026-01-02T21:04:02.558814
0.5921705388888889,250,2.5,17.56,2486,210234,0,2026-01-02T21:04:13.959712
0.5953372808333334,251,2.5,17.81,2486,210228,0,2026-01-02T21:04:25.359983
0.5985043505555555,252,2.25,17.81,2484,210236,0,2026-01-02T21:04:36.761434
0.6016711272222223,253,2.0,17.56,2482,210246,0,2026-01-02T21:04:48.161830
0.6048379147222223,254,2.0,17.68,2482,210254,0,2026-01-02T21:04:59.562265
0.6080045313888889,255,2.25,17.56,2482,210226,0,2026-01-02T21:05:10.962085
0.6111711672222222,256,2.25,17.56,2480,210236,0,2026-01-02T21:05:22.361974
0.6143382005555555,257,2.0,17.43,2480,210238,0,2026-01-02T21:05:33.763294
0.6175048513888889,258,1.75,17.62,2480,210266,0,2026-01-02T21:05:45.163237
0.6206718169444444,259,1.75,17.5,2478,210234,0,2026-01-02T21:05:56.564313
0.6238383783333333,260,2.0,17.62,2480,210234,0,2026-01-02T21:06:07.963934
0.6270054455555556,261,1.5,17.43,2478,210250,0,2026-01-02T21:06:19.365376
0.63017221,262,1.5,17.81,2480,210238,0,2026-01-02T21:06:30.765728
0.633339,263,2.0,17.62,2478,210242,0,2026-01-02T21:06:42.166172
0.6365057836111111,264,1.75,17.68,2478,210240,0,2026-01-02T21:06:53.566593
0.6396725638888889,265,1.5,17.5,2480,210244,0,2026-01-02T21:07:04.967002
0.6428393277777777,266,1.5,17.62,2480,210244,0,2026-01-02T21:07:16.367352
0.6460061238888889,267,1.5,17.62,2484,210234,0,2026-01-02T21:07:27.767818
0.6491728919444445,268,2.25,17.68,2484,210232,0,2026-01-02T21:07:39.168183
0.6523396788888889,269,1.75,17.43,2486,210230,0,2026-01-02T21:07:50.568616
0.6555064569444444,270,1.75,17.43,2488,210242,0,2026-01-02T21:08:01.969017
0.6586732263888889,271,1.75,17.56,2488,210240,0,2026-01-02T21:08:13.369387
0.6618400080555555,272,1.75,17.56,2490,210226,0,2026-01-02T21:08:24.769801
0.6650067855555556,273,1.75,17.56,2488,210232,0,2026-01-02T21:08:36.170200
0.6681735436111111,274,1.75,17.43,2488,210242,0,2026-01-02T21:08:47.570529
0.6713403425,275,1.5,17.5,2488,210236,0,2026-01-02T21:08:58.971005
0.6745071027777778,276,0.0,0.0,2490,210228,1,2026-01-02T21:09:10.371342
0.6776738825,277,1.5,17.37,2490,210246,0,2026-01-02T21:09:21.771749
0.6808406722222222,278,1.5,17.43,2492,210230,0,2026-01-02T21:09:33.172192
0.6840074338888888,279,1.5,17.43,2492,210236,0,2026-01-02T21:09:44.572534
0.6871742172222223,280,1.5,17.43,2494,210196,0,2026-01-02T21:09:55.972954
0.6903409813888889,281,2.0,17.31,2494,210240,0,2026-01-02T21:10:07.373305
0.6935077538888889,282,1.75,17.31,2492,210246,0,2026-01-02T21:10:18.773686
0.6966745277777778,283,1.75,17.5,2492,210240,0,2026-01-02T21:10:30.174072
0.6998412863888889,284,1.75,17.43,2492,210208,0,2026-01-02T21:10:41.574403
0.7030080675,285,0.0,0.0,2492,210216,1,2026-01-02T21:10:52.974815
0.7061748230555556,286,1.75,17.5,2494,210208,0,2026-01-02T21:11:04.375135
0.7093416002777778,287,1.5,17.43,2492,210220,0,2026-01-02T21:11:15.775533
0.7125083719444445,288,1.75,17.43,2494,210192,0,2026-01-02T21:11:27.175911
0.7156751488888888,289,1.25,17.31,2494,210200,0,2026-01-02T21:11:38.576308
0.7188419080555556,290,2.0,17.56,2496,210194,0,2026-01-02T21:11:49.976641
0.7220086841666666,291,2.0,17.5,2492,210210,0,2026-01-02T21:12:01.377035
0.7251754416666667,292,2.0,17.37,2494,210194,0,2026-01-02T21:12:12.777362
0.7283422088888889,293,2.0,17.5,2496,210200,0,2026-01-02T21:12:24.177724
0.7315089769444444,294,2.0,17.31,2496,210216,0,2026-01-02T21:12:35.578089
0.734675745,295,1.75,17.37,2498,210204,0,2026-01-02T21:12:46.978454
0.7378426025,296,1.5,17.37,2498,210200,0,2026-01-02T21:12:58.379141
0.7410092872222223,297,1.5,17.25,2498,210186,0,2026-01-02T21:13:09.779206
0.7441760513888889,298,1.75,17.37,2498,210196,0,2026-01-02T21:13:21.179557
0.7473428075,299,1.5,17.37,2500,210186,0,2026-01-02T21:13:32.579879
0.7505095755555555,300,1.75,17.25,2502,210194,0,2026-01-02T21:13:43.980244
0.7536764025,301,1.75,17.25,2500,210182,0,2026-01-02T21:13:55.380821
0.7568431672222222,302,1.75,17.25,2504,210190,0,2026-01-02T21:14:06.781174
0.760009865,303,1.5,17.37,2504,210196,0,2026-01-02T21:14:18.181286
0.7631766502777778,304,1.75,17.5,2504,210190,0,2026-01-02T21:14:29.581713
0.7663433961111111,305,2.25,17.5,2506,210194,0,2026-01-02T21:14:40.981998
0.7695101808333333,306,2.0,17.37,2504,210212,0,2026-01-02T21:14:52.382423
0.7726769672222222,307,2.0,17.31,2506,210222,0,2026-01-02T21:15:03.782854
0.7758437083333334,308,0.0,0.0,2504,210228,1,2026-01-02T21:15:15.183122
0.7790104677777778,309,2.25,17.56,2506,210202,0,2026-01-02T21:15:26.583456
0.7821771980555555,310,1.75,17.37,2506,210226,0,2026-01-02T21:15:37.983685
0.7853439611111112,311,1.75,17.31,2506,210192,0,2026-01-02T21:15:49.384032
0.7885107294444444,312,1.75,17.37,2508,210212,0,2026-01-02T21:16:00.784398
0.7916774866666667,313,0.0,0.0,2506,210194,1,2026-01-02T21:16:12.184724
0.7948442783333334,314,1.75,17.12,2508,210168,0,2026-01-02T21:16:23.585174
0.7980110222222222,315,2.0,17.5,2510,210202,0,2026-01-02T21:16:34.985452
0.8011778472222222,316,1.75,17.37,2508,210184,0,2026-01-02T21:16:46.386022
0.8043445583333333,317,1.75,17.31,2508,210152,0,2026-01-02T21:16:57.786182
0.8075113325,318,1.75,17.37,2510,210150,0,2026-01-02T21:17:09.186569
0.8106780866666666,319,1.75,17.18,2510,210174,0,2026-01-02T21:17:20.586884
0.8138448816666667,320,1.75,17.31,2510,210170,0,2026-01-02T21:17:31.987346
0.81701163,321,1.75,17.37,2508,210166,0,2026-01-02T21:17:43.387640
0.8201783825,322,1.5,17.25,2510,210162,0,2026-01-02T21:17:54.787949
0.8233451527777778,323,1.5,17.25,2510,210152,0,2026-01-02T21:18:06.188322
0.8265119177777778,324,1.75,17.25,2510,210164,0,2026-01-02T21:18:17.588676
0.829678705,325,2.0,17.25,2512,210158,0,2026-01-02T21:18:28.989110
0.8328454166666667,326,1.5,17.18,2512,210144,0,2026-01-02T21:18:40.389272
0.8360118833333333,327,1.25,17.06,2514,210176,0,2026-01-02T21:18:51.788552
0.8391789363888889,328,1.75,17.37,2514,210150,0,2026-01-02T21:19:03.189943
0.8423457266666666,329,1.75,17.31,2512,210138,0,2026-01-02T21:19:14.590388
0.8455124483333334,330,1.75,17.18,2514,210118,0,2026-01-02T21:19:25.990586
0.8486792033333334,331,1.75,17.25,2512,210138,0,2026-01-02T21:19:37.390904
0.8518459758333333,332,1.75,17.18,2516,210132,0,2026-01-02T21:19:48.791285
0.8550127186111112,333,2.5,17.43,2514,210116,0,2026-01-02T21:20:00.191559
0.8581795427777777,334,2.0,17.37,2516,210106,0,2026-01-02T21:20:11.592126
0.8613462561111112,335,1.5,17.12,2516,210104,0,2026-01-02T21:20:22.992294
0.8645129816666667,336,1.75,17.25,2514,210104,0,2026-01-02T21:20:34.392506
0.8676797636111111,337,2.25,17.31,2514,210070,0,2026-01-02T21:20:45.792921
0.8708465133333333,338,1.5,17.31,2514,210076,0,2026-01-02T21:20:57.193220
0.8740133491666666,339,2.0,17.31,2514,210048,0,2026-01-02T21:21:08.593829
0.8771800402777777,340,1.5,17.25,2520,210064,0,2026-01-02T21:21:19.993917
0.8803468188888889,341,1.75,17.37,2522,210054,0,2026-01-02T21:21:31.394320
0.8835135347222223,342,2.0,17.25,2524,210058,0,2026-01-02T21:21:42.794497
0.8866803675,343,1.75,17.25,2520,210050,0,2026-01-02T21:21:54.195095
0.8898470608333333,344,2.0,17.06,2522,210062,0,2026-01-02T21:22:05.595191
0.8930138136111111,345,1.5,17.37,2524,210070,0,2026-01-02T21:22:16.995501
0.8961806066666667,346,2.0,17.25,2522,210054,0,2026-01-02T21:22:28.395956
0.8993473883333334,347,1.5,17.06,2522,210046,0,2026-01-02T21:22:39.796370
0.9025140894444444,348,2.0,17.37,2522,210050,0,2026-01-02T21:22:51.196494
0.9056808758333333,349,1.75,17.12,2524,210064,0,2026-01-02T21:23:02.596925
0.9088476469444444,350,2.0,17.31,2524,210052,0,2026-01-02T21:23:13.997301
0.9120143802777778,351,1.75,17.18,2522,210040,0,2026-01-02T21:23:25.397541
0.9151811775,352,2.0,17.43,2524,210044,0,2026-01-02T21:23:36.798011
0.9183479433333334,353,2.0,17.43,2522,210068,0,2026-01-02T21:23:48.198368
0.9215146263888889,354,2.0,17.31,2524,210066,0,2026-01-02T21:23:59.598427
0.9246813927777778,355,2.0,17.25,2524,210016,0,2026-01-02T21:24:10.998786
0.9278481586111111,356,2.0,17.25,2522,210038,0,2026-01-02T21:24:22.399143
0.9310148961111111,357,2.0,17.18,2524,210032,0,2026-01-02T21:24:33.799398
0.9341816477777778,358,1.75,17.12,2522,210028,0,2026-01-02T21:24:45.199704
0.9373484119444444,359,1.75,17.18,2524,210022,0,2026-01-02T21:24:56.600055
0.9405151886111112,360,2.25,17.31,2524,209972,0,2026-01-02T21:25:08.000451
0.9436820069444445,361,1.5,17.0,2528,210000,0,2026-01-02T21:25:19.400997
0.9468487452777777,362,2.0,17.31,2524,209998,0,2026-01-02T21:25:30.801255
0.9500154383333334,363,2.0,17.18,2526,209990,0,2026-01-02T21:25:42.201350
0.9531822094444444,364,1.75,17.18,2526,209984,0,2026-01-02T21:25:53.601726
0.9563490219444445,365,1.5,17.0,2524,210004,0,2026-01-02T21:26:05.002251
0.9595157138888889,366,2.0,17.12,2528,209986,0,2026-01-02T21:26:16.402342
0.9626825013888889,367,2.25,17.18,2526,209990,0,2026-01-02T21:26:27.802777
0.9658492222222222,368,2.0,17.25,2524,209966,0,2026-01-02T21:26:39.202972
0.9690159916666666,369,1.75,17.25,2526,209982,0,2026-01-02T21:26:50.603342
0.9721827941666666,370,1.75,17.18,2524,209986,0,2026-01-02T21:27:02.003831
0.9753495497222222,371,2.0,17.18,2524,209966,0,2026-01-02T21:27:13.404151
0.9785162633333333,372,1.5,17.06,2520,209946,0,2026-01-02T21:27:24.804320
0.9816830072222222,373,1.75,17.25,2520,209956,0,2026-01-02T21:27:36.204598
0.9848498141666666,374,2.0,17.18,2522,209962,0,2026-01-02T21:27:47.605103
0.9880165208333334,375,1.5,17.25,2520,209968,0,2026-01-02T21:27:59.005247
0.9911832627777778,376,2.0,17.18,2522,209956,0,2026-01-02T21:28:10.405518
0.9943500233333333,377,1.75,17.12,2520,209962,0,2026-01-02T21:28:21.805856
0.9975167727777777,378,1.75,17.18,2522,209984,0,2026-01-02T21:28:33.206154
1.000683536111111,379,1.75,17.25,2522,209958,0,2026-01-02T21:28:44.606502
1.003850336111111,380,2.0,17.37,2522,209950,0,2026-01-02T21:28:56.006982
1.0070170522222222,381,2.0,17.25,2522,209970,0,2026-01-02T21:29:07.407160
1.0101838416666666,382,1.5,17.31,2522,209980,0,2026-01-02T21:29:18.807602
1.0133506161111112,383,2.0,17.18,2522,209972,0,2026-01-02T21:29:30.207990
1.0165173016666667,384,1.75,17.12,2522,209960,0,2026-01-02T21:29:41.608058
1.0196840497222222,385,1.75,17.25,2522,209938,0,2026-01-02T21:29:53.008351
1.0228508169444444,386,1.75,17.31,2524,209956,0,2026-01-02T21:30:04.408713
1.0260175891666667,387,2.0,17.31,2522,209962,0,2026-01-02T21:30:15.809093
1.0291843127777778,388,1.75,17.12,2522,209944,0,2026-01-02T21:30:27.209298
1.0323511477777778,389,1.5,17.12,2522,209946,0,2026-01-02T21:30:38.609904
1.0355178252777777,390,2.25,17.25,2522,209950,0,2026-01-02T21:30:50.009943
1.0386846119444444,391,1.75,17.25,2520,209930,0,2026-01-02T21:31:01.410375
1.04185136,392,2.25,17.12,2520,209944,0,2026-01-02T21:31:12.810668
1.0450181725,393,1.75,17.12,2518,209918,0,2026-01-02T21:31:24.211193
1.0481849005555555,394,1.75,17.12,2520,209918,0,2026-01-02T21:31:35.611414
1.051351615,395,2.0,17.31,2520,209934,0,2026-01-02T21:31:47.011586
1.0545183922222223,396,1.75,17.25,2520,209918,0,2026-01-02T21:31:58.411984
1.0576851652777777,397,2.0,17.31,2520,209898,0,2026-01-02T21:32:09.812367
1.060851905,398,2.25,17.25,2520,209924,0,2026-01-02T21:32:21.212630
1.0640186536111111,399,2.0,17.0,2522,209900,0,2026-01-02T21:32:32.612925
1.067185418888889,400,2.25,17.25,2522,209924,0,2026-01-02T21:32:44.013280
1.0703522236111112,401,1.75,17.25,2522,209910,0,2026-01-02T21:32:55.413777
1.073518976111111,402,1.75,17.18,2522,209934,0,2026-01-02T21:33:06.814086
1.0766856880555555,403,2.25,17.37,2520,209928,0,2026-01-02T21:33:18.214249
1.0798524288888889,404,2.0,17.18,2520,209924,0,2026-01-02T21:33:29.614516
1.0830191641666667,405,2.0,17.06,2522,209914,0,2026-01-02T21:33:41.014763
1.0861859930555555,406,2.25,17.31,2522,209912,0,2026-01-02T21:33:52.415347
1.0893526927777777,407,2.0,17.0,2522,209930,0,2026-01-02T21:34:03.815466
1.0925194527777777,408,1.75,17.0,2522,209924,0,2026-01-02T21:34:15.215802
1.0956862247222223,409,1.75,17.06,2522,209916,0,2026-01-02T21:34:26.616181
1.098852951388889,410,1.75,17.06,2522,209898,0,2026-01-02T21:34:38.016397
1.1020197205555555,411,2.25,17.37,2522,209910,0,2026-01-02T21:34:49.416766
1.1051864763888888,412,1.75,17.12,2522,209916,0,2026-01-02T21:35:00.817087
1.108353216388889,413,2.0,17.0,2522,209916,0,2026-01-02T21:35:12.217351
1.1115200352777779,414,1.75,17.25,2522,209888,0,2026-01-02T21:35:23.617899
1.1146867402777778,415,2.0,17.06,2522,209908,0,2026-01-02T21:35:35.018037
1.1178535111111112,416,1.5,17.12,2522,209890,0,2026-01-02T21:35:46.418412
1.1210202444444444,417,2.25,17.0,2520,209900,0,2026-01-02T21:35:57.818652
1.1241870625,418,1.75,17.0,2522,209882,0,2026-01-02T21:36:09.219197
1.1273537547222223,419,2.0,17.25,2520,209872,0,2026-01-02T21:36:20.619289
1.1305205052777778,420,2.0,17.25,2522,209890,0,2026-01-02T21:36:32.019591
1.1336872744444444,421,1.75,17.0,2522,209888,0,2026-01-02T21:36:43.419960
1.1368540625,422,2.0,17.25,2522,209860,0,2026-01-02T21:36:54.820397
1.1400207919444445,423,1.5,17.06,2522,209852,0,2026-01-02T21:37:06.220623
1.1431875944444445,424,2.25,17.06,2522,209868,0,2026-01-02T21:37:17.621112
1.1463542766666666,425,2.0,17.18,2522,209882,0,2026-01-02T21:37:29.021168
1.14952104,426,1.75,17.0,2522,209866,0,2026-01-02T21:37:40.421516
1.1526878397222222,427,2.0,17.06,2522,209860,0,2026-01-02T21:37:51.821995
1.1558545619444445,428,1.75,16.93,2522,209852,0,2026-01-02T21:38:03.222195
1.1590212977777778,429,2.0,17.12,2522,209858,0,2026-01-02T21:38:14.622444
1.1621880652777778,430,1.75,17.0,2522,209856,0,2026-01-02T21:38:26.022807
1.165354833611111,431,1.75,17.0,2522,209838,0,2026-01-02T21:38:37.423173
1.1685215691666666,432,1.75,17.12,2522,209832,0,2026-01-02T21:38:48.823421
1.1716883927777777,433,2.0,17.06,2520,209830,0,2026-01-02T21:39:00.223986
1.1748550777777778,434,2.25,17.5,2522,209824,0,2026-01-02T21:39:11.624052
1.1780218491666667,435,1.75,17.18,2520,209820,0,2026-01-02T21:39:23.024429
1.1811886602777777,436,1.5,17.0,2520,209826,0,2026-01-02T21:39:34.424949
1.1843554155555556,437,2.0,17.06,2522,209836,0,2026-01-02T21:39:45.825268
1.1875221036111112,438,1.75,17.06,2522,209812,0,2026-01-02T21:39:57.225345
1.1906888708333334,439,1.75,17.12,2522,209818,0,2026-01-02T21:40:08.625707
1.1938556180555555,440,1.75,17.18,2520,209834,0,2026-01-02T21:40:20.025997
1.1970223955555555,441,2.0,17.06,2520,209834,0,2026-01-02T21:40:31.426396
1.2001891805555556,442,1.75,17.18,2520,209808,0,2026-01-02T21:40:42.826822
1.203355896111111,443,2.0,17.18,2520,209812,0,2026-01-02T21:40:54.226998
1.2065226577777777,444,1.5,17.06,2520,209830,0,2026-01-02T21:41:05.627340
1.2096893841666667,445,2.25,17.31,2520,209836,0,2026-01-02T21:41:17.027555
1.2128562047222222,446,2.25,17.25,2518,209818,0,2026-01-02T21:41:28.428109
1.216022908888889,447,1.75,17.18,2518,209826,0,2026-01-02T21:41:39.828244
1.2191896761111112,448,1.75,17.18,2520,209790,0,2026-01-02T21:41:51.228606
1.2223564875,449,1.75,17.25,2520,209814,0,2026-01-02T21:42:02.629127
1.2255232258333333,450,1.75,17.0,2518,209810,0,2026-01-02T21:42:14.029385
1.2286899608333333,451,2.0,17.06,2518,209808,0,2026-01-02T21:42:25.429631
1.231856688611111,452,1.75,17.25,2518,209784,0,2026-01-02T21:42:36.829851
1.2350234505555555,453,2.0,17.12,2516,209816,0,2026-01-02T21:42:48.230194
1.2381901908333333,454,1.75,17.12,2518,209798,0,2026-01-02T21:42:59.630459
1.2413570225,455,2.0,17.25,2518,209808,0,2026-01-02T21:43:11.031053
1.2445237283333332,456,2.0,17.12,2512,209710,0,2026-01-02T21:43:22.431194
1.2476905069444444,457,2.0,17.31,2490,209658,0,2026-01-02T21:43:33.831597
1.2508572802777778,458,2.0,17.06,2488,209648,0,2026-01-02T21:43:45.231981
1.2540240225,459,2.0,17.31,2492,209652,0,2026-01-02T21:43:56.632253
1.2571907263888888,460,1.75,17.18,2494,209644,0,2026-01-02T21:44:08.032387
1.2603575111111112,461,2.0,17.18,2496,209670,0,2026-01-02T21:44:19.432812
1.2635243,462,1.75,17.06,2502,209686,0,2026-01-02T21:44:30.833252
1.2666909997222222,463,0.0,0.0,2506,209710,1,2026-01-02T21:44:42.233371
1.2698578013888888,464,1.75,17.06,2512,209678,0,2026-01-02T21:44:53.633857
1.2730245475,465,2.0,17.12,2514,209704,0,2026-01-02T21:45:05.034143
1.2761912716666666,466,1.75,17.0,2516,209728,0,2026-01-02T21:45:16.434350
1.27935804,467,2.0,17.18,2516,209712,0,2026-01-02T21:45:27.834716
1.2825247805555555,468,2.0,16.93,2512,209724,0,2026-01-02T21:45:39.234982
1.2856915358333334,469,2.0,17.06,2512,209718,0,2026-01-02T21:45:50.635301
1.2888583013888888,470,2.0,16.93,2514,209738,0,2026-01-02T21:46:02.035657
1.2920250458333333,471,2.0,17.06,2516,209740,0,2026-01-02T21:46:13.435937
1.2951918444444444,472,2.0,17.43,2514,209746,0,2026-01-02T21:46:24.836412
1.2983585563888889,473,1.75,16.93,2514,209732,0,2026-01-02T21:46:36.236575
1.3015253136111111,474,2.25,17.18,2516,209746,0,2026-01-02T21:46:47.636901
1.3046920661111112,475,2.0,17.06,2514,209758,0,2026-01-02T21:46:59.037210
1.3078588180555555,476,2.0,17.06,2514,209744,0,2026-01-02T21:47:10.437517
1.3110256141666667,477,2.0,17.37,2514,209712,0,2026-01-02T21:47:21.837983
1.3141923302777778,478,1.75,17.18,2514,209730,0,2026-01-02T21:47:33.238161
1.317359071388889,479,2.0,17.12,2514,209742,0,2026-01-02T21:47:44.638429
1.320525898611111,480,2.0,17.25,2514,209738,0,2026-01-02T21:47:56.039007
1.32369265,481,1.75,16.93,2516,209730,0,2026-01-02T21:48:07.439312
1.3268593452777777,482,2.0,17.12,2514,209754,0,2026-01-02T21:48:18.839415
1.330026123611111,483,2.0,17.0,2516,209742,0,2026-01-02T21:48:30.239817
1.333192891111111,484,1.75,17.06,2514,209752,0,2026-01-02T21:48:41.640180
1.3363596127777777,485,1.25,17.18,2512,209732,0,2026-01-02T21:48:53.040378
1.3395263741666668,486,2.0,17.12,2514,209730,0,2026-01-02T21:49:04.440719
1.3426931347222222,487,1.5,17.25,2512,209732,0,2026-01-02T21:49:15.841057
1.3458599002777778,488,1.75,17.25,2512,209750,0,2026-01-02T21:49:27.241413
1.3490266447222221,489,2.0,17.25,2510,209702,0,2026-01-02T21:49:38.641693
1.3521934172222223,490,1.75,17.12,2510,209728,0,2026-01-02T21:49:50.042074
1.35536015,491,2.0,17.18,2512,209744,0,2026-01-02T21:50:01.442312
1.3585269647222222,492,2.0,17.12,2510,209754,0,2026-01-02T21:50:12.842845
1.3616937330555556,493,2.0,17.18,2510,209728,0,2026-01-02T21:50:24.243211
1.3648604827777777,494,1.75,17.12,2510,209742,0,2026-01-02T21:50:35.643510
1.3680271869444445,495,1.5,17.0,2510,209760,0,2026-01-02T21:50:47.043645
1.3711939358333334,496,2.0,17.12,2510,209728,0,2026-01-02T21:50:58.443941
1.3743607055555556,497,1.5,17.25,2510,209734,0,2026-01-02T21:51:09.844312
1.377527438888889,498,2.25,17.43,2508,209708,0,2026-01-02T21:51:21.244552
1.3806941963888888,499,2.0,17.12,2508,209752,0,2026-01-02T21:51:32.644879
1.3838609516666667,500,1.75,17.0,2508,209732,0,2026-01-02T21:51:44.045198
1.3870277247222222,501,2.0,17.25,2506,209746,0,2026-01-02T21:51:55.445581
1.3901945052777778,502,2.0,17.25,2508,209728,0,2026-01-02T21:52:06.845991
1.393361223611111,503,1.75,17.12,2508,209736,0,2026-01-02T21:52:18.246177
1.3965279766666667,504,2.0,17.06,2508,209720,0,2026-01-02T21:52:29.646488
1.3996947308333334,505,2.0,17.25,2508,209732,0,2026-01-02T21:52:41.046803
1.4028615491666667,506,1.75,17.12,2506,209714,0,2026-01-02T21:52:52.447349
1.406028246388889,507,2.25,17.31,2506,209742,0,2026-01-02T21:53:03.847459
1.4091944672222223,508,1.75,17.31,2508,209720,0,2026-01-02T21:53:15.245854
1.4123602366666668,509,1.5,17.06,2506,209726,0,2026-01-02T21:53:26.642624
1.415526048888889,510,2.25,17.18,2506,209698,0,2026-01-02T21:53:38.039548
1.4186919,511,1.75,17.31,2506,209730,0,2026-01-02T21:53:49.436612
1.4218578069444445,512,2.25,17.43,2508,209686,0,2026-01-02T21:54:00.833877
1.425023761388889,513,2.0,17.12,2506,209698,0,2026-01-02T21:54:12.231313
1.4281896425,514,2.25,17.18,2504,209692,0,2026-01-02T21:54:23.628485
1.431355621388889,515,2.0,17.31,2506,209702,0,2026-01-02T21:54:35.026009
1.4345216455555556,516,2.0,17.31,2506,209706,0,2026-01-02T21:54:46.423696
1.437687693888889,517,1.75,17.06,2506,209710,0,2026-01-02T21:54:57.821470
1.4408537175,518,1.75,17.06,2504,209696,0,2026-01-02T21:55:09.219155
1.4440198630555556,519,2.25,17.18,2506,209698,0,2026-01-02T21:55:20.617279
1.4471859183333333,520,2.25,17.18,2506,209696,0,2026-01-02T21:55:32.015078
1.4503520363888889,521,0.0,0.0,2506,209712,1,2026-01-02T21:55:43.413103
1.4535182225,522,2.0,17.18,2506,209682,0,2026-01-02T21:55:54.811373
1.45668446,523,1.75,17.06,2504,209686,0,2026-01-02T21:56:06.209828
1.4598505727777777,524,1.5,17.06,2504,209698,0,2026-01-02T21:56:17.607834
1.4630168016666667,525,1.75,17.12,2504,209690,0,2026-01-02T21:56:29.006258
1.466183056111111,526,1.75,17.0,2504,209700,0,2026-01-02T21:56:40.404774
1.4693493097222223,527,2.0,17.18,2504,209670,0,2026-01-02T21:56:51.803287
1.4725155888888888,528,1.5,17.06,2504,209692,0,2026-01-02T21:57:03.201892
1.4756818225,529,1.5,17.25,2504,209690,0,2026-01-02T21:57:14.600333
1.478848133611111,530,1.5,17.18,2504,209706,0,2026-01-02T21:57:25.999053
1.4820144755555555,531,1.75,17.12,2504,209672,0,2026-01-02T21:57:37.397884
1.4851807302777777,532,1.75,17.25,2504,209702,0,2026-01-02T21:57:48.796401
1.4883470916666666,533,1.75,17.12,2504,209684,0,2026-01-02T21:58:00.195302
1.491513406111111,534,0.0,0.0,2502,209698,1,2026-01-02T21:58:11.594034
1.4946797922222221,535,1.5,17.06,2504,209674,0,2026-01-02T21:58:22.993024
1.4978462272222222,536,2.0,17.25,2502,209686,0,2026-01-02T21:58:34.392190
1.501012596388889,537,2.0,17.06,2504,209692,0,2026-01-02T21:58:45.791119
1.504178935,538,2.0,17.12,2504,209690,0,2026-01-02T21:58:57.189938
1.5073453586111112,539,1.75,17.0,2504,209680,0,2026-01-02T21:59:08.589063
1.5105117475,540,2.25,17.18,2504,209658,0,2026-01-02T21:59:19.988063
1.513678221111111,541,2.0,17.06,2504,209668,0,2026-01-02T21:59:31.387368
1.5168446252777779,542,1.75,17.0,2504,209676,0,2026-01-02T21:59:42.786423
1.520011061111111,543,2.0,17.12,2502,209668,0,2026-01-02T21:59:54.185592
1.5231775694444445,544,1.75,17.12,2502,209656,0,2026-01-02T22:00:05.585022
1.526344016111111,545,2.0,17.12,2506,209660,0,2026-01-02T22:00:16.984230
1.5295104213888888,546,0.0,0.0,2504,209674,1,2026-01-02T22:00:28.383289
1.5326768913888889,547,1.75,17.0,2502,209670,0,2026-01-02T22:00:39.782581
1.5358433708333334,548,1.5,16.93,2504,209642,0,2026-01-02T22:00:51.181907
1.5390098708333333,549,2.25,17.37,2502,209656,0,2026-01-02T22:01:02.581307
1.5421763452777777,550,1.5,17.25,2504,209658,0,2026-01-02T22:01:13.980615
1.54534285,551,1.75,17.31,2500,209650,0,2026-01-02T22:01:25.380032
1.5485093480555556,552,2.0,17.31,2504,209630,0,2026-01-02T22:01:36.779425
1.551675916111111,553,1.75,17.18,2500,209654,0,2026-01-02T22:01:48.179070
1.5548424013888889,554,1.75,17.18,2500,209638,0,2026-01-02T22:01:59.578417
1.5580088925,555,2.0,17.06,2500,209642,0,2026-01-02T22:02:10.977785
1.5611754247222223,556,2.0,17.18,2502,209624,0,2026-01-02T22:02:22.377301
1.5643419958333333,557,1.75,16.93,2500,209636,0,2026-01-02T22:02:33.776957
1.5675085091666667,558,1.5,17.06,2500,209644,0,2026-01-02T22:02:45.176405
1.5706750019444444,559,2.0,17.12,2500,209640,0,2026-01-02T22:02:56.575779
1.5738415397222223,560,2.0,17.18,2500,209630,0,2026-01-02T22:03:07.975315
1.5770081105555556,561,1.75,17.06,2500,209618,0,2026-01-02T22:03:19.374970
1.5801746191666666,562,1.5,17.18,2502,209618,0,2026-01-02T22:03:30.774401
1.5833411894444445,563,1.5,17.25,2502,209628,0,2026-01-02T22:03:42.174054
1.586507741111111,564,1.75,17.18,2504,209604,0,2026-01-02T22:03:53.573640
1.5896742880555557,565,2.25,17.31,2504,209584,0,2026-01-02T22:04:04.973209
1.5928409183333334,566,2.0,17.12,2506,209628,0,2026-01-02T22:04:16.373078
1.5960074152777777,567,2.0,17.18,2502,209614,0,2026-01-02T22:04:27.772467
1.5991740144444444,568,1.75,17.12,2502,209630,0,2026-01-02T22:04:39.172224
1.6023405733333334,569,2.0,17.12,2504,209602,0,2026-01-02T22:04:50.571836
1.6055071197222222,570,2.25,17.18,2504,209620,0,2026-01-02T22:05:01.971403
1.6086737158333333,571,1.5,17.18,2502,209616,0,2026-01-02T22:05:13.371149
1.6118402811111112,572,2.0,17.12,2502,209614,0,2026-01-02T22:05:24.770784
1.6150068691666666,573,2.0,17.12,2502,209600,0,2026-01-02T22:05:36.170501
1.6181734405555555,574,2.0,17.31,2502,209614,0,2026-01-02T22:05:47.570158
1.6213400777777778,575,1.75,17.12,2502,209616,0,2026-01-02T22:05:58.970052
1.6245065852777778,576,1.5,17.25,2502,209632,0,2026-01-02T22:06:10.369479
1.6276731927777779,577,2.0,17.06,2500,209604,0,2026-01-02T22:06:21.769266
1.6308397766666667,578,1.75,17.06,2502,209616,0,2026-01-02T22:06:33.168968
1.6340063852777778,579,2.25,17.06,2502,209620,0,2026-01-02T22:06:44.568759
1.6371729277777778,580,2.0,17.0,2500,209622,0,2026-01-02T22:06:55.968312
1.6403395494444444,581,2.0,17.25,2500,209606,0,2026-01-02T22:07:07.368150
1.6435061419444446,582,1.75,17.12,2500,209620,0,2026-01-02T22:07:18.767883
1.6466727922222222,583,2.0,17.25,2502,209610,0,2026-01-02T22:07:30.167824
1.6498393269444445,584,2.0,17.0,2502,209618,0,2026-01-02T22:07:41.567349
1.6530059647222222,585,2.25,17.12,2500,209584,0,2026-01-02T22:07:52.967245
1.6561725275,586,2.0,17.18,2500,209612,0,2026-01-02T22:08:04.366871
1.6593391344444444,587,1.75,17.12,2502,209604,0,2026-01-02T22:08:15.766656
1.6625057205555556,588,1.75,17.12,2498,209612,0,2026-01-02T22:08:27.166366
1.6656723252777779,589,1.75,17.25,2502,209594,0,2026-01-02T22:08:38.566143
1.6688389197222222,590,1.5,16.93,2500,209596,0,2026-01-02T22:08:49.965883
1.6720055347222222,591,1.75,17.12,2502,209606,0,2026-01-02T22:09:01.365697
1.6751721341666668,592,1.5,17.0,2500,209608,0,2026-01-02T22:09:12.765455
1.6783387852777778,593,2.0,17.0,2500,209600,0,2026-01-02T22:09:24.165399
1.6815053613888888,594,1.75,17.0,2500,209598,0,2026-01-02T22:09:35.565073
1.6846719727777777,595,2.25,17.31,2500,209614,0,2026-01-02T22:09:46.964874
1.687838565,596,2.25,17.06,2500,209616,0,2026-01-02T22:09:58.364606
1.6910051741666667,597,2.0,17.06,2498,209594,0,2026-01-02T22:10:09.764399
1.6941719330555556,598,2.0,17.18,2498,209576,0,2026-01-02T22:10:21.164731
1.6973387411111112,599,1.75,17.0,2500,209588,0,2026-01-02T22:10:32.565240
1.7005055866666667,600,1.5,17.25,2498,209608,0,2026-01-02T22:10:43.965884
1.703672358611111,601,2.25,17.06,2498,209584,0,2026-01-02T22:10:55.366263
1.7068391272222223,602,1.75,16.87,2498,209580,0,2026-01-02T22:11:06.766630
1.7100059433333332,603,1.75,17.0,2500,209586,0,2026-01-02T22:11:18.167168
1.7131727341666667,604,1.75,17.0,2498,209602,0,2026-01-02T22:11:29.567615
1.7163395477777779,605,2.25,17.12,2498,209548,0,2026-01-02T22:11:40.968144
1.719506271111111,606,1.75,16.93,2496,209520,0,2026-01-02T22:11:52.368348
1.722673088611111,607,2.0,17.12,2498,209542,0,2026-01-02T22:12:03.768891
1.7258398430555555,608,1.5,17.06,2500,209544,0,2026-01-02T22:12:15.169207
1.7290066680555556,609,1.75,17.06,2500,209554,0,2026-01-02T22:12:26.569777
1.7321734411111112,610,2.0,17.18,2498,209526,0,2026-01-02T22:12:37.970160
1.7353401566666666,611,2.0,17.12,2500,209548,0,2026-01-02T22:12:49.370336
1.738506918611111,612,1.75,16.93,2484,209512,0,2026-01-02T22:13:00.770679
1.7416736566666666,613,1.5,17.18,2484,209510,0,2026-01-02T22:13:12.170936
1.7448404508333333,614,1.75,17.0,2488,209510,0,2026-01-02T22:13:23.571395
1.7480071858333333,615,2.0,17.06,2488,209532,0,2026-01-02T22:13:34.971641
1.7511739744444443,616,2.0,17.06,2490,209534,0,2026-01-02T22:13:46.372080
1.7543406958333334,617,2.0,17.0,2490,209528,0,2026-01-02T22:13:57.772277
1.757507481388889,618,1.75,17.0,2494,209524,0,2026-01-02T22:14:09.172705
1.7606742163888889,619,1.5,17.0,2494,209516,0,2026-01-02T22:14:20.572951
1.763840943888889,620,1.75,17.25,2494,209534,0,2026-01-02T22:14:31.973170
1.7670076863888888,621,1.75,17.06,2494,209536,0,2026-01-02T22:14:43.373443
1.7701744938888888,622,1.75,17.0,2494,209530,0,2026-01-02T22:14:54.773950
1.7733412175,623,1.75,17.0,2492,209526,0,2026-01-02T22:15:06.174155
1.7765079105555555,624,2.0,17.06,2496,209526,0,2026-01-02T22:15:17.574250
1.7796746627777777,625,1.75,17.0,2496,209532,0,2026-01-02T22:15:28.974558
1.7828414269444444,626,1.5,16.93,2494,209536,0,2026-01-02T22:15:40.374909
1.7860081647222221,627,1.5,17.06,2494,209530,0,2026-01-02T22:15:51.775165
1.7891748352777779,628,2.0,17.18,2494,209526,0,2026-01-02T22:16:03.175179
1.792341571111111,629,1.5,17.18,2494,209548,0,2026-01-02T22:16:14.575428
1.7955083044444444,630,0.0,0.0,2494,209546,1,2026-01-02T22:16:25.975668
1.7986750791666666,631,2.25,17.0,2494,209526,0,2026-01-02T22:16:37.376057
1.8018417638888888,632,2.0,17.18,2494,209538,0,2026-01-02T22:16:48.776122
1.805008443888889,633,1.5,17.06,2494,209554,0,2026-01-02T22:17:00.176170
1.8081751802777777,634,1.75,17.37,2494,209544,0,2026-01-02T22:17:11.576421
1.8113418727777777,635,1.75,17.06,2494,209526,0,2026-01-02T22:17:22.976514
1.8145085886111112,636,1.75,16.81,2494,209530,0,2026-01-02T22:17:34.376691
1.8176753291666667,637,2.0,17.12,2496,209548,0,2026-01-02T22:17:45.776957
1.8208420577777777,638,2.0,17.25,2494,209538,0,2026-01-02T22:17:57.177180
1.8240087763888888,639,1.75,17.0,2492,209522,0,2026-01-02T22:18:08.577367
1.8271754455555556,640,2.25,17.06,2496,209526,0,2026-01-02T22:18:19.977376
1.8303421594444444,641,1.75,16.93,2494,209540,0,2026-01-02T22:18:31.377546
1.833508876388889,642,2.0,16.93,2494,209552,0,2026-01-02T22:18:42.777727
1.8366755894444444,643,1.75,17.06,2492,209532,0,2026-01-02T22:18:54.177894
1.8398422916666666,644,1.75,17.06,2492,209524,0,2026-01-02T22:19:05.578022
1.8430090058333333,645,2.0,17.06,2494,209542,0,2026-01-02T22:19:16.978193
1.8461757094444444,646,1.75,17.0,2496,209524,0,2026-01-02T22:19:28.378326
1.8493423766666666,647,1.75,17.0,2494,209522,0,2026-01-02T22:19:39.778328
1.8525091080555556,648,1.75,16.87,2494,209496,0,2026-01-02T22:19:51.178561
1.8556758483333333,649,2.25,17.25,2494,209518,0,2026-01-02T22:20:02.578826
1.8588424838888888,650,1.75,17.06,2494,209524,0,2026-01-02T22:20:13.978714
1.8620091966666668,651,2.0,17.06,2492,209536,0,2026-01-02T22:20:25.378880
1.8651759427777779,652,1.75,16.93,2494,209522,0,2026-01-02T22:20:36.779166
1.8683426205555556,653,1.75,16.87,2492,209522,0,2026-01-02T22:20:48.179206
1.8715092730555556,654,2.0,17.12,2490,209506,0,2026-01-02T22:20:59.579155
1.8746759947222222,655,2.0,16.93,2492,209494,0,2026-01-02T22:21:10.979353
1.8778426394444445,656,1.75,16.93,2492,209498,0,2026-01-02T22:21:22.379274
1.8810093944444444,657,2.0,17.25,2492,209512,0,2026-01-02T22:21:33.779592
1.884176018888889,658,2.0,17.18,2492,209510,0,2026-01-02T22:21:45.179440
1.8873427291666667,659,1.75,17.12,2490,209508,0,2026-01-02T22:21:56.579597
1.890509403888889,660,1.5,17.06,2492,209498,0,2026-01-02T22:22:07.979626
1.8936761444444445,661,2.0,17.06,2490,209518,0,2026-01-02T22:22:19.379892
1.8968427863888888,662,2.0,17.06,2492,209510,0,2026-01-02T22:22:30.779803
1.900009461388889,663,2.0,16.93,2492,209520,0,2026-01-02T22:22:42.179833
1.9031761969444445,664,2.0,17.0,2492,209508,0,2026-01-02T22:22:53.580081
1.9063428602777779,665,1.75,17.18,2490,209516,0,2026-01-02T22:23:04.980069
1.9095095894444445,666,2.0,17.0,2490,209528,0,2026-01-02T22:23:16.380294
1.9126761958333334,667,2.25,16.75,2492,209512,0,2026-01-02T22:23:27.780077
1.9158428955555555,668,1.75,16.93,2488,209528,0,2026-01-02T22:23:39.180196
1.9190096261111111,669,2.0,17.0,2490,209514,0,2026-01-02T22:23:50.580426
1.9221762341666666,670,1.75,17.12,2490,209522,0,2026-01-02T22:24:01.980215
1.9253429133333333,671,2.0,17.0,2488,209506,0,2026-01-02T22:24:13.380260
1.928509601388889,672,1.5,17.12,2488,209516,0,2026-01-02T22:24:24.780337
1.9316762927777777,673,2.25,17.06,2490,209506,0,2026-01-02T22:24:36.180426
1.9348429447222222,674,2.0,17.0,2488,209534,0,2026-01-02T22:24:47.580373
1.9380096177777777,675,1.75,17.0,2490,209514,0,2026-01-02T22:24:58.980396
1.9411763119444445,676,1.5,17.0,2488,209536,0,2026-01-02T22:25:10.380495
1.9443429822222222,677,1.75,16.93,2488,209510,0,2026-01-02T22:25:21.780508
1.947509645,678,1.75,16.93,2488,209514,0,2026-01-02T22:25:33.180494
1.9506763522222221,679,1.75,16.81,2490,209522,0,2026-01-02T22:25:44.580640
1.9538429913888888,680,1.75,17.18,2490,209532,0,2026-01-02T22:25:55.980541
1.9570096625,681,1.75,16.87,2488,209530,0,2026-01-02T22:26:07.380557
1.9601763472222222,682,1.75,16.93,2488,209530,0,2026-01-02T22:26:18.780622
1.9633430197222221,683,1.75,16.93,2490,209524,0,2026-01-02T22:26:30.180643
1.9665096797222221,684,1.75,17.0,2486,209536,0,2026-01-02T22:26:41.580619
1.9696763622222222,685,2.0,17.06,2488,209516,0,2026-01-02T22:26:52.980676
1.9728430705555555,686,2.0,17.06,2490,209518,0,2026-01-02T22:27:04.380826
1.976009748611111,687,2.0,17.06,2490,209520,0,2026-01-02T22:27:15.780867
1.9791763619444445,688,2.0,17.06,2490,209520,0,2026-01-02T22:27:27.180675
1.982343038888889,689,2.0,17.0,2490,209472,0,2026-01-02T22:27:38.580712
1.9855096958333334,690,1.75,16.93,2490,209486,0,2026-01-02T22:27:49.980677
1.988676371111111,691,2.0,16.93,2490,209502,0,2026-01-02T22:28:01.380708
1.991843056388889,692,1.5,16.68,2488,209504,0,2026-01-02T22:28:12.780775
1.9950097069444443,693,2.25,16.93,2490,209510,0,2026-01-02T22:28:24.180717
1.9981764075,694,1.75,16.87,2488,209502,0,2026-01-02T22:28:35.580839
2.0013430894444446,695,1.75,16.87,2490,209510,0,2026-01-02T22:28:46.980894
2.004509725277778,696,1.75,17.0,2490,209506,0,2026-01-02T22:28:58.380783
2.00767637,697,1.75,17.0,2488,209512,0,2026-01-02T22:29:09.780704
2.010843040277778,698,2.0,17.0,2490,209492,0,2026-01-02T22:29:21.180717
2.0140097255555554,699,2.0,17.0,2490,209516,0,2026-01-02T22:29:32.580784
2.017176404166667,700,2.0,16.75,2490,209528,0,2026-01-02T22:29:43.980827
2.0203430144444443,701,2.25,17.12,2488,209522,0,2026-01-02T22:29:55.380624
2.0235096769444443,702,2.0,16.93,2488,209480,0,2026-01-02T22:30:06.780609
2.0266763458333332,703,1.75,16.87,2490,209508,0,2026-01-02T22:30:18.180617
2.0298429944444445,704,2.0,17.0,2490,209506,0,2026-01-02T22:30:29.580552
2.0330096683333334,705,0.0,0.0,2488,209504,1,2026-01-02T22:30:40.980578
2.036176351111111,706,1.75,16.93,2490,209496,0,2026-01-02T22:30:52.380636
2.039342988888889,707,1.75,17.06,2488,209500,0,2026-01-02T22:31:03.780532
2.0425096305555557,708,2.0,17.06,2488,209504,0,2026-01-02T22:31:15.180442
2.0456763005555554,709,2.0,17.06,2486,209506,0,2026-01-02T22:31:26.580454
2.0488429469444442,710,2.0,16.93,2488,209502,0,2026-01-02T22:31:37.980381
2.0520096133333334,711,1.5,16.87,2488,209518,0,2026-01-02T22:31:49.380380
2.055176291111111,712,2.25,17.06,2488,209498,0,2026-01-02T22:32:00.780420
2.0583429483333333,713,1.75,16.93,2488,209512,0,2026-01-02T22:32:12.180386
2.0615096,714,2.25,17.06,2488,209520,0,2026-01-02T22:32:23.580332
2.064676263611111,715,1.75,16.93,2488,209514,0,2026-01-02T22:32:34.980321
2.0678429352777776,716,2.25,17.12,2488,209522,0,2026-01-02T22:32:46.380339
2.0710096188888887,717,1.75,17.0,2486,209514,0,2026-01-02T22:32:57.780400
2.074176251111111,718,1.75,17.06,2488,209506,0,2026-01-02T22:33:09.180276
2.0773429058333335,719,1.75,16.75,2486,209486,0,2026-01-02T22:33:20.580233
2.080509613611111,720,1.75,16.87,2486,209498,0,2026-01-02T22:33:31.980381
2.0836762025,721,1.75,17.06,2488,209500,0,2026-01-02T22:33:43.380101
2.0868428869444444,722,2.0,16.93,2486,209490,0,2026-01-02T22:33:54.780165
2.090009545277778,723,1.5,16.87,2486,209484,0,2026-01-02T22:34:06.180135
2.0931762355555557,724,2.0,16.93,2486,209504,0,2026-01-02T22:34:17.580220
2.0963428816666667,725,1.75,16.87,2486,209500,0,2026-01-02T22:34:28.980146
2.0995095397222223,726,1.75,17.0,2486,209500,0,2026-01-02T22:34:40.380115
2.1026761394444446,727,1.75,16.87,2484,209484,0,2026-01-02T22:34:51.779874
2.1058428308333332,728,1.75,16.68,2486,209494,0,2026-01-02T22:35:03.179963
2.109009530833333,729,1.75,16.87,2486,209522,0,2026-01-02T22:35:14.580083
2.1121761744444445,730,1.75,17.37,2486,209504,0,2026-01-02T22:35:25.980000
2.1153427780555556,731,1.75,16.93,2484,209490,0,2026-01-02T22:35:37.379773
2.1185094416666668,732,1.75,16.93,2486,209512,0,2026-01-02T22:35:48.779762
2.1216761558333332,733,2.0,17.06,2484,209520,0,2026-01-02T22:36:00.179933
2.1248427263888887,734,2.0,17.06,2484,209520,0,2026-01-02T22:36:11.579587
2.1280093925,735,1.5,17.0,2484,209522,0,2026-01-02T22:36:22.979585
2.131176026111111,736,1.75,17.0,2478,209498,0,2026-01-02T22:36:34.379466
2.1343427094444443,737,2.5,17.25,2470,209520,0,2026-01-02T22:36:45.779526
2.1375093577777777,738,2.0,17.06,2462,209528,0,2026-01-02T22:36:57.179460
2.1406760025,739,1.5,16.93,2458,209504,0,2026-01-02T22:37:08.579381
2.1438426680555556,740,1.5,16.75,2452,209524,0,2026-01-02T22:37:19.979377
2.147009326388889,741,1.5,17.0,2448,209556,0,2026-01-02T22:37:31.379347
2.150176005277778,742,2.0,17.06,2446,209524,0,2026-01-02T22:37:42.779391
2.153342618611111,743,2.25,17.0,2448,209552,0,2026-01-02T22:37:54.179199
2.156509298888889,744,2.25,17.12,2454,209522,0,2026-01-02T22:38:05.579248
2.159675969722222,745,1.75,16.87,2454,209550,0,2026-01-02T22:38:16.979263
2.1628426180555556,746,2.25,17.0,2440,209564,0,2026-01-02T22:38:28.379197
2.1660092741666666,747,2.0,17.0,2438,209562,0,2026-01-02T22:38:39.779159
2.169175898333333,748,2.0,16.93,2444,209542,0,2026-01-02T22:38:51.179006
2.1723425663888887,749,2.0,16.93,2434,209558,0,2026-01-02T22:39:02.579011
2.175509253611111,750,1.75,16.87,2424,209556,0,2026-01-02T22:39:13.979085
2.1786758352777778,751,2.25,16.93,2418,209560,0,2026-01-02T22:39:25.378779
2.1818425055555557,752,1.75,16.75,2428,209574,0,2026-01-02T22:39:36.778792
2.18500915,753,1.75,16.93,2430,209534,0,2026-01-02T22:39:48.178712
2.1881758033333334,754,1.5,16.87,2426,209534,0,2026-01-02T22:39:59.578664
2.1913425069444443,755,2.0,17.06,2430,209514,0,2026-01-02T22:40:10.978797
2.1945091130555556,756,2.25,16.93,2428,209502,0,2026-01-02T22:40:22.378579
2.197675746111111,757,1.75,16.93,2432,209470,0,2026-01-02T22:40:33.778458
2.2008424286111112,758,2.0,16.87,2434,209480,0,2026-01-02T22:40:45.178515
2.204009058888889,759,1.75,17.0,2474,209404,0,2026-01-02T22:40:56.578384
2.2071757169444446,760,1.5,16.87,2482,209330,0,2026-01-02T22:41:07.978353
2.2103423633333334,761,1.75,16.87,2484,209332,0,2026-01-02T22:41:19.378280
2.213509037777778,762,2.0,17.0,2492,209386,0,2026-01-02T22:41:30.778308
2.2166757402777777,763,2.0,16.93,2462,209390,0,2026-01-02T22:41:42.178437
2.2198424016666665,764,1.75,17.06,2436,209412,0,2026-01-02T22:41:53.578418
2.2230090069444444,765,1.75,16.93,2446,209400,0,2026-01-02T22:42:04.978197
2.226175621111111,766,1.5,17.0,2438,209424,0,2026-01-02T22:42:16.378008
2.229342255277778,767,2.0,16.93,2444,209440,0,2026-01-02T22:42:27.777891
2.232509011111111,768,1.75,17.0,2438,209462,0,2026-01-02T22:42:39.178212
2.2356756175,769,1.75,16.81,2426,209468,0,2026-01-02T22:42:50.577995
2.238842218888889,770,1.75,16.87,2426,209468,0,2026-01-02T22:43:01.977760
2.242008881111111,771,1.75,17.0,2428,209494,0,2026-01-02T22:43:13.377744
2.2451755063888887,772,2.0,17.0,2424,209506,0,2026-01-02T22:43:24.777595
2.248342176111111,773,1.75,16.93,2428,209532,0,2026-01-02T22:43:36.177606
2.251508822222222,774,2.25,16.93,2424,209516,0,2026-01-02T22:43:47.577532
2.254675473888889,775,1.5,16.87,2426,209550,0,2026-01-02T22:43:58.977478
2.2578421380555556,776,2.0,16.93,2422,209560,0,2026-01-02T22:44:10.377469
2.2610087741666667,777,1.75,17.0,2418,209548,0,2026-01-02T22:44:21.777359
2.264175433888889,778,2.0,16.93,2416,209508,0,2026-01-02T22:44:33.177334
2.2673420933333333,779,2.0,16.93,2416,209542,0,2026-01-02T22:44:44.577308
2.2705087719444443,780,1.75,17.12,2414,209512,0,2026-01-02T22:44:55.977351
2.273675416666667,781,1.75,17.0,2410,209504,0,2026-01-02T22:45:07.377272
2.2768420519444446,782,2.0,16.93,2410,209474,0,2026-01-02T22:45:18.777159
2.280008669722222,783,1.75,17.0,2410,209486,0,2026-01-02T22:45:30.176983
2.283175324166667,784,2.25,17.18,2410,209532,0,2026-01-02T22:45:41.576939
2.2863419594444445,785,1.75,17.0,2402,209572,0,2026-01-02T22:45:52.976826
2.2895086694444444,786,1.75,17.06,2406,209548,0,2026-01-02T22:46:04.376982
2.2926752727777777,787,1.75,16.93,2404,209550,0,2026-01-02T22:46:15.776754
2.2958419369444445,788,1.75,16.75,2404,209566,0,2026-01-02T22:46:27.176745
2.299008606666667,789,2.5,16.68,2408,209564,0,2026-01-02T22:46:38.576756
2.3021752883333333,790,2.0,16.93,2404,209552,0,2026-01-02T22:46:49.976810
2.30534188,791,2.0,17.06,2394,209554,0,2026-01-02T22:47:01.376540
2.3085085494444444,792,2.0,16.81,2408,209588,0,2026-01-02T22:47:12.776550
2.3116751644444444,793,2.25,16.93,2414,209602,0,2026-01-02T22:47:24.176364
2.3148417991666665,794,1.75,17.0,2416,209612,0,2026-01-02T22:47:35.576249
2.3180084888888888,795,1.5,16.68,2406,209586,0,2026-01-02T22:47:46.976332
2.3211751072222224,796,1.75,16.81,2408,209610,0,2026-01-02T22:47:58.376158
2.3243417647222224,797,1.75,16.87,2406,209596,0,2026-01-02T22:48:09.776125
2.32750846,798,1.5,16.87,2404,209628,0,2026-01-02T22:48:21.176228
2.3306750594444443,799,1.5,16.81,2402,209596,0,2026-01-02T22:48:32.575986
2.3338417147222223,800,2.0,17.0,2394,209618,0,2026-01-02T22:48:43.975945
2.337008361666667,801,1.75,17.06,2402,209618,0,2026-01-02T22:48:55.375874
2.340175076111111,802,2.0,17.06,2398,209640,0,2026-01-02T22:49:06.776046
2.3433417197222224,803,1.75,16.93,2398,209608,0,2026-01-02T22:49:18.175963
2.3465082980555554,804,2.0,17.0,2398,209638,0,2026-01-02T22:49:29.575645
2.3496749419444445,805,2.25,17.12,2400,209650,0,2026-01-02T22:49:40.975563
2.3528415925,806,1.25,16.93,2394,209658,0,2026-01-02T22:49:52.375505
2.3560082452777777,807,1.75,17.0,2398,209682,0,2026-01-02T22:50:03.775455
2.3591748883333334,808,1.75,16.87,2400,209650,0,2026-01-02T22:50:15.175370
2.3623415641666665,809,2.0,16.87,2398,209698,0,2026-01-02T22:50:26.575403
2.365508184722222,810,2.0,16.87,2396,209704,0,2026-01-02T22:50:37.975237
2.3686748872222223,811,1.75,16.75,2394,209696,0,2026-01-02T22:50:49.375366
2.3718415225,812,2.0,16.93,2394,209710,0,2026-01-02T22:51:00.775253
2.375008129722222,813,2.0,17.0,2394,209722,0,2026-01-02T22:51:12.175039
2.3781747911111113,814,2.0,17.0,2390,209746,0,2026-01-02T22:51:23.575020
2.3813415058333334,815,2.0,16.93,2396,209766,0,2026-01-02T22:51:34.975193
2.3845081294444443,816,1.75,16.87,2392,209754,0,2026-01-02T22:51:46.375038
2.3876747519444446,817,2.25,17.0,2394,209776,0,2026-01-02T22:51:57.774879
2.3908413869444445,818,1.75,16.81,2386,209782,0,2026-01-02T22:52:09.174765
2.3940080355555557,819,2.25,17.0,2404,209794,0,2026-01-02T22:52:20.574700
2.397174670277778,820,1.75,17.0,2400,209816,0,2026-01-02T22:52:31.974585
2.4003413283333335,821,1.75,16.93,2392,209824,0,2026-01-02T22:52:43.374554
2.403507970277778,822,2.0,16.93,2388,209842,0,2026-01-02T22:52:54.774465
2.406674620277778,823,2.0,16.93,2394,209862,0,2026-01-02T22:53:06.174405
2.4098412769444444,824,2.0,16.87,2398,209868,0,2026-01-02T22:53:17.574369
2.4130079488888887,825,2.0,16.93,2398,209870,0,2026-01-02T22:53:28.974388
2.416174556666667,826,2.0,17.0,2394,209890,0,2026-01-02T22:53:40.374176
2.419341226111111,827,2.0,16.75,2404,209910,0,2026-01-02T22:53:51.774186
2.422507916111111,828,1.75,16.87,2398,209924,0,2026-01-02T22:54:03.174270
2.425674538611111,829,2.0,17.0,2394,209904,0,2026-01-02T22:54:14.574111
2.4288411644444445,830,2.0,16.87,2390,209912,0,2026-01-02T22:54:25.973964
2.432007843888889,831,2.25,17.0,2404,209930,0,2026-01-02T22:54:37.374010
2.435174503888889,832,1.75,17.0,2406,209972,0,2026-01-02T22:54:48.773986
2.438341162777778,833,2.0,17.18,2398,209958,0,2026-01-02T22:55:00.173958
2.4415077391666666,834,1.75,16.93,2396,210000,0,2026-01-02T22:55:11.573633
2.444674422222222,835,1.75,16.93,2402,209994,0,2026-01-02T22:55:22.973692
2.447841066388889,836,1.75,17.0,2396,210010,0,2026-01-02T22:55:34.373611
2.451007694722222,837,1.75,16.81,2392,209996,0,2026-01-02T22:55:45.773473
2.45417434,838,1.75,16.81,2388,210026,0,2026-01-02T22:55:57.173396
2.457341006111111,839,2.0,16.93,2398,210066,0,2026-01-02T22:56:08.573394
2.4605076744444445,840,1.75,16.81,2398,210072,0,2026-01-02T22:56:19.973400
2.463674329722222,841,1.75,17.0,2392,210078,0,2026-01-02T22:56:31.373359
2.4668409636111113,842,1.75,16.93,2398,210068,0,2026-01-02T22:56:42.773241
2.4700075733333335,843,1.5,16.75,2394,210106,0,2026-01-02T22:56:54.173036
2.4731742230555556,844,1.5,16.81,2392,210124,0,2026-01-02T22:57:05.572975
2.4763409505555556,845,1.75,16.81,2398,210122,0,2026-01-02T22:57:16.973194
2.479507569722222,846,2.0,17.06,2388,210132,0,2026-01-02T22:57:28.373023
2.482674160833333,847,2.25,17.0,2386,210164,0,2026-01-02T22:57:39.772751
2.4858408280555557,848,1.75,16.75,2386,210170,0,2026-01-02T22:57:51.172753
2.489007465,849,1.75,16.87,2390,210178,0,2026-01-02T22:58:02.572646
2.492174163888889,850,1.75,17.0,2388,210194,0,2026-01-02T22:58:13.972762
2.4953407694444443,851,1.75,16.87,2390,210230,0,2026-01-02T22:58:25.372542
2.4985074177777777,852,2.0,16.81,2386,210248,0,2026-01-02T22:58:36.772476
2.5016740644444444,853,2.0,16.93,2382,210256,0,2026-01-02T22:58:48.172404
2.504840704722222,854,1.75,16.81,2392,210254,0,2026-01-02T22:58:59.572309
2.508007378888889,855,1.75,16.93,2386,210294,0,2026-01-02T22:59:10.972336
2.511174003333333,856,1.5,17.0,2380,210312,0,2026-01-02T22:59:22.372184
2.5143406441666665,857,2.25,16.87,2388,210336,0,2026-01-02T22:59:33.772091
2.5175072977777777,858,1.5,16.87,2382,210340,0,2026-01-02T22:59:45.172044
2.520673941666667,859,2.0,17.12,2376,210358,0,2026-01-02T22:59:56.571962
2.5238406144444445,860,1.5,17.0,2386,210378,0,2026-01-02T23:00:07.971984
2.52700725,861,1.75,17.0,2380,210418,0,2026-01-02T23:00:19.371872
2.53017395,862,2.0,17.06,2372,210422,0,2026-01-02T23:00:30.771992
2.53334054,863,2.0,16.87,2380,210434,0,2026-01-02T23:00:42.171716
2.536507188611111,864,2.0,16.93,2376,210470,0,2026-01-02T23:00:53.571651
2.5396738516666666,865,0.0,0.0,2370,210498,1,2026-01-02T23:01:04.971638
2.5428404908333335,866,2.0,16.75,2370,210510,0,2026-01-02T23:01:16.371539
2.5460071244444444,867,1.5,16.81,2356,210532,0,2026-01-02T23:01:27.771420
2.549173785833333,868,1.75,16.93,2356,210542,0,2026-01-02T23:01:39.171401
2.5523404469444446,869,2.0,16.93,2364,210584,0,2026-01-02T23:01:50.571381
2.555507110833333,870,0.0,0.0,2358,210614,1,2026-01-02T23:02:01.971371
2.558673786111111,871,2.25,17.06,2356,210592,0,2026-01-02T23:02:13.371402
2.5618403916666668,872,1.75,17.0,2356,210652,0,2026-01-02T23:02:24.771182
2.5650070169444446,873,1.75,16.87,2356,210670,0,2026-01-02T23:02:36.171033
2.5681737236111113,874,0.0,0.0,2360,210680,1,2026-01-02T23:02:47.571177
2.5713403825,875,2.0,16.93,2362,210702,0,2026-01-02T23:02:58.971149
2.5745069766666666,876,2.0,16.93,2358,210742,0,2026-01-02T23:03:10.370888
2.577673611111111,877,1.75,17.06,2360,210742,0,2026-01-02T23:03:21.770772
2.5808402619444446,878,1.75,17.06,2352,210784,0,2026-01-02T23:03:33.170715
2.5840069016666667,879,1.75,16.87,2352,210762,0,2026-01-02T23:03:44.570618
2.587173538611111,880,1.75,16.93,2356,210806,0,2026-01-02T23:03:55.970511
2.5903401911111112,881,1.75,16.87,2352,210842,0,2026-01-02T23:04:07.370460
2.5935068383333335,882,0.0,0.0,2352,210886,1,2026-01-02T23:04:18.770390
2.596673498888889,883,1.75,17.0,2362,210904,0,2026-01-02T23:04:30.170368
2.599840135,884,1.75,16.81,2362,210922,0,2026-01-02T23:04:41.570258
2.603006815,885,1.75,16.81,2368,210950,0,2026-01-02T23:04:52.970306
2.6061734575,886,2.0,16.93,2358,210984,0,2026-01-02T23:05:04.370219
2.609340075,887,1.5,16.87,2352,211004,0,2026-01-02T23:05:15.770042
2.612506781388889,888,2.0,17.0,2354,211002,0,2026-01-02T23:05:27.170185
2.6156734072222223,889,2.0,17.0,2346,211040,0,2026-01-02T23:05:38.570038
2.618840003611111,890,2.0,16.93,2346,211072,0,2026-01-02T23:05:49.969785
2.6220066727777778,891,1.75,16.81,2352,211114,0,2026-01-02T23:06:01.369794
2.6251733725,892,1.75,17.0,2344,211100,0,2026-01-02T23:06:12.769913
2.6283399641666665,893,1.75,16.87,2344,211126,0,2026-01-02T23:06:24.169643
2.6315066208333335,894,2.0,16.93,2352,211166,0,2026-01-02T23:06:35.569607
2.6346732716666668,895,1.75,16.87,2350,211198,0,2026-01-02T23:06:46.969550
2.6378398966666667,896,2.25,17.0,2348,211200,0,2026-01-02T23:06:58.369400
2.6410065483333334,897,1.75,17.06,2342,211256,0,2026-01-02T23:07:09.769346
2.6441731977777776,898,1.75,17.0,2348,211270,0,2026-01-02T23:07:21.169284
2.647339855,899,2.25,17.06,2344,211292,0,2026-01-02T23:07:32.569250
2.650506528611111,900,1.75,16.87,2340,211298,0,2026-01-02T23:07:43.969275
2.6536731355555556,901,2.0,16.93,2342,211366,0,2026-01-02T23:07:55.369060
2.656839797222222,902,1.75,16.68,2338,211398,0,2026-01-02T23:08:06.769042
2.6600064277777777,903,1.75,16.87,2344,211410,0,2026-01-02T23:08:18.168912
2.663173086111111,904,2.0,16.81,2344,211438,0,2026-01-02T23:08:29.568882
2.6663397833333335,905,2.0,16.93,2340,211456,0,2026-01-02T23:08:40.968992
2.6695063663888887,906,1.75,16.87,2344,211510,0,2026-01-02T23:08:52.368691
2.672673013611111,907,1.5,17.0,2344,211544,0,2026-01-02T23:09:03.768621
2.675839677222222,908,1.75,16.87,2354,211552,0,2026-01-02T23:09:15.168610
2.67900629,909,1.75,17.0,2344,211594,0,2026-01-02T23:09:26.568416
2.68217295,910,1.75,16.75,2338,211644,0,2026-01-02T23:09:37.968392
2.685339613888889,911,2.0,16.93,2348,211664,0,2026-01-02T23:09:49.368382
2.6885062730555553,912,2.0,16.81,2342,211714,0,2026-01-02T23:10:00.768355
2.6916729305555553,913,1.75,17.0,2334,211708,0,2026-01-02T23:10:12.168322
2.6948396155555554,914,1.75,17.06,2340,211766,0,2026-01-02T23:10:23.568388
2.698006196666667,915,2.0,17.0,2334,211808,0,2026-01-02T23:10:34.968080
2.7011728405555555,916,1.75,17.0,2332,211856,0,2026-01-02T23:10:46.367998
2.704339548888889,917,2.25,17.12,2340,211874,0,2026-01-02T23:10:57.768148
2.7075061825,918,2.25,17.18,2336,211918,0,2026-01-02T23:11:09.168029
2.710672782777778,919,1.5,17.12,2338,211940,0,2026-01-02T23:11:20.567790
2.7138394405555557,920,1.75,16.93,2332,211974,0,2026-01-02T23:11:31.967758
2.7170060830555554,921,1.75,16.87,2336,211986,0,2026-01-02T23:11:43.367671
2.7201726980555554,922,0.0,0.0,2352,212058,1,2026-01-02T23:11:54.767485
2.7233393791666667,923,1.75,17.0,2354,212112,0,2026-01-02T23:12:06.167537
2.7265060366666667,924,1.75,17.0,2350,212132,0,2026-01-02T23:12:17.567504
2.7296726608333333,925,1.75,16.75,2342,212168,0,2026-01-02T23:12:28.967351
2.7328392947222224,926,2.0,16.75,2342,212210,0,2026-01-02T23:12:40.367233
2.736006000277778,927,2.0,16.87,2346,212274,0,2026-01-02T23:12:51.767373
2.739172606388889,928,2.0,17.06,2344,212298,0,2026-01-02T23:13:03.167155
2.7423392511111113,929,2.0,17.12,2338,212284,0,2026-01-02T23:13:14.567076
2.7455059622222224,930,1.75,16.81,2344,212358,0,2026-01-02T23:13:25.967236
2.7486726030555557,931,2.0,16.93,2338,212390,0,2026-01-02T23:13:37.367143
2.7518391844444445,932,1.75,16.93,2332,212424,0,2026-01-02T23:13:48.766836
2.755005848888889,933,0.0,0.0,2340,212470,1,2026-01-02T23:14:00.166828
2.758172477777778,934,2.0,16.87,2338,212492,0,2026-01-02T23:14:11.566692
2.7613391919444443,935,2.0,16.93,2332,212558,0,2026-01-02T23:14:22.966863
2.7645057891666664,936,2.0,16.87,2330,212588,0,2026-01-02T23:14:34.366613
2.7676724297222224,937,1.75,16.87,2334,212628,0,2026-01-02T23:14:45.766519
2.770839124166667,938,1.5,16.87,2336,212652,0,2026-01-02T23:14:57.166619
2.7740057152777777,939,2.0,16.93,2338,212710,0,2026-01-02T23:15:08.566347
2.7771723680555556,940,2.0,17.12,2348,212746,0,2026-01-02T23:15:19.966297
2.780339013333333,941,1.75,17.06,2338,212800,0,2026-01-02T23:15:31.366220
2.783505676111111,942,2.0,17.12,2330,212812,0,2026-01-02T23:15:42.766206
2.7866723883333333,943,1.75,17.0,2334,212852,0,2026-01-02T23:15:54.166370
2.789838961111111,944,1.75,16.81,2332,212922,0,2026-01-02T23:16:05.566032
2.793005638888889,945,1.75,16.87,2340,212966,0,2026-01-02T23:16:16.966072
2.7961722594444445,946,1.75,17.18,2340,213030,0,2026-01-02T23:16:28.365906
2.7993389022222224,947,1.75,16.93,2336,213054,0,2026-01-02T23:16:39.765820
2.802505595,948,1.75,16.87,2334,213130,0,2026-01-02T23:16:51.165914
2.805672238888889,949,1.75,16.87,2328,213168,0,2026-01-02T23:17:02.565832
2.8088388280555554,950,1.75,16.93,2328,213200,0,2026-01-02T23:17:13.965553
2.8120054991666668,951,1.5,16.81,2334,213238,0,2026-01-02T23:17:25.365569
2.8151721241666667,952,2.0,17.06,2334,213326,0,2026-01-02T23:17:36.765419
2.8183387547222223,953,2.25,17.18,2340,213362,0,2026-01-02T23:17:48.165289
2.8215054305555554,954,2.0,16.75,2346,213400,0,2026-01-02T23:17:59.565322
2.824672080277778,955,2.0,16.93,2342,213458,0,2026-01-02T23:18:10.965261
2.827838778333333,956,1.75,16.93,2342,213536,0,2026-01-02T23:18:22.365374
2.831005635,957,1.75,17.0,2342,213570,0,2026-01-02T23:18:33.766058
2.8341728508333333,958,1.0,16.87,2340,213636,0,2026-01-02T23:18:45.168035
2.8373400875,959,2.0,16.93,2350,213670,0,2026-01-02T23:18:56.570087
2.8405073291666665,960,1.5,16.81,2344,213744,0,2026-01-02T23:19:07.972157
2.8436745830555554,961,2.0,16.93,2338,213784,0,2026-01-02T23:19:19.374271
2.8468418030555553,962,1.75,16.93,2340,213838,0,2026-01-02T23:19:30.776263
2.8500089830555555,963,1.75,17.0,2328,213880,0,2026-01-02T23:19:42.178111
2.8531761797222224,964,2.25,17.06,2346,213936,0,2026-01-02T23:19:53.580019
2.8563434111111112,965,1.75,16.93,2332,214006,0,2026-01-02T23:20:04.982052
2.8595105805555554,966,2.0,16.87,2332,214058,0,2026-01-02T23:20:16.383862
2.8626776844444444,967,1.75,16.93,2328,214080,0,2026-01-02T23:20:27.785436
2.8658448516666666,968,2.0,17.0,2332,214114,0,2026-01-02T23:20:39.187238
2.8690120027777777,969,2.0,16.87,2330,214200,0,2026-01-02T23:20:50.588982
2.872179185833333,970,1.75,16.87,2330,214242,0,2026-01-02T23:21:01.990841
2.8753462875,971,1.75,16.75,2330,214302,0,2026-01-02T23:21:13.392407
2.878513413888889,972,1.75,16.93,2346,214330,0,2026-01-02T23:21:24.794062
2.8816804986111113,973,1.5,16.68,2346,214424,0,2026-01-02T23:21:36.195567
2.8848476733333333,974,1.75,16.93,2338,214466,0,2026-01-02T23:21:47.597396
2.8880146908333333,975,2.0,16.93,2338,214492,0,2026-01-02T23:21:58.998659
2.8911817927777776,976,2.0,17.0,2334,214544,0,2026-01-02T23:22:10.400226
2.894348927222222,977,1.75,16.87,2334,214598,0,2026-01-02T23:22:21.801910
2.897516057222222,978,2.0,16.68,2330,214646,0,2026-01-02T23:22:33.203578
2.900682984722222,979,1.75,16.87,2324,214678,0,2026-01-02T23:22:44.604517
2.903850038611111,980,1.5,16.81,2326,214714,0,2026-01-02T23:22:56.005911
2.9070171025,981,2.0,17.0,2326,214774,0,2026-01-02T23:23:07.407341
2.910184106388889,982,2.0,16.93,2334,214844,0,2026-01-02T23:23:18.808555
2.913351220277778,983,1.75,16.87,2324,214916,0,2026-01-02T23:23:30.210165
2.9165181911111113,984,2.25,17.0,2320,214934,0,2026-01-02T23:23:41.611260
2.919685201388889,985,1.75,16.87,2322,214982,0,2026-01-02T23:23:53.012497
2.922852225,986,1.75,17.0,2322,215040,0,2026-01-02T23:24:04.413782
2.926019318333333,987,2.0,16.93,2318,215078,0,2026-01-02T23:24:15.815318
2.929186277222222,988,1.75,16.87,2324,215108,0,2026-01-02T23:24:27.216370
2.9323532325,989,2.25,17.0,2332,215208,0,2026-01-02T23:24:38.617409
2.935520437777778,990,1.5,16.75,2326,215280,0,2026-01-02T23:24:50.019348
2.9386872283333334,991,1.75,17.0,2322,215316,0,2026-01-02T23:25:01.419794
2.941854176111111,992,1.75,16.93,2314,215370,0,2026-01-02T23:25:12.820806
2.9450211855555555,993,1.75,17.0,2312,215414,0,2026-01-02T23:25:24.222040
2.9481881427777776,994,2.0,16.75,2312,215502,0,2026-01-02T23:25:35.623086
2.951355091388889,995,1.75,17.0,2312,215560,0,2026-01-02T23:25:47.024101
2.954522118888889,996,1.75,16.93,2304,215656,0,2026-01-02T23:25:58.425400
2.9576890155555557,997,1.75,16.81,2284,215668,0,2026-01-02T23:26:09.826228
2.9608559530555554,998,2.0,16.81,2308,215756,0,2026-01-02T23:26:21.227203
2.9640229180555555,999,1.75,17.0,2300,215812,0,2026-01-02T23:26:32.628277
2.9671898305555557,1000,1.75,16.81,2300,215876,0,2026-01-02T23:26:44.029162
2.9703567919444445,1001,2.0,17.06,2298,215924,0,2026-01-02T23:26:55.430223
2.9735237241666668,1002,1.75,16.68,2310,216006,0,2026-01-02T23:27:06.831179
2.9766906225,1003,1.75,16.81,2304,216066,0,2026-01-02T23:27:18.232013
2.9798575980555557,1004,1.75,17.0,2302,216130,0,2026-01-02T23:27:29.633125
2.983024496111111,1005,2.0,16.81,2302,216174,0,2026-01-02T23:27:41.033958
2.986191392222222,1006,2.0,17.0,2308,216264,0,2026-01-02T23:27:52.434784
2.9893582786111113,1007,1.75,16.87,2310,216330,0,2026-01-02T23:28:03.835575
2.992525191111111,1008,1.75,17.0,2304,216418,0,2026-01-02T23:28:15.236460
2.9956920888888887,1009,2.0,17.0,2304,216460,0,2026-01-02T23:28:26.637292
2.9988590086111113,1010,2.0,16.87,2314,216552,0,2026-01-02T23:28:38.038203
3.00202592,1011,2.0,17.0,2302,216618,0,2026-01-02T23:28:49.439084
3.005192775,1012,2.0,16.87,2290,216682,0,2026-01-02T23:29:00.839762
3.0083596641666666,1013,2.0,16.87,2312,216762,0,2026-01-02T23:29:12.240563
3.011526558611111,1014,1.5,16.87,2302,216824,0,2026-01-02T23:29:23.641383
3.0146934483333334,1015,2.0,16.87,2306,216910,0,2026-01-02T23:29:35.042186
3.017860322222222,1016,1.75,17.06,2300,216962,0,2026-01-02T23:29:46.442932
3.0210271752777778,1017,2.0,16.81,2304,217018,0,2026-01-02T23:29:57.843603
3.024194055277778,1018,1.75,16.93,2298,217068,0,2026-01-02T23:30:09.244371
3.027360923333333,1019,2.0,17.0,2292,217146,0,2026-01-02T23:30:20.645096
3.030527765,1020,2.0,17.06,2314,217250,0,2026-01-02T23:30:32.045726
3.033694652222222,1021,1.5,16.81,2318,217320,0,2026-01-02T23:30:43.446520
3.0368615761111113,1022,1.5,17.0,2310,217354,0,2026-01-02T23:30:54.847446
3.0400283802777777,1023,1.75,16.75,2312,217468,0,2026-01-02T23:31:06.247941
3.043195198888889,1024,2.25,16.87,2302,217520,0,2026-01-02T23:31:17.648488
3.0463621305555555,1025,1.25,16.93,2308,217588,0,2026-01-02T23:31:29.049442
3.0495289758333333,1026,1.75,16.93,2302,217638,0,2026-01-02T23:31:40.450085
3.052695765277778,1027,1.75,16.87,2296,217718,0,2026-01-02T23:31:51.850527
3.0558626013888888,1028,1.75,16.93,2310,217824,0,2026-01-02T23:32:03.251137
3.0590294972222223,1029,1.5,16.81,2304,217930,0,2026-01-02T23:32:14.651962
3.0621962927777777,1030,1.75,16.81,2290,217982,0,2026-01-02T23:32:26.052426
3.0653631166666666,1031,2.25,16.87,2294,218106,0,2026-01-02T23:32:37.452992
3.068529956111111,1032,2.25,16.75,2300,218226,0,2026-01-02T23:32:48.853614
3.0716968097222224,1033,1.75,17.0,2300,218350,0,2026-01-02T23:33:00.254287
3.0748636777777776,1034,1.5,16.75,2314,218442,0,2026-01-02T23:33:11.655012
3.078030456388889,1035,1.75,16.81,2318,218542,0,2026-01-02T23:33:23.055415
3.0811972591666668,1036,2.0,16.93,2312,218652,0,2026-01-02T23:33:34.455905
3.084364076111111,1037,1.5,17.0,2298,218712,0,2026-01-02T23:33:45.856446
3.087530970277778,1038,1.5,16.75,2312,218852,0,2026-01-02T23:33:57.257265
3.090697708888889,1039,2.0,16.93,2320,218970,0,2026-01-02T23:34:08.657524
3.0938645419444444,1040,1.75,16.81,2312,219050,0,2026-01-02T23:34:20.058123
3.097031367777778,1041,0.0,0.0,2314,219146,1,2026-01-02T23:34:31.458696
3.1001982294444446,1042,1.75,16.87,2314,219226,0,2026-01-02T23:34:42.859398
3.103364972777778,1043,2.0,17.06,2314,219320,0,2026-01-02T23:34:54.259674
3.10653179,1044,1.75,17.0,2306,219502,0,2026-01-02T23:35:05.660216
3.109698626666667,1045,2.0,16.87,2322,219632,0,2026-01-02T23:35:17.060828
3.1128654611111113,1046,1.75,16.87,2322,219728,0,2026-01-02T23:35:28.461432
3.116032261111111,1047,1.75,16.93,2320,219842,0,2026-01-02T23:35:39.861912
3.1191989930555555,1048,1.75,16.87,2322,220002,0,2026-01-02T23:35:51.262147
3.1223658327777777,1049,1.75,16.87,2328,220128,0,2026-01-02T23:36:02.662770
3.125532655833333,1050,1.75,16.93,2330,220272,0,2026-01-02T23:36:14.063333
3.128699407777778,1051,1.5,17.0,2330,220394,0,2026-01-02T23:36:25.463640
3.1318662502777777,1052,2.0,16.93,2336,220548,0,2026-01-02T23:36:36.864273
3.1350330141666665,1053,1.75,17.0,2330,220668,0,2026-01-02T23:36:48.264623
3.138199799166667,1054,1.75,16.87,2332,220792,0,2026-01-02T23:36:59.665049
3.141366592222222,1055,1.5,16.87,2334,220886,0,2026-01-02T23:37:11.065504
3.1445334227777777,1056,2.25,16.81,2330,221070,0,2026-01-02T23:37:22.466094
3.1477001763888888,1057,1.75,16.81,2328,221164,0,2026-01-02T23:37:33.866407
3.150866968611111,1058,2.0,16.81,2332,221294,0,2026-01-02T23:37:45.266859
3.1540337863888888,1059,2.0,17.06,2332,221444,0,2026-01-02T23:37:56.667403
3.1572005855555556,1060,2.0,17.06,2330,221570,0,2026-01-02T23:38:08.067880
3.16036731,1061,2.0,16.75,2330,221708,0,2026-01-02T23:38:19.468088
3.1635340977777777,1062,1.75,16.87,2322,221822,0,2026-01-02T23:38:30.868524
3.1667009533333332,1063,1.75,16.81,2320,221924,0,2026-01-02T23:38:42.269204
3.169867665,1064,1.75,16.81,2324,222054,0,2026-01-02T23:38:53.669366
3.1730344677777778,1065,2.0,16.93,2320,222194,0,2026-01-02T23:39:05.069856
3.1762012155555555,1066,2.0,16.81,2328,222298,0,2026-01-02T23:39:16.470148
3.179368002222222,1067,1.5,16.68,2326,222418,0,2026-01-02T23:39:27.870580
3.1825348333333334,1068,0.0,0.0,2344,222592,1,2026-01-02T23:39:39.271172
3.1857015694444444,1069,1.75,16.81,2340,222732,0,2026-01-02T23:39:50.671422
3.1888683216666664,1070,2.0,16.81,2338,222850,0,2026-01-02T23:40:02.071730
3.1920351194444443,1071,1.75,16.75,2334,222968,0,2026-01-02T23:40:13.472202
3.1952018794444443,1072,2.0,16.75,2336,223090,0,2026-01-02T23:40:24.872538
3.1983687005555557,1073,1.75,16.87,2338,223212,0,2026-01-02T23:40:36.273094
3.2015354291666664,1074,1.75,16.87,2344,223344,0,2026-01-02T23:40:47.673317
3.2047022105555554,1075,1.5,16.87,2342,223490,0,2026-01-02T23:40:59.073730
3.2078690280555557,1076,1.5,16.75,2336,223602,0,2026-01-02T23:41:10.474273
3.2110357344444442,1077,2.0,16.87,2336,223762,0,2026-01-02T23:41:21.874416
3.2142025066666666,1078,2.0,16.81,2334,223912,0,2026-01-02T23:41:33.274796
3.2173692933333333,1079,1.25,16.68,2338,224040,0,2026-01-02T23:41:44.675228
3.2205360316666667,1080,2.0,17.0,2340,224198,0,2026-01-02T23:41:56.075486
3.2237028005555555,1081,1.5,16.93,2334,224326,0,2026-01-02T23:42:07.475854
3.2268695694444443,1082,1.75,16.87,2330,224444,0,2026-01-02T23:42:18.876222
3.2300363330555557,1083,2.0,17.0,2348,224668,0,2026-01-02T23:42:30.276571
3.2332031527777776,1084,0.0,0.0,2340,224784,1,2026-01-02T23:42:41.677122
3.236369876388889,1085,1.75,16.93,2336,224950,0,2026-01-02T23:42:53.077327
3.23953661,1086,1.75,16.87,2332,225088,0,2026-01-02T23:43:04.477568
3.2427033780555554,1087,2.0,17.0,2338,225220,0,2026-01-02T23:43:15.877933
3.2458701527777776,1088,1.5,16.87,2328,225340,0,2026-01-02T23:43:27.278322
3.249036890833333,1089,1.75,16.93,2326,225488,0,2026-01-02T23:43:38.678579
3.2522037197222224,1090,1.75,16.93,2324,225638,0,2026-01-02T23:43:50.079163
3.2553704019444445,1091,0.0,0.0,2334,225806,1,2026-01-02T23:44:01.479219
3.258537161111111,1092,1.5,16.93,2328,225940,0,2026-01-02T23:44:12.879552
3.2617039294444443,1093,1.75,16.81,2334,226068,0,2026-01-02T23:44:24.279918
3.264870688333333,1094,1.75,16.93,2326,226260,0,2026-01-02T23:44:35.680250
3.2680374427777776,1095,2.0,16.93,2322,226392,0,2026-01-02T23:44:47.080566
3.271204218888889,1096,1.5,16.81,2322,226518,0,2026-01-02T23:44:58.480960
3.2743710083333335,1097,1.5,16.81,2320,226644,0,2026-01-02T23:45:09.881402
3.2775377,1098,2.0,17.12,2336,226858,0,2026-01-02T23:45:21.281492
3.280704457777778,1099,1.5,16.75,2332,227022,0,2026-01-02T23:45:32.681820
3.283871216111111,1100,2.0,16.93,2328,227138,0,2026-01-02T23:45:44.082150
3.2870379780555554,1101,1.5,16.75,2326,227262,0,2026-01-02T23:45:55.482493
3.2902047708333333,1102,1.5,16.81,2328,227434,0,2026-01-02T23:46:06.882947
3.293371536111111,1103,2.0,16.81,2332,227574,0,2026-01-02T23:46:18.283302
3.296538232777778,1104,1.75,17.18,2322,227734,0,2026-01-02T23:46:29.683410
3.299704986388889,1105,2.0,16.87,2322,227822,0,2026-01-02T23:46:41.083723
3.3028717836111112,1106,1.0,16.75,2320,227990,0,2026-01-02T23:46:52.484193
3.306038516111111,1107,1.75,17.06,2316,228100,0,2026-01-02T23:47:03.884430
3.3092052336111113,1108,1.75,16.68,2318,228238,0,2026-01-02T23:47:15.284613
3.3123719888888887,1109,1.75,16.81,2322,228348,0,2026-01-02T23:47:26.684932
3.3155387608333333,1110,1.75,16.87,2304,228534,0,2026-01-02T23:47:38.085311
3.318705479166667,1111,1.75,16.81,2320,228680,0,2026-01-02T23:47:49.485497
3.3218722555555558,1112,1.5,16.93,2322,228794,0,2026-01-02T23:48:00.885892
3.325038981388889,1113,2.0,16.75,2322,228926,0,2026-01-02T23:48:12.286105
3.328205725,1114,1.75,16.81,2326,229074,0,2026-01-02T23:48:23.686382
3.3313725366666667,1115,2.0,16.93,2328,229222,0,2026-01-02T23:48:35.086904
3.334539268888889,1116,1.5,16.93,2332,229362,0,2026-01-02T23:48:46.487140
3.3377059919444445,1117,2.0,16.81,2334,229526,0,2026-01-02T23:48:57.887343
3.3408727097222224,1118,1.75,16.93,2332,229618,0,2026-01-02T23:49:09.287527
3.344039501666667,1119,2.0,16.87,2342,229840,0,2026-01-02T23:49:20.687978
3.3472062419444444,1120,2.0,17.12,2336,229936,0,2026-01-02T23:49:32.088243
3.3503729519444443,1121,1.75,16.75,2334,230090,0,2026-01-02T23:49:43.488399
3.3535397141666667,1122,1.75,16.68,2332,230142,0,2026-01-02T23:49:54.888743
3.356706505277778,1123,2.25,17.18,2334,230318,0,2026-01-02T23:50:06.289191
3.359873223888889,1124,2.0,16.81,2324,230426,0,2026-01-02T23:50:17.689378
3.3630399166666667,1125,1.75,16.81,2332,230608,0,2026-01-02T23:50:29.089472
3.3662066944444446,1126,1.75,16.87,2320,230676,0,2026-01-02T23:50:40.489872
3.3693734705555554,1127,1.75,16.75,2314,230806,0,2026-01-02T23:50:51.890266
3.3725401794444445,1128,2.0,16.93,2310,230936,0,2026-01-02T23:51:03.290418
3.3757069269444444,1129,1.75,16.87,2304,231080,0,2026-01-02T23:51:14.690709
3.3788736411111113,1130,1.75,16.87,2300,231168,0,2026-01-02T23:51:26.090880
3.3820404466666667,1131,1.75,16.87,2296,231344,0,2026-01-02T23:51:37.491380
3.385207116666667,1132,1.75,16.81,2292,231446,0,2026-01-02T23:51:48.891392
3.388373904722222,1133,2.0,16.81,2294,231576,0,2026-01-02T23:52:00.291829
3.391540622222222,1134,1.5,16.93,2292,231748,0,2026-01-02T23:52:11.692012
3.3947073669444445,1135,2.0,16.87,2298,231912,0,2026-01-02T23:52:23.092293
3.3978740802777776,1136,2.0,16.75,2306,232078,0,2026-01-02T23:52:34.492461
3.4010407797222224,1137,2.0,16.75,2298,232236,0,2026-01-02T23:52:45.892579
3.4042074483333336,1138,1.5,16.81,2308,232368,0,2026-01-02T23:52:57.292586
3.4073741108333335,1139,2.0,17.0,2284,232518,0,2026-01-02T23:53:08.692571
3.4105407708333333,1140,1.75,16.93,2278,232634,0,2026-01-02T23:53:20.092547
3.4137074519444446,1141,1.5,16.93,2270,232818,0,2026-01-02T23:53:31.492599
3.4168740825,1142,1.75,16.81,2268,232946,0,2026-01-02T23:53:42.892469
3.420040774722222,1143,1.75,16.81,2282,233114,0,2026-01-02T23:53:54.292561
3.4232075083333333,1144,1.75,16.93,2272,233276,0,2026-01-02T23:54:05.692802
3.4263741227777778,1145,1.75,16.75,2268,233424,0,2026-01-02T23:54:17.092614
3.429540796111111,1146,1.5,16.68,2270,233532,0,2026-01-02T23:54:28.492638
3.432707466111111,1147,1.75,16.93,2268,233628,0,2026-01-02T23:54:39.892650
3.435874147222222,1148,1.5,16.81,2272,233866,0,2026-01-02T23:54:51.292702
3.4390408780555557,1149,1.25,16.87,2268,233956,0,2026-01-02T23:55:02.692933
3.4422075766666667,1150,1.5,16.93,2266,234044,0,2026-01-02T23:55:14.093048
3.4453741802777778,1151,1.25,16.87,2264,234162,0,2026-01-02T23:55:25.492821
3.448540864722222,1152,1.75,16.87,2262,234260,0,2026-01-02T23:55:36.892885
3.4517075947222224,1153,1.75,16.75,2270,234392,0,2026-01-02T23:55:48.293113
3.4548742644444443,1154,1.75,16.75,2266,234564,0,2026-01-02T23:55:59.693124
3.4580409166666666,1155,1.75,16.81,2264,234686,0,2026-01-02T23:56:11.093072
3.461207584722222,1156,1.5,16.81,2262,234784,0,2026-01-02T23:56:22.493077
3.464374320277778,1157,1.5,16.75,2272,234934,0,2026-01-02T23:56:33.893325
3.4675410183333333,1158,1.75,17.0,2266,235076,0,2026-01-02T23:56:45.293438
3.4707076522222224,1159,1.75,17.06,2274,235238,0,2026-01-02T23:56:56.693320
3.4738743241666667,1160,1.5,16.87,2268,235388,0,2026-01-02T23:57:08.093339
3.4770410094444446,1161,1.5,16.87,2272,235506,0,2026-01-02T23:57:19.493406
3.4802076969444444,1162,2.0,16.68,2264,235586,0,2026-01-02T23:57:30.893481
3.4833743791666665,1163,1.25,16.75,2278,235760,0,2026-01-02T23:57:42.293537
3.4865410641666665,1164,1.25,16.81,2268,235840,0,2026-01-02T23:57:53.693603
3.4897077933333334,1165,1.75,17.0,2258,236056,0,2026-01-02T23:58:05.093828
3.492874516111111,1166,1.5,16.93,2258,236228,0,2026-01-02T23:58:16.494030
3.496041171111111,1167,1.5,16.93,2270,236472,0,2026-01-02T23:58:27.893988
3.4992078502777777,1168,1.75,17.0,2264,236522,0,2026-01-02T23:58:39.294033
3.502374545,1169,1.75,17.0,2258,236700,0,2026-01-02T23:58:50.694134
3.505541282222222,1170,1.75,16.75,2256,236986,0,2026-01-02T23:59:02.094388
3.5087079288888887,1171,1.5,16.87,2256,237210,0,2026-01-02T23:59:13.494316
3.5118746030555554,1172,1.75,17.0,2270,237368,0,2026-01-02T23:59:24.894343
3.515041271111111,1173,1.75,17.06,2258,237452,0,2026-01-02T23:59:36.294348
3.518208001111111,1174,1.0,16.75,2256,237728,0,2026-01-02T23:59:47.694576
3.521374706111111,1175,1.5,17.0,2256,238006,0,2026-01-02T23:59:59.094714
3.524541418888889,1176,1.25,16.81,2236,238092,0,2026-01-03T00:00:10.494880
3.5277081155555554,1177,1.5,16.87,2244,238244,0,2026-01-03T00:00:21.894988
3.5308746261111112,1178,1.5,16.87,2242,238520,0,2026-01-03T00:00:33.294426
3.5340415630555557,1179,1.5,16.68,2240,238614,0,2026-01-03T00:00:44.695399
3.53720824,1180,1.5,16.93,2242,238764,0,2026-01-03T00:00:56.095436
3.540374894166667,1181,1.5,16.68,2242,238992,0,2026-01-03T00:01:07.495391
3.543541598611111,1182,1.0,16.68,2242,239206,0,2026-01-03T00:01:18.895527
3.5467082966666665,1183,1.25,16.81,2242,239394,0,2026-01-03T00:01:30.295640
3.5498750083333332,1184,1.25,16.75,2250,239562,0,2026-01-03T00:01:41.695802
3.553041722777778,1185,1.5,16.93,2240,239690,0,2026-01-03T00:01:53.095974
3.556208416111111,1186,1.25,16.68,2238,239898,0,2026-01-03T00:02:04.496070
3.5593751808333334,1187,1.25,16.81,2236,240138,0,2026-01-03T00:02:15.896423
3.5625418283333334,1188,1.5,16.93,2230,240230,0,2026-01-03T00:02:27.296354
3.5657085141666665,1189,1.0,16.87,2230,240506,0,2026-01-03T00:02:38.696423
3.5688752172222222,1190,1.25,16.68,2246,240742,0,2026-01-03T00:02:50.096554
3.572041945,1191,1.0,16.93,2238,240892,0,2026-01-03T00:03:01.496774
3.575208702222222,1192,1.5,16.93,2232,241076,0,2026-01-03T00:03:12.897100
3.5783753994444445,1193,1.0,16.81,2232,241304,0,2026-01-03T00:03:24.297210
3.5815420633333335,1194,1.0,16.87,2236,241428,0,2026-01-03T00:03:35.697200
3.584708763888889,1195,1.5,16.68,2230,241598,0,2026-01-03T00:03:47.097322
3.5878754619444444,1196,1.25,16.87,2226,241834,0,2026-01-03T00:03:58.497435
3.5910421630555556,1197,1.5,17.06,2226,242028,0,2026-01-03T00:04:09.897559
3.5942088844444444,1198,1.25,16.87,2224,242252,0,2026-01-03T00:04:21.297756
3.5973755775,1199,1.25,16.68,2226,242352,0,2026-01-03T00:04:32.697851
3.600542288333333,1200,1.25,16.93,2222,242550,0,2026-01-03T00:04:44.098010
3.6037090025,1201,1.25,16.81,2222,242718,0,2026-01-03T00:04:55.498181
3.6068757241666667,1202,1.25,16.87,2220,242918,0,2026-01-03T00:05:06.898379
3.6100424227777776,1203,1.25,16.81,2218,243056,0,2026-01-03T00:05:18.298494
3.613209125277778,1204,1.0,16.87,2214,243240,0,2026-01-03T00:05:29.698623
3.616375896111111,1205,1.25,17.12,2210,243412,0,2026-01-03T00:05:41.098998
3.6195425230555553,1206,1.25,16.93,2212,243612,0,2026-01-03T00:05:52.498855
3.6227092697222223,1207,0.75,16.75,2210,243772,0,2026-01-03T00:06:03.899143
3.6258759730555554,1208,1.0,17.0,2222,243862,0,2026-01-03T00:06:15.299275
3.6290426852777777,1209,1.25,16.93,2212,244008,0,2026-01-03T00:06:26.699439
3.6322093844444443,1210,1.25,17.0,2208,244182,0,2026-01-03T00:06:38.099556
3.6353761116666665,1211,1.25,16.87,2204,244276,0,2026-01-03T00:06:49.499774
3.6385428341666666,1212,1.0,17.0,2206,244502,0,2026-01-03T00:07:00.899975
3.6417095875,1213,1.25,16.81,2204,244666,0,2026-01-03T00:07:12.300287
3.644876278611111,1214,1.0,16.87,2210,244834,0,2026-01-03T00:07:23.700375
3.648042951388889,1215,1.0,16.81,2206,244980,0,2026-01-03T00:07:35.100397
3.651209655,1216,1.0,16.87,2204,245164,0,2026-01-03T00:07:46.500530
3.654376382777778,1217,1.0,16.93,2208,245228,0,2026-01-03T00:07:57.900750
3.657543091111111,1218,0.75,17.0,2202,245490,0,2026-01-03T00:08:09.300900
3.6607097933333335,1219,1.25,17.0,2198,245620,0,2026-01-03T00:08:20.701028
3.663876501111111,1220,1.0,17.06,2198,245810,0,2026-01-03T00:08:32.101176
3.6670432330555554,1221,0.75,16.87,2198,245972,0,2026-01-03T00:08:43.501411
3.6702099533333334,1222,1.25,17.12,2200,245870,0,2026-01-03T00:08:54.901604
3.673376658611111,1223,0.75,16.81,2194,246184,0,2026-01-03T00:09:06.301743
3.6765433811111112,1224,0.75,16.75,2198,246310,0,2026-01-03T00:09:17.701944
3.6797100975,1225,0.0,0.0,2194,246504,1,2026-01-03T00:09:29.102123
3.682876838611111,1226,0.75,16.87,2192,246648,0,2026-01-03T00:09:40.502391
3.6860435205555557,1227,0.75,16.87,2192,246730,0,2026-01-03T00:09:51.902446
3.6892102311111112,1228,0.75,16.93,2186,246610,0,2026-01-03T00:10:03.302604
3.6923769433333335,1229,0.75,16.87,2184,246894,0,2026-01-03T00:10:14.702768
3.6955437302777776,1230,1.0,17.06,2180,247104,0,2026-01-03T00:10:26.103201
3.698710385,1231,0.75,17.06,2182,247034,0,2026-01-03T00:10:37.503158
3.701877127222222,1232,0.5,16.81,2178,247362,0,2026-01-03T00:10:48.903430
3.7050438055555555,1233,1.0,16.68,2180,247482,0,2026-01-03T00:11:00.303472
3.7082105405555557,1234,0.5,17.0,2174,247702,0,2026-01-03T00:11:11.703718
3.7113772994444445,1235,0.5,17.0,2172,247880,0,2026-01-03T00:11:23.104050
3.7145440255555555,1236,0.75,16.87,2172,248014,0,2026-01-03T00:11:34.504264
3.717710676111111,1237,0.5,17.0,2172,248090,0,2026-01-03T00:11:45.904206
3.720877395,1238,0.25,16.75,2166,248292,0,2026-01-03T00:11:57.304394
3.7240441016666668,1239,0.5,16.87,2166,248430,0,2026-01-03T00:12:08.704538
3.7272108455555557,1240,0.75,17.06,2150,248552,0,2026-01-03T00:12:20.104816
3.7303775625,1241,0.25,17.0,2158,248692,0,2026-01-03T00:12:31.504997
3.7335442658333333,1242,0.25,16.81,2148,248996,0,2026-01-03T00:12:42.905129
3.7367109980555555,1243,0.5,17.0,2146,249162,0,2026-01-03T00:12:54.305365
3.7398776983333333,1244,0.5,16.75,2142,249264,0,2026-01-03T00:13:05.705486
3.7430444916666668,1245,0.25,16.75,2148,249260,0,2026-01-03T00:13:17.105942
3.746211136111111,1246,0.25,16.81,2138,249554,0,2026-01-03T00:13:28.505862
3.749377884722222,1247,0.25,16.87,2136,249726,0,2026-01-03T00:13:39.906157
3.7525446113888887,1248,0.0,16.87,2132,249900,0,2026-01-03T00:13:51.306373
3.7557112802777777,1249,0.25,16.93,2124,250040,0,2026-01-03T00:14:02.706381
3.7588780005555558,1250,0.25,16.81,2122,250178,0,2026-01-03T00:14:14.106574
3.7620447344444443,1251,0.75,17.0,2104,250348,0,2026-01-03T00:14:25.506816
3.7652114975,1252,0.25,16.93,2106,250490,0,2026-01-03T00:14:36.907163
3.768378217777778,1253,0.0,16.81,2106,250620,0,2026-01-03T00:14:48.307356
3.771544882777778,1254,0.25,16.81,2104,250690,0,2026-01-03T00:14:59.707350
3.7747115986111113,1255,0.0,16.75,2102,250874,0,2026-01-03T00:15:11.107527
3.7778783369444446,1256,0.0,16.68,2100,251040,0,2026-01-03T00:15:22.507785
3.7810450894444445,1257,0.0,16.93,2102,251114,0,2026-01-03T00:15:33.908094
3.7842117919444442,1258,0.0,17.06,2098,251338,0,2026-01-03T00:15:45.308223
3.7873784808333335,1259,0.0,17.0,2092,251442,0,2026-01-03T00:15:56.708303
3.7905451975,1260,0.0,16.68,2078,251584,0,2026-01-03T00:16:08.108483
3.7937119672222224,1261,0.25,17.0,2080,251702,0,2026-01-03T00:16:19.508854
3.79687868,1262,0.25,16.93,2076,251852,0,2026-01-03T00:16:30.909020
3.8000453566666668,1263,0.25,16.93,2074,251896,0,2026-01-03T00:16:42.309056
3.803212071388889,1264,0.0,16.81,2076,252072,0,2026-01-03T00:16:53.709229
3.8063787869444443,1265,0.0,16.93,2074,252232,0,2026-01-03T00:17:05.109405
3.809545506666667,1266,0.0,16.75,2064,252288,0,2026-01-03T00:17:16.509596
3.8127122441666668,1267,-1.75,16.87,2068,252610,0,2026-01-03T00:17:27.909851
3.8158789469444443,1268,0.0,16.81,2066,252752,0,2026-01-03T00:17:39.309981
3.8190457275,1269,-1.75,16.87,2064,252862,0,2026-01-03T00:17:50.710391
3.8222124108333335,1270,-1.75,16.87,2068,253068,0,2026-01-03T00:18:02.110451
3.8253791430555557,1271,0.25,17.0,2062,253224,0,2026-01-03T00:18:13.510687
3.8285458375,1272,0.0,16.87,2056,253258,0,2026-01-03T00:18:24.910787
3.831712561111111,1273,0.0,16.87,2054,253332,0,2026-01-03T00:18:36.310992
3.8348792661111113,1274,-1.75,16.87,2034,253276,0,2026-01-03T00:18:47.711130
3.8380460105555554,1275,-1.75,16.93,2040,253536,0,2026-01-03T00:18:59.111410
3.84121272,1276,-1.75,17.25,2044,253754,0,2026-01-03T00:19:10.511564
3.8443794516666667,1277,-1.5,16.81,2048,253788,0,2026-01-03T00:19:21.911798
3.8475462233333335,1278,-1.5,16.81,2044,254024,0,2026-01-03T00:19:33.312176
3.8507129425,1279,-1.75,16.81,2048,254190,0,2026-01-03T00:19:44.712365
3.8538796091666665,1280,-1.75,16.81,2038,254278,0,2026-01-03T00:19:56.112365
3.8570463319444444,1281,-1.75,16.75,2042,254502,0,2026-01-03T00:20:07.512567
3.8602131044444445,1282,-1.75,16.93,2048,254786,0,2026-01-03T00:20:18.912948
3.863379818888889,1283,0.0,16.81,2056,255024,0,2026-01-03T00:20:30.313120
3.8665464977777777,1284,-1.5,16.75,2046,254952,0,2026-01-03T00:20:41.713164
3.8697131955555557,1285,-1.75,16.93,2046,255136,0,2026-01-03T00:20:53.113276
3.8728799236111113,1286,-1.5,16.93,2050,255314,0,2026-01-03T00:21:04.513497
3.876046710833333,1287,-1.5,16.68,2054,255476,0,2026-01-03T00:21:15.913931
3.879213423888889,1288,-1.5,16.81,2052,255654,0,2026-01-03T00:21:27.314098
3.882380104166667,1289,-1.25,16.81,2056,255928,0,2026-01-03T00:21:38.714147
3.8855468291666666,1290,-1.5,16.93,2056,256124,0,2026-01-03T00:21:50.114357
3.888713536388889,1291,-1.5,16.87,2060,256276,0,2026-01-03T00:22:01.514503
3.8918802436111113,1292,-1.5,17.0,2058,256518,0,2026-01-03T00:22:12.914649
3.8950469841666666,1293,-1.5,16.87,2048,256718,0,2026-01-03T00:22:24.314915
3.898213716111111,1294,-1.5,16.75,2050,256898,0,2026-01-03T00:22:35.715150
3.901380458333333,1295,-1.75,17.0,2048,257110,0,2026-01-03T00:22:47.115422
3.9045471269444443,1296,-1.5,16.81,2048,257306,0,2026-01-03T00:22:58.515429
3.9077138702777776,1297,-1.25,16.75,2050,257556,0,2026-01-03T00:23:09.915705
3.9108805794444446,1298,-1.25,16.75,2050,257764,0,2026-01-03T00:23:21.315858
3.914047321111111,1299,-1.5,16.81,2050,257940,0,2026-01-03T00:23:32.716128
3.9172140775,1300,-1.5,16.87,2052,258006,0,2026-01-03T00:23:44.116451
3.9203807569444447,1301,-1.0,16.68,2052,258270,0,2026-01-03T00:23:55.516497
3.9235475044444446,1302,-1.0,16.87,2046,258404,0,2026-01-03T00:24:06.916788
3.9267142358333333,1303,-1.0,16.68,2044,258580,0,2026-01-03T00:24:18.317021
3.929881001388889,1304,-1.25,16.81,2044,258778,0,2026-01-03T00:24:29.717377
3.9330476530555556,1305,-1.0,16.75,2046,259016,0,2026-01-03T00:24:41.117323
3.936214360277778,1306,-1.25,16.93,2048,259160,0,2026-01-03T00:24:52.517469
3.9393811125,1307,-2.75,16.75,2048,259304,0,2026-01-03T00:25:03.917777
3.9425478825,1308,-1.25,17.0,2048,259544,0,2026-01-03T00:25:15.318149
3.9457146138888888,1309,-1.25,16.87,2044,259606,0,2026-01-03T00:25:26.718382
3.948881291388889,1310,-2.5,16.81,2044,259790,0,2026-01-03T00:25:38.118421
3.952047993611111,1311,-1.0,17.06,2044,259948,0,2026-01-03T00:25:49.518549
3.955214693888889,1312,-1.0,16.81,2042,259996,0,2026-01-03T00:26:00.918670
3.9583814936111112,1313,-1.25,16.87,2042,260184,0,2026-01-03T00:26:12.319149
3.9615481530555554,1314,-1.0,16.93,2034,260222,0,2026-01-03T00:26:23.719123
3.9647148758333333,1315,-2.75,16.87,2038,260368,0,2026-01-03T00:26:35.119325
3.9678815852777776,1316,-2.75,16.68,2040,260578,0,2026-01-03T00:26:46.519479
3.971048212222222,1317,-1.0,16.87,2044,260706,0,2026-01-03T00:26:57.919336
3.974214895833333,1318,-2.75,16.87,2038,260714,0,2026-01-03T00:27:09.319397
3.977381486111111,1319,-1.0,16.87,2038,260890,0,2026-01-03T00:27:20.719122
3.980548127777778,1320,-2.5,16.87,2036,260954,0,2026-01-03T00:27:32.119032
3.9837148186111113,1321,-2.75,16.68,2032,261122,0,2026-01-03T00:27:43.519119
3.9868814569444444,1322,-1.0,16.93,2038,261272,0,2026-01-03T00:27:54.919017
3.9900480216666665,1323,-2.5,16.93,2016,261240,0,2026-01-03T00:28:06.318650
3.993214681111111,1324,-2.75,16.87,2024,261386,0,2026-01-03T00:28:17.718624
3.9963813186111112,1325,-1.0,16.93,2030,261578,0,2026-01-03T00:28:29.118519
3.9995479661111113,1326,-2.75,16.81,2030,261620,0,2026-01-03T00:28:40.518450
4.0027146177777775,1327,-2.5,16.93,2030,261826,0,2026-01-03T00:28:51.918396
4.00588129,1328,-2.75,16.93,2032,262012,0,2026-01-03T00:29:03.318416
4.009047913611111,1329,-2.5,17.0,2032,262090,0,2026-01-03T00:29:14.718261
4.0122145669444444,1330,-2.5,16.81,2038,262250,0,2026-01-03T00:29:26.118213
4.0153812561111115,1331,-2.5,16.75,2034,262168,0,2026-01-03T00:29:37.518294
4.018547875,1332,-2.5,16.93,2032,262244,0,2026-01-03T00:29:48.918122
4.021714548055556,1333,-2.5,16.75,2032,262356,0,2026-01-03T00:30:00.318145
4.024881255277778,1334,-2.5,16.87,2030,262400,0,2026-01-03T00:30:11.718291
4.0280478480555555,1335,-2.25,16.75,2030,262572,0,2026-01-03T00:30:23.118025
4.0312145061111115,1336,-2.5,16.75,2034,262664,0,2026-01-03T00:30:34.517994
4.034381184166667,1337,-2.0,16.75,2042,262806,0,2026-01-03T00:30:45.918035
4.037547828055556,1338,-2.25,16.81,2030,262656,0,2026-01-03T00:30:57.317953
4.040714553888889,1339,-2.0,16.75,2032,262790,0,2026-01-03T00:31:08.718166
4.043881155555556,1340,-2.5,16.68,2032,262864,0,2026-01-03T00:31:20.117932
4.047047826388889,1341,-2.25,16.75,2030,263008,0,2026-01-03T00:31:31.517947
4.050214551388889,1342,-2.0,16.81,2036,263170,0,2026-01-03T00:31:42.918157
4.053381210277778,1343,-2.25,16.87,2032,263140,0,2026-01-03T00:31:54.318129
4.0565478411111116,1344,-2.0,16.93,2038,263324,0,2026-01-03T00:32:05.718000
4.0597144825,1345,-3.75,16.75,2040,263308,0,2026-01-03T00:32:17.117909
4.062881155277778,1346,-2.25,16.75,2044,263440,0,2026-01-03T00:32:28.517931
4.0660479291666665,1347,-2.25,16.81,2052,263618,0,2026-01-03T00:32:39.918317
4.069214543611111,1348,-3.25,16.93,2056,263722,0,2026-01-03T00:32:51.318129
4.072381164166667,1349,-2.25,16.93,2060,263738,0,2026-01-03T00:33:02.717963
4.0755478627777775,1350,-2.0,16.81,2066,263896,0,2026-01-03T00:33:14.118078
4.078714506666667,1351,-3.75,16.62,2058,263806,0,2026-01-03T00:33:25.517996
4.081881248888889,1352,-3.75,16.87,2062,263972,0,2026-01-03T00:33:36.918268
4.085047868611111,1353,-2.25,16.81,2068,264164,0,2026-01-03T00:33:48.318099
4.0882145747222225,1354,-2.0,16.81,2076,264252,0,2026-01-03T00:33:59.718241
4.091381225555556,1355,-2.0,16.87,2062,264212,0,2026-01-03T00:34:11.118184
4.094547954166667,1356,-3.75,16.68,2068,264382,0,2026-01-03T00:34:22.518407
4.097714588611111,1357,-2.0,16.75,2072,264606,0,2026-01-03T00:34:33.918291
4.100881283611111,1358,-2.0,17.0,2118,264644,0,2026-01-03T00:34:45.318393
4.104047961666667,1359,-3.75,16.87,2128,265004,0,2026-01-03T00:34:56.718434
4.107214624722222,1360,-3.5,16.81,2122,265130,0,2026-01-03T00:35:08.118421
4.110381303888889,1361,-2.25,16.68,2132,265556,0,2026-01-03T00:35:19.518466
4.113547981388889,1362,-3.75,16.75,2176,266178,0,2026-01-03T00:35:30.918505
4.116714673611111,1363,-3.75,16.93,2196,266882,0,2026-01-03T00:35:42.318597
4.119881360277778,1364,-3.75,16.81,2208,267058,0,2026-01-03T00:35:53.718669
4.1230480952777775,1365,-3.75,16.75,2216,267278,0,2026-01-03T00:36:05.118915
4.126214743888889,1366,-2.0,17.06,2232,267414,0,2026-01-03T00:36:16.518850
4.129381430555555,1367,-3.25,16.87,2228,267250,0,2026-01-03T00:36:27.918922
4.132548122777778,1368,-3.25,16.81,2234,267464,0,2026-01-03T00:36:39.319014
4.135714848888889,1369,-3.5,16.87,2230,267598,0,2026-01-03T00:36:50.719228
4.138881477777778,1370,-3.5,16.87,2240,267692,0,2026-01-03T00:37:02.119092
4.1420481788888885,1371,-3.5,17.06,2240,267788,0,2026-01-03T00:37:13.519216
4.145214887222222,1372,-3.25,16.81,2246,268088,0,2026-01-03T00:37:24.919366
4.148381573611111,1373,-3.0,16.81,2252,268328,0,2026-01-03T00:37:36.319437
4.151548225277778,1374,-3.75,16.93,2260,268574,0,2026-01-03T00:37:47.719383
4.154714911944445,1375,-3.5,17.06,2266,268736,0,2026-01-03T00:37:59.119455
4.157881615,1376,-3.75,16.93,2262,267188,0,2026-01-03T00:38:10.519586
4.161048321388889,1377,-3.25,16.68,2264,267800,0,2026-01-03T00:38:21.919729
4.164215030555556,1378,-3.25,17.06,2264,268124,0,2026-01-03T00:38:33.319882
4.167381689722222,1379,-3.25,16.81,2264,268340,0,2026-01-03T00:38:44.719855
4.1705484083333335,1380,-3.5,16.87,2266,268538,0,2026-01-03T00:38:56.120042
4.173715146111111,1381,-3.25,16.87,2270,268944,0,2026-01-03T00:39:07.520298
4.1768818525,1382,-3.0,16.81,2268,269006,0,2026-01-03T00:39:18.920441
4.180048502222222,1383,-3.25,16.87,2272,269208,0,2026-01-03T00:39:30.320380
4.18321517,1384,-3.0,16.81,2272,269384,0,2026-01-03T00:39:41.720384
4.186381845,1385,-3.0,16.62,2274,269536,0,2026-01-03T00:39:53.120414
4.189548543888889,1386,-3.0,16.68,2274,269668,0,2026-01-03T00:40:04.520530
4.192715249166667,1387,-3.0,16.87,2276,269834,0,2026-01-03T00:40:15.920669
4.195881955833333,1388,-4.75,16.75,2278,269924,0,2026-01-03T00:40:27.320813
4.1990486916666665,1389,-3.25,16.93,2278,270162,0,2026-01-03T00:40:38.721062
4.2022154025,1390,-4.75,16.75,2280,270284,0,2026-01-03T00:40:50.121221
4.205382042222222,1391,-3.0,16.93,2276,270370,0,2026-01-03T00:41:01.521124
4.20854872,1392,-4.75,16.75,2276,270602,0,2026-01-03T00:41:12.921164
4.2117154277777775,1393,-3.0,16.81,2274,270562,0,2026-01-03T00:41:24.321312
4.214882119722223,1394,-3.0,16.68,2278,270696,0,2026-01-03T00:41:35.721403
4.218048820833333,1395,-4.75,16.56,2274,270730,0,2026-01-03T00:41:47.121527
4.221215516388889,1396,-4.75,16.81,2280,270926,0,2026-01-03T00:41:58.521631
4.224382237222223,1397,-4.75,16.75,2278,271046,0,2026-01-03T00:42:09.921826
4.2275489775,1398,-4.75,16.68,2278,271130,0,2026-01-03T00:42:21.322091
4.230715615555556,1399,-4.75,16.81,2280,271218,0,2026-01-03T00:42:32.721988
4.233882329722222,1400,-3.0,16.87,2282,271426,0,2026-01-03T00:42:44.122159
4.2370490230555555,1401,-4.5,16.75,2286,271504,0,2026-01-03T00:42:55.522255
4.240215735277777,1402,-4.5,16.75,2284,271578,0,2026-01-03T00:43:06.922419
4.243382426388889,1403,-4.75,17.06,2282,271568,0,2026-01-03T00:43:18.322507
4.2465491363888885,1404,-4.75,16.93,2282,271600,0,2026-01-03T00:43:29.722663
4.249715850277778,1405,-4.5,16.75,2284,271694,0,2026-01-03T00:43:41.122833
4.252882602222222,1406,-4.5,16.81,2284,271794,0,2026-01-03T00:43:52.523140
4.2560492836111115,1407,-4.5,16.93,2284,271886,0,2026-01-03T00:44:03.923193
4.2592159775,1408,-4.5,16.68,2288,272060,0,2026-01-03T00:44:15.323291
4.262382629444445,1409,-4.5,16.81,2288,272138,0,2026-01-03T00:44:26.723238
4.265549444722223,1410,-4.25,16.81,2288,272128,0,2026-01-03T00:44:38.123773
4.268716036944444,1411,-4.5,16.75,2292,272240,0,2026-01-03T00:44:49.523505
4.271882741388889,1412,-4.25,16.75,2288,272276,0,2026-01-03T00:45:00.923641
4.275049454444445,1413,-4.75,16.75,2292,272372,0,2026-01-03T00:45:12.323808
4.278216167222222,1414,-4.25,16.87,2286,272370,0,2026-01-03T00:45:23.723974
4.281382859722222,1415,-4.25,16.75,2286,272470,0,2026-01-03T00:45:35.124067
4.2845495597222225,1416,-4.5,16.75,2288,272524,0,2026-01-03T00:45:46.524187
4.287716283888889,1417,-5.5,16.81,2294,272642,0,2026-01-03T00:45:57.924394
4.290882960277778,1418,-4.25,16.81,2300,272816,0,2026-01-03T00:46:09.324429
4.294049675555556,1419,-4.0,16.81,2304,272912,0,2026-01-03T00:46:20.724604
4.297216343333333,1420,-4.0,16.81,2308,273096,0,2026-01-03T00:46:32.124608
4.30038311,1421,-5.75,16.81,2308,273076,0,2026-01-03T00:46:43.524968
4.303549785833333,1422,-5.5,16.56,2308,273194,0,2026-01-03T00:46:54.925001
4.3067164686111115,1423,-4.0,16.81,2308,273250,0,2026-01-03T00:47:06.325059
4.309883216944445,1424,-4.0,16.81,2314,273470,0,2026-01-03T00:47:17.725353
4.313049895277778,1425,-5.75,16.81,2314,273558,0,2026-01-03T00:47:29.125395
4.316216619722222,1426,-4.0,16.75,2314,273604,0,2026-01-03T00:47:40.525603
4.319383326944444,1427,-5.75,16.75,2324,273790,0,2026-01-03T00:47:51.925749
4.322550043055555,1428,-5.75,16.75,2326,273798,0,2026-01-03T00:48:03.325927
4.325716791666666,1429,-5.5,16.75,2330,273938,0,2026-01-03T00:48:14.726222
4.328883431944444,1430,-4.0,16.81,2336,274042,0,2026-01-03T00:48:26.126127
4.332050142777778,1431,-5.75,16.81,2336,274078,0,2026-01-03T00:48:37.526286
4.335216833611111,1432,-5.75,16.81,2334,274150,0,2026-01-03T00:48:48.926373
4.338383533333333,1433,-5.75,16.75,2334,274178,0,2026-01-03T00:49:00.326492
4.341550278055555,1434,-5.25,16.75,2336,274286,0,2026-01-03T00:49:11.726773
4.344716966111111,1435,-5.5,16.75,2338,274324,0,2026-01-03T00:49:23.126850
4.3478836677777775,1436,-5.25,16.81,2336,274390,0,2026-01-03T00:49:34.526976
4.351050449444444,1437,-5.75,16.87,2338,274436,0,2026-01-03T00:49:45.927390
4.3542171241666665,1438,-5.5,16.68,2332,274498,0,2026-01-03T00:49:57.327419
4.357383779722222,1439,-5.25,16.87,2334,274530,0,2026-01-03T00:50:08.727379
4.36055051,1440,-5.25,16.68,2338,274668,0,2026-01-03T00:50:20.127608
4.363717260277777,1441,-5.5,16.87,2336,274702,0,2026-01-03T00:50:31.527909
4.366883928611111,1442,-5.25,16.75,2336,274736,0,2026-01-03T00:50:42.927915
4.3700506325,1443,-5.5,16.81,2336,274780,0,2026-01-03T00:50:54.328049
4.373217339722222,1444,-5.5,16.75,2332,274824,0,2026-01-03T00:51:05.728195
4.376384069166667,1445,-5.25,16.87,2334,274930,0,2026-01-03T00:51:17.128421
4.379550741666667,1446,-6.75,16.62,2334,274944,0,2026-01-03T00:51:28.528442
4.382717438611111,1447,-5.25,16.93,2334,275036,0,2026-01-03T00:51:39.928551
4.385884194722222,1448,-5.0,16.93,2336,275066,0,2026-01-03T00:51:51.328873
4.389050893333334,1449,-5.25,16.87,2334,275136,0,2026-01-03T00:52:02.728988
4.392217598611111,1450,-5.0,16.75,2334,275154,0,2026-01-03T00:52:14.129127
4.395384331944444,1451,-5.0,16.75,2336,275214,0,2026-01-03T00:52:25.529367
4.3985510011111115,1452,-5.0,16.68,2334,275280,0,2026-01-03T00:52:36.929376
4.401717723333333,1453,-5.0,16.75,2336,275342,0,2026-01-03T00:52:48.329576
4.4048844225,1454,-6.75,16.87,2334,275392,0,2026-01-03T00:52:59.729693
4.408051139444445,1455,-5.0,16.75,2334,275432,0,2026-01-03T00:53:11.129874
4.4112178463888885,1456,-5.25,16.87,2336,275508,0,2026-01-03T00:53:22.530019
4.414384581944445,1457,-5.0,16.62,2334,275560,0,2026-01-03T00:53:33.930267
4.417551286666667,1458,-5.25,16.75,2334,275596,0,2026-01-03T00:53:45.330404
4.4207179575,1459,-6.75,16.81,2334,275658,0,2026-01-03T00:53:56.730419
4.423884680277777,1460,-6.5,16.81,2334,275748,0,2026-01-03T00:54:08.130621
4.427051397222222,1461,-5.0,16.75,2336,275736,0,2026-01-03T00:54:19.530802
4.430218145833333,1462,-6.75,16.93,2334,275798,0,2026-01-03T00:54:30.931097
4.433384875277778,1463,-6.75,16.75,2338,275844,0,2026-01-03T00:54:42.331323
4.436551512777778,1464,-6.75,16.93,2336,275902,0,2026-01-03T00:54:53.731218
4.4397182327777776,1465,-6.75,16.93,2336,275964,0,2026-01-03T00:55:05.131410
4.442884934444445,1466,-5.0,16.81,2336,275990,0,2026-01-03T00:55:16.531536
4.446051721944444,1467,-6.75,16.93,2334,276050,0,2026-01-03T00:55:27.931971
4.449218366111111,1468,-6.25,16.75,2334,276132,0,2026-01-03T00:55:39.331890
4.452385079722222,1469,-6.5,16.81,2334,276164,0,2026-01-03T00:55:50.732059
4.455551782222222,1470,-6.5,16.81,2334,276192,0,2026-01-03T00:56:02.132188
4.458718513888889,1471,-6.25,16.62,2332,276274,0,2026-01-03T00:56:13.532422
4.4618852025,1472,-6.5,16.81,2334,276310,0,2026-01-03T00:56:24.932501
4.465051933055555,1473,-6.25,16.81,2332,276392,0,2026-01-03T00:56:36.332731
4.468218659166666,1474,-6.5,16.87,2332,276418,0,2026-01-03T00:56:47.732945
4.47138539,1475,-6.25,16.68,2330,276474,0,2026-01-03T00:56:59.133176
4.474552055277778,1476,-6.25,16.81,2328,276536,0,2026-01-03T00:57:10.533171
4.4777187775,1477,-6.25,16.68,2326,276596,0,2026-01-03T00:57:21.933371
4.4808854841666665,1478,-7.75,16.87,2324,276646,0,2026-01-03T00:57:33.333515
4.484052191666667,1479,-6.0,16.75,2322,276678,0,2026-01-03T00:57:44.733662
4.487218955555556,1480,-6.25,16.87,2322,276764,0,2026-01-03T00:57:56.134012
4.490385631944444,1481,-6.25,16.87,2320,276810,0,2026-01-03T00:58:07.534047
4.493552321111111,1482,-6.0,16.68,2314,276874,0,2026-01-03T00:58:18.934128
4.496719035277778,1483,-6.25,16.81,2312,276892,0,2026-01-03T00:58:30.334299
4.4998857419444445,1484,-6.25,16.93,2306,276980,0,2026-01-03T00:58:41.734443
4.503052451666667,1485,-6.0,16.75,2304,277038,0,2026-01-03T00:58:53.134598
4.506219161111111,1486,-6.0,16.62,2302,277094,0,2026-01-03T00:59:04.534752
4.509385870833333,1487,-6.0,16.81,2298,277126,0,2026-01-03T00:59:15.934907
4.512552641111111,1488,-6.0,16.93,2294,277156,0,2026-01-03T00:59:27.335280
4.515719344722222,1489,-6.25,17.0,2294,277208,0,2026-01-03T00:59:38.735413
4.518886012777778,1490,-7.5,16.75,2288,277246,0,2026-01-03T00:59:50.135418
4.522052733333333,1491,-6.0,16.62,2282,277222,0,2026-01-03T01:00:01.535612
4.525219492222222,1492,-6.0,16.81,2282,277332,0,2026-01-03T01:00:12.935944
4.528386205277778,1493,-7.75,16.87,2280,277360,0,2026-01-03T01:00:24.336111
4.531552865277778,1494,-7.75,16.87,2278,277422,0,2026-01-03T01:00:35.736087
4.5347196047222225,1495,-7.75,16.75,2272,277456,0,2026-01-03T01:00:47.136349
4.537886274722222,1496,-7.75,16.75,2268,277480,0,2026-01-03T01:00:58.536361
4.5410529875,1497,-7.5,16.81,2268,277522,0,2026-01-03T01:01:09.936527
4.544219701666667,1498,-7.5,16.62,2264,277564,0,2026-01-03T01:01:21.336698
4.547386476388889,1499,-7.25,16.81,2264,277586,0,2026-01-03T01:01:32.737087
4.550553125555555,1500,-7.5,16.87,2264,277612,0,2026-01-03T01:01:44.137024
4.553719909444444,1501,-7.75,16.81,2258,277656,0,2026-01-03T01:01:55.537446
4.556886536666667,1502,-7.25,16.81,2258,277682,0,2026-01-03T01:02:06.937304
4.5600532725,1503,-7.5,16.87,2254,277732,0,2026-01-03T01:02:18.337553
4.5632199955555555,1504,-7.25,16.68,2254,277790,0,2026-01-03T01:02:29.737756
4.566386746666667,1505,-7.5,16.75,2252,277790,0,2026-01-03T01:02:41.138060
4.56955345,1506,-7.25,16.68,2248,277830,0,2026-01-03T01:02:52.538192
4.5727201088888885,1507,-7.25,16.87,2246,277902,0,2026-01-03T01:03:03.938164
4.5758868377777775,1508,-8.75,17.0,2248,277900,0,2026-01-03T01:03:15.338388
4.579053538055556,1509,-7.5,16.93,2248,277944,0,2026-01-03T01:03:26.738509
4.582220228888889,1510,-8.75,16.75,2246,277994,0,2026-01-03T01:03:38.138596
4.585386979722222,1511,-7.25,16.62,2244,278058,0,2026-01-03T01:03:49.538899
4.588553651111111,1512,-7.25,16.87,2244,278070,0,2026-01-03T01:04:00.938916
4.5917203891666665,1513,-7.0,16.81,2240,278124,0,2026-01-03T01:04:12.339173
4.594887129166667,1514,-7.25,16.81,2240,278148,0,2026-01-03T01:04:23.739437
4.598053801944444,1515,-7.0,16.75,2240,278186,0,2026-01-03T01:04:35.139459
4.601220495,1516,-7.0,16.93,2238,278248,0,2026-01-03T01:04:46.539554
4.604387235277778,1517,-8.75,16.68,2238,278248,0,2026-01-03T01:04:57.939819
4.607553993055555,1518,-8.75,16.87,2236,278300,0,2026-01-03T01:05:09.340147
4.610720702222222,1519,-8.5,16.68,2234,278348,0,2026-01-03T01:05:20.740300
4.613887358333334,1520,-8.5,16.93,2234,278366,0,2026-01-03T01:05:32.140262
4.617054063333334,1521,-8.5,16.75,2234,278408,0,2026-01-03T01:05:43.540400
4.620220787222222,1522,-8.5,16.81,2232,278448,0,2026-01-03T01:05:54.940606
4.623387497222223,1523,-8.25,16.62,2232,278474,0,2026-01-03T01:06:06.340762
4.626554235833333,1524,-8.75,16.87,2230,278522,0,2026-01-03T01:06:17.741021
4.629720924166667,1525,-8.5,16.68,2230,278544,0,2026-01-03T01:06:29.141099
4.6328876319444445,1526,-8.25,16.75,2228,278564,0,2026-01-03T01:06:40.541247
4.636054345555555,1527,-8.25,16.68,2230,278640,0,2026-01-03T01:06:51.941416
4.639221044444445,1528,-8.5,16.87,2228,278644,0,2026-01-03T01:07:03.341532
4.642387774166667,1529,-8.5,16.62,2228,278698,0,2026-01-03T01:07:14.741759
4.645554490555556,1530,-8.75,16.87,2228,278732,0,2026-01-03T01:07:26.141938
4.648721225277778,1531,-8.5,16.81,2226,278752,0,2026-01-03T01:07:37.542183
4.651887945555556,1532,-8.0,16.81,2226,278812,0,2026-01-03T01:07:48.942376
4.655054616666667,1533,-9.75,17.0,2226,278856,0,2026-01-03T01:08:00.342392
4.658221344166667,1534,-8.25,16.93,2224,278854,0,2026-01-03T01:08:11.742611
4.661388122222222,1535,-9.5,16.75,2224,278912,0,2026-01-03T01:08:23.143012
4.664554759722222,1536,-8.25,16.68,2224,278946,0,2026-01-03T01:08:34.542907
4.667721478333333,1537,-8.5,16.75,2224,278990,0,2026-01-03T01:08:45.943094
4.670888206388889,1538,-9.75,16.75,2224,279018,0,2026-01-03T01:08:57.343315
4.674054903055556,1539,-8.0,16.81,2222,279046,0,2026-01-03T01:09:08.743423
4.677221596944444,1540,-9.75,16.87,2222,279082,0,2026-01-03T01:09:20.143521
4.680388340555556,1541,-9.5,16.81,2220,279110,0,2026-01-03T01:09:31.543798
4.683555047222222,1542,-9.75,16.93,2220,279148,0,2026-01-03T01:09:42.943942
4.686721786111111,1543,-9.75,16.75,2218,279188,0,2026-01-03T01:09:54.344202
4.689888510555556,1544,-9.5,16.75,2218,279202,0,2026-01-03T01:10:05.744410
4.693055170277778,1545,-9.5,16.81,2218,279260,0,2026-01-03T01:10:17.144385
4.696221881666666,1546,-9.75,16.81,2216,279290,0,2026-01-03T01:10:28.544546
4.699388596666667,1547,-9.5,16.81,2216,279326,0,2026-01-03T01:10:39.944720
4.702555295277778,1548,-9.5,16.81,2216,279352,0,2026-01-03T01:10:51.344835
4.705722006111111,1549,-9.5,16.75,2214,279392,0,2026-01-03T01:11:02.744994
4.708888720555556,1550,-9.5,16.81,2214,279422,0,2026-01-03T01:11:14.145166
4.712055451944445,1551,-9.25,16.81,2212,279460,0,2026-01-03T01:11:25.545399
4.715222146666667,1552,-9.25,16.75,2212,279488,0,2026-01-03T01:11:36.945500
4.718388925,1553,-9.5,16.75,2210,279530,0,2026-01-03T01:11:48.345902
4.7215555969444445,1554,-9.25,16.75,2208,279570,0,2026-01-03T01:11:59.745921
4.7247222877777775,1555,-9.25,16.87,2210,279568,0,2026-01-03T01:12:11.146008
4.72788904,1556,-9.0,16.68,2208,279608,0,2026-01-03T01:12:22.546316
4.73105572,1557,-9.25,17.06,2208,279654,0,2026-01-03T01:12:33.946364
4.734222437222222,1558,-10.75,16.75,2208,279696,0,2026-01-03T01:12:45.346546
4.737389144722222,1559,-9.25,16.87,2208,279734,0,2026-01-03T01:12:56.746693
4.740555859444444,1560,-10.75,16.81,2208,279724,0,2026-01-03T01:13:08.146866
4.7437226444444445,1561,-10.75,16.81,2206,279770,0,2026-01-03T01:13:19.547292
4.746889331388889,1562,-10.25,16.93,2206,279798,0,2026-01-03T01:13:30.947365
4.750055996944444,1563,-10.75,16.68,2208,279840,0,2026-01-03T01:13:42.347361
4.7532227194444445,1564,-10.5,16.87,2206,279872,0,2026-01-03T01:13:53.747562
4.756389415277778,1565,-10.5,16.87,2206,279902,0,2026-01-03T01:14:05.147667
4.7595561875,1566,-10.5,16.75,2208,279930,0,2026-01-03T01:14:16.548047
4.762722853055555,1567,-10.5,16.68,2206,279956,0,2026-01-03T01:14:27.948043
4.765889583611111,1568,-10.0,16.87,2206,279996,0,2026-01-03T01:14:39.348273
4.769056292777778,1569,-10.0,16.62,2206,279998,0,2026-01-03T01:14:50.748426
4.772222986388889,1570,-10.75,16.87,2206,280044,0,2026-01-03T01:15:02.148523
4.7753897358333335,1571,-10.0,16.87,2206,280076,0,2026-01-03T01:15:13.548821
4.778556408333333,1572,-10.0,16.87,2206,280106,0,2026-01-03T01:15:24.948842
4.781723128333334,1573,-10.5,16.81,2206,280124,0,2026-01-03T01:15:36.349034
4.784889833055556,1574,-10.0,16.81,2208,280162,0,2026-01-03T01:15:47.749171
4.788056554166666,1575,-10.0,16.87,2206,280176,0,2026-01-03T01:15:59.149367
4.791223251944444,1576,-11.5,16.87,2208,280204,0,2026-01-03T01:16:10.549479
4.794389983888889,1577,-11.25,16.62,2206,280206,0,2026-01-03T01:16:21.949714
4.7975567011111115,1578,-10.0,16.93,2206,280216,0,2026-01-03T01:16:33.349896
4.800723486666667,1579,-11.75,16.87,2208,280264,0,2026-01-03T01:16:44.750324
4.803890134444444,1580,-11.5,16.56,2208,280284,0,2026-01-03T01:16:56.150256
4.807056871944445,1581,-11.75,16.75,2206,280312,0,2026-01-03T01:17:07.550511
4.810223560277778,1582,-11.75,16.75,2208,280352,0,2026-01-03T01:17:18.950589
4.813390348611111,1583,-11.25,16.68,2208,280362,0,2026-01-03T01:17:30.351027
4.8165569788888885,1584,-11.5,16.87,2208,280390,0,2026-01-03T01:17:41.750896
4.819723709444444,1585,-11.75,16.93,2208,280414,0,2026-01-03T01:17:53.151126
4.8228903913888885,1586,-11.5,16.68,2208,280456,0,2026-01-03T01:18:04.551181
4.826057118333333,1587,-11.25,16.75,2208,280464,0,2026-01-03T01:18:15.951398
4.829223811666667,1588,-11.25,16.75,2210,280482,0,2026-01-03T01:18:27.351494
4.832390537777778,1589,-11.0,16.75,2208,280516,0,2026-01-03T01:18:38.751708
4.835557250833333,1590,-12.75,16.68,2208,280556,0,2026-01-03T01:18:50.151875
4.838724008055555,1591,-12.75,16.68,2210,280540,0,2026-01-03T01:19:01.552201
4.841890723888889,1592,-11.0,16.75,2210,280560,0,2026-01-03T01:19:12.952378
4.845057371111111,1593,-12.5,16.93,2210,280600,0,2026-01-03T01:19:24.352308
4.848224108055556,1594,-11.0,16.81,2210,280620,0,2026-01-03T01:19:35.752561
4.8513908641666665,1595,-12.5,16.75,2208,280650,0,2026-01-03T01:19:47.152883
4.854557578888889,1596,-12.75,16.68,2210,280670,0,2026-01-03T01:19:58.553056
4.857724227777778,1597,-12.75,16.87,2210,280670,0,2026-01-03T01:20:09.952992
4.8608909519444445,1598,-12.5,16.56,2210,280680,0,2026-01-03T01:20:21.353199
4.8640576780555556,1599,-12.75,16.93,2212,280736,0,2026-01-03T01:20:32.753413
4.867224372777778,1600,-12.5,16.75,2210,280758,0,2026-01-03T01:20:44.153514
4.870391089444444,1601,-12.75,17.06,2212,280782,0,2026-01-03T01:20:55.553694
4.8735577775,1602,-12.5,16.87,2210,280784,0,2026-01-03T01:21:06.953771
4.876724521666667,1603,-12.5,16.62,2210,280804,0,2026-01-03T01:21:18.354050
4.879891234166666,1604,-12.5,16.93,2212,280814,0,2026-01-03T01:21:29.754215
4.8830579372222225,1605,-12.5,17.0,2212,280810,0,2026-01-03T01:21:41.154346
4.88622464,1606,-12.25,16.93,2214,280848,0,2026-01-03T01:21:52.554476
4.8893913597222225,1607,-12.0,16.93,2214,280864,0,2026-01-03T01:22:03.954667
4.892558076388889,1608,-12.5,16.68,2214,280892,0,2026-01-03T01:22:15.354847
4.895724843611111,1609,-12.25,16.81,2214,280866,0,2026-01-03T01:22:26.755209
4.8988915025,1610,-12.0,16.81,2214,280906,0,2026-01-03T01:22:38.155181
4.902058231388889,1611,-12.0,16.68,2214,280932,0,2026-01-03T01:22:49.555405
4.905224910277778,1612,-12.0,16.81,2214,280970,0,2026-01-03T01:23:00.955449
4.908391641666666,1613,-13.75,16.62,2216,280990,0,2026-01-03T01:23:12.355682
4.911558364166667,1614,-12.0,16.93,2214,280978,0,2026-01-03T01:23:23.755883
4.91472509,1615,-12.0,16.68,2216,280962,0,2026-01-03T01:23:35.156096
4.917891845833333,1616,-13.5,16.87,2214,281030,0,2026-01-03T01:23:46.556417
4.921058508333333,1617,-13.5,16.87,2216,281036,0,2026-01-03T01:23:57.956402
4.924225193611111,1618,-13.5,16.87,2214,281064,0,2026-01-03T01:24:09.356469
4.927391918055555,1619,-13.5,16.81,2216,281080,0,2026-01-03T01:24:20.756677
4.9305586275,1620,-13.25,16.81,2216,281080,0,2026-01-03T01:24:32.156831
4.933725390555556,1621,-12.0,16.87,2218,281084,0,2026-01-03T01:24:43.557178
4.9368920972222226,1622,-13.25,16.62,2218,281094,0,2026-01-03T01:24:54.957322
4.9400588775,1623,-13.5,17.06,2216,281122,0,2026-01-03T01:25:06.357731
4.943225504444444,1624,-13.5,16.87,2216,281126,0,2026-01-03T01:25:17.757588
4.946392193055556,1625,-13.5,16.81,2218,281152,0,2026-01-03T01:25:29.157667
4.949558970277778,1626,-13.5,16.87,2218,281148,0,2026-01-03T01:25:40.558065
4.952725618888889,1627,-13.25,16.93,2218,281186,0,2026-01-03T01:25:51.958000
4.9558923338888885,1628,-13.0,16.68,2218,281178,0,2026-01-03T01:26:03.358174
4.959059074444444,1629,-13.0,17.0,2218,281216,0,2026-01-03T01:26:14.758440
4.9622257525,1630,-13.25,16.75,2220,281200,0,2026-01-03T01:26:26.158481
4.965392491666667,1631,-13.25,16.68,2220,281200,0,2026-01-03T01:26:37.558742
4.968559223888889,1632,-14.75,16.93,2220,281246,0,2026-01-03T01:26:48.958978
4.971725889166667,1633,-14.75,16.75,2220,281256,0,2026-01-03T01:27:00.358973
4.974892676666666,1634,-13.0,16.68,2222,281270,0,2026-01-03T01:27:11.759408
4.978059342777778,1635,-13.0,16.75,2222,281260,0,2026-01-03T01:27:23.159406
4.981226045833333,1636,-14.75,17.0,2222,281308,0,2026-01-03T01:27:34.559537
4.984392759166667,1637,-14.75,16.75,2220,281314,0,2026-01-03T01:27:45.959705
4.987559528888889,1638,-13.0,16.81,2222,281306,0,2026-01-03T01:27:57.360076
4.990726170277778,1639,-14.75,16.87,2224,281324,0,2026-01-03T01:28:08.759985
4.993892881388889,1640,-14.5,17.06,2224,281320,0,2026-01-03T01:28:20.160145
4.997059615277778,1641,-14.5,16.81,2222,281346,0,2026-01-03T01:28:31.560387
5.0002263127777775,1642,-14.25,16.62,2222,281362,0,2026-01-03T01:28:42.960498
5.003393023611111,1643,-14.5,16.87,2224,281382,0,2026-01-03T01:28:54.360657
5.006559759444444,1644,-14.5,16.87,2224,281370,0,2026-01-03T01:29:05.760906
5.009726468333334,1645,-14.5,16.68,2226,281382,0,2026-01-03T01:29:17.161058
5.0128932088888885,1646,-14.5,16.87,2224,281392,0,2026-01-03T01:29:28.561324
5.016059912777778,1647,-14.75,16.93,2226,281426,0,2026-01-03T01:29:39.961458
5.0192265930555555,1648,-14.0,16.81,2226,281412,0,2026-01-03T01:29:51.361507
5.0223933125,1649,-14.25,16.93,2228,281456,0,2026-01-03T01:30:02.761697
5.02556003,1650,-14.0,16.87,2226,281454,0,2026-01-03T01:30:14.161880
5.028726771388889,1651,-14.0,16.75,2226,281462,0,2026-01-03T01:30:25.562149
5.0318934877777775,1652,-14.0,16.62,2228,281486,0,2026-01-03T01:30:36.962328
5.0350601525,1653,-14.0,16.93,2228,281470,0,2026-01-03T01:30:48.362321
5.038226870833333,1654,-14.0,16.81,2230,281486,0,2026-01-03T01:30:59.762507
5.041393589722222,1655,-15.75,16.87,2228,281510,0,2026-01-03T01:31:11.162695
5.0445602930555555,1656,-15.75,17.0,2230,281512,0,2026-01-03T01:31:22.562827
5.047726976111111,1657,-14.0,16.93,2230,281518,0,2026-01-03T01:31:33.962886
5.0508937241666665,1658,-14.0,16.81,2230,281554,0,2026-01-03T01:31:45.363179
5.054060427222222,1659,-15.75,16.62,2228,281554,0,2026-01-03T01:31:56.763310
5.057227129722222,1660,-14.0,16.75,2230,281554,0,2026-01-03T01:32:08.163439
5.060393847777778,1661,-15.75,16.68,2230,281538,0,2026-01-03T01:32:19.563624
5.063560561111111,1662,-15.5,16.68,2230,281580,0,2026-01-03T01:32:30.963792
5.066727285277778,1663,-15.75,16.81,2232,281582,0,2026-01-03T01:32:42.363999
5.069894003333333,1664,-15.5,16.68,2230,281602,0,2026-01-03T01:32:53.764184
5.073060739166666,1665,-14.0,16.68,2230,281624,0,2026-01-03T01:33:05.164433
5.076227406111111,1666,-14.0,16.75,2232,281618,0,2026-01-03T01:33:16.564434
5.079394129444444,1667,-15.5,16.81,2234,281634,0,2026-01-03T01:33:27.964638
5.082560880833333,1668,-15.5,16.87,2234,281654,0,2026-01-03T01:33:39.364943
5.085727614166666,1669,-15.5,16.81,2232,281642,0,2026-01-03T01:33:50.765183
5.088894268333333,1670,-15.0,16.81,2234,281648,0,2026-01-03T01:34:02.165138
5.092061006388889,1671,-15.25,16.81,2234,281682,0,2026-01-03T01:34:13.565395
5.095227676666667,1672,-15.5,16.81,2236,281692,0,2026-01-03T01:34:24.965408
5.098394399722222,1673,-15.25,16.81,2236,281688,0,2026-01-03T01:34:36.365611
5.101561126666667,1674,-15.0,16.75,2234,281722,0,2026-01-03T01:34:47.765828
5.104727823055556,1675,-15.25,16.68,2236,281702,0,2026-01-03T01:34:59.165935
5.107894616666667,1676,-15.0,16.75,2236,281708,0,2026-01-03T01:35:10.566392
5.111061300555556,1677,-15.0,16.62,2236,281730,0,2026-01-03T01:35:21.966454
5.114228012777778,1678,-15.25,16.81,2238,281740,0,2026-01-03T01:35:33.366618
5.117394788888889,1679,-15.0,16.93,2238,281756,0,2026-01-03T01:35:44.767012
5.120561491111111,1680,-15.25,16.81,2236,281742,0,2026-01-03T01:35:56.167140
5.12372824,1681,-15.0,16.81,2236,281766,0,2026-01-03T01:36:07.567436
5.1268949416666665,1682,-16.75,16.75,2236,281774,0,2026-01-03T01:36:18.967562
5.130061673055556,1683,-15.25,16.87,2238,281762,0,2026-01-03T01:36:30.367795
5.133228420555556,1684,-16.75,16.62,2238,281762,0,2026-01-03T01:36:41.768086
5.136395177222222,1685,-16.75,16.81,2238,281808,0,2026-01-03T01:36:53.168410
5.139561832777778,1686,-16.75,16.75,2240,281774,0,2026-01-03T01:37:04.568370
5.142728595,1687,-15.0,16.87,2240,281774,0,2026-01-03T01:37:15.968714
5.145895319444445,1688,-16.75,16.75,2238,281814,0,2026-01-03T01:37:27.368922
5.149062107222222,1689,-16.75,16.81,2240,281822,0,2026-01-03T01:37:38.769358
5.152228784166667,1690,-16.5,16.81,2240,281838,0,2026-01-03T01:37:50.169395
5.155395528055555,1691,-15.0,16.75,2240,281846,0,2026-01-03T01:38:01.569673
5.158562226944444,1692,-16.5,16.93,2242,281836,0,2026-01-03T01:38:12.969789
5.16172899,1693,-16.25,16.75,2244,281828,0,2026-01-03T01:38:24.370136
5.164895748611111,1694,-16.5,16.81,2242,281864,0,2026-01-03T01:38:35.770467
5.168062396111111,1695,-16.0,16.68,2242,281880,0,2026-01-03T01:38:47.170398
5.17122912,1696,-16.25,16.68,2242,281872,0,2026-01-03T01:38:58.570604
5.174395868333334,1697,-16.25,16.93,2242,281898,0,2026-01-03T01:39:09.970898
5.177562619722222,1698,-16.5,16.81,2244,281904,0,2026-01-03T01:39:21.371203
5.180729349444444,1699,-16.25,16.75,2244,281912,0,2026-01-03T01:39:32.771430
5.183896011111111,1700,-16.75,16.75,2246,281896,0,2026-01-03T01:39:44.171412
5.187062758055555,1701,-16.0,16.75,2244,281930,0,2026-01-03T01:39:55.571701
5.190229492777778,1702,-17.75,16.87,2246,281952,0,2026-01-03T01:40:06.971946
5.193396226666667,1703,-16.5,16.93,2246,281936,0,2026-01-03T01:40:18.372188
5.196562954166667,1704,-16.5,16.75,2246,281940,0,2026-01-03T01:40:29.772407
5.1997296536111115,1705,-16.0,16.87,2244,281928,0,2026-01-03T01:40:41.172525
5.202896362222222,1706,-17.75,16.75,2246,281958,0,2026-01-03T01:40:52.572676
5.2060631025,1707,-16.25,16.62,2244,281982,0,2026-01-03T01:41:03.972941
5.209229859444444,1708,-16.0,16.87,2246,281958,0,2026-01-03T01:41:15.373266
5.212396557222222,1709,-16.25,16.81,2248,281990,0,2026-01-03T01:41:26.773378
5.215563285,1710,-17.75,16.68,2248,281994,0,2026-01-03T01:41:38.173598
5.218730040555555,1711,-16.0,16.87,2250,281986,0,2026-01-03T01:41:49.573918
5.2218967747222225,1712,-17.5,16.81,2248,281986,0,2026-01-03T01:42:00.974161
5.2250634375,1713,-17.5,16.62,2250,281996,0,2026-01-03T01:42:12.374147
5.228230179166666,1714,-16.0,16.87,2250,282002,0,2026-01-03T01:42:23.774417
5.231396870555556,1715,-16.0,16.81,2250,282028,0,2026-01-03T01:42:35.174506
5.234563658611111,1716,-17.75,16.75,2250,282002,0,2026-01-03T01:42:46.574943
5.237730341111111,1717,-17.75,16.81,2252,282020,0,2026-01-03T01:42:57.975000
5.240897061388889,1718,-17.75,16.68,2250,282034,0,2026-01-03T01:43:09.375193
5.244063769444445,1719,-17.5,16.75,2252,282050,0,2026-01-03T01:43:20.775342
5.2472304761111115,1720,-17.5,16.81,2252,282076,0,2026-01-03T01:43:32.175486
5.250397244444445,1721,-17.75,16.75,2252,282076,0,2026-01-03T01:43:43.575852
5.253563921666666,1722,-17.25,16.68,2252,282042,0,2026-01-03T01:43:54.975890
5.256730656388889,1723,-17.75,16.81,2252,282064,0,2026-01-03T01:44:06.376135
5.259897369444444,1724,-17.5,16.68,2254,282082,0,2026-01-03T01:44:17.776302
5.263064085277778,1725,-17.25,16.62,2252,282094,0,2026-01-03T01:44:29.176479
5.266230800555555,1726,-17.25,16.87,2254,282088,0,2026-01-03T01:44:40.576654
5.269397563055556,1727,-17.75,16.87,2254,282108,0,2026-01-03T01:44:51.976999
5.272564319722222,1728,-17.5,16.81,2254,282074,0,2026-01-03T01:45:03.377323
5.275731014444444,1729,-17.25,16.81,2254,282086,0,2026-01-03T01:45:14.777424
5.278897697222222,1730,-17.75,16.75,2254,282110,0,2026-01-03T01:45:26.177482
5.282064426944444,1731,-17.25,16.68,2254,282126,0,2026-01-03T01:45:37.577709
5.285231174722222,1732,-17.25,16.81,2256,282126,0,2026-01-03T01:45:48.978001
5.288397920555555,1733,-17.0,16.87,2256,282156,0,2026-01-03T01:46:00.378286
5.291564568055556,1734,-17.0,16.68,2256,282144,0,2026-01-03T01:46:11.778217
5.2947312944444445,1735,-17.0,16.68,2256,282126,0,2026-01-03T01:46:23.178432
5.2978980225,1736,-17.0,16.75,2258,282154,0,2026-01-03T01:46:34.578653
5.301064739444445,1737,-17.0,16.75,2256,282140,0,2026-01-03T01:46:45.978834
5.304231514444444,1738,-18.75,16.81,2258,282160,0,2026-01-03T01:46:57.379224
5.3073982025,1739,-17.25,16.75,2258,282144,0,2026-01-03T01:47:08.779301
5.310564906944444,1740,-17.25,16.75,2260,282154,0,2026-01-03T01:47:20.179437
5.313731615277778,1741,-17.25,16.68,2258,282174,0,2026-01-03T01:47:31.579587
5.3168984083333335,1742,-18.75,16.81,2260,282162,0,2026-01-03T01:47:42.980042
5.320065066111111,1743,-17.0,16.81,2258,282180,0,2026-01-03T01:47:54.380010
5.323231809166667,1744,-18.75,16.87,2260,282186,0,2026-01-03T01:48:05.780285
5.326398499722222,1745,-17.0,16.75,2260,282198,0,2026-01-03T01:48:17.180371
5.329565225,1746,-18.75,16.62,2260,282232,0,2026-01-03T01:48:28.580582
5.3327319275,1747,-17.0,16.68,2262,282204,0,2026-01-03T01:48:39.980711
5.3358986730555555,1748,-18.75,16.87,2260,282234,0,2026-01-03T01:48:51.380995
5.339065380555556,1749,-18.75,16.75,2260,282238,0,2026-01-03T01:49:02.781142
5.342232116111111,1750,-18.0,16.62,2262,282238,0,2026-01-03T01:49:14.181390
5.3453988025,1751,-18.75,16.87,2264,282224,0,2026-01-03T01:49:25.581461
5.348565516666667,1752,-18.25,16.75,2262,282198,0,2026-01-03T01:49:36.981632
5.351732240833333,1753,-18.75,16.81,2264,282212,0,2026-01-03T01:49:48.381839
5.354899027222222,1754,-18.75,16.87,2262,282240,0,2026-01-03T01:49:59.782270
5.358065676111111,1755,-18.75,16.93,2262,282242,0,2026-01-03T01:50:11.182206
5.361232395,1756,-18.75,17.06,2266,282262,0,2026-01-03T01:50:22.582394
5.3643991225,1757,-18.25,16.68,2264,282260,0,2026-01-03T01:50:33.982613
5.367565900277778,1758,-18.75,16.81,2264,282266,0,2026-01-03T01:50:45.383013
5.3707325575,1759,-18.5,16.87,2266,282284,0,2026-01-03T01:50:56.782979
5.373899271111111,1760,-18.0,16.81,2266,282240,0,2026-01-03T01:51:08.183148
5.377065995833333,1761,-18.5,16.75,2266,282264,0,2026-01-03T01:51:19.583357
5.380232709444445,1762,-18.5,16.75,2266,282258,0,2026-01-03T01:51:30.983526
5.383399431111111,1763,-18.5,16.62,2266,282256,0,2026-01-03T01:51:42.383724
5.386566139444445,1764,-18.25,16.93,2266,282282,0,2026-01-03T01:51:53.783874
5.3897328516666665,1765,-18.0,16.75,2268,282286,0,2026-01-03T01:52:05.184038
5.392899610555555,1766,-18.25,16.81,2266,282294,0,2026-01-03T01:52:16.584370
5.3960662825,1767,-18.25,16.75,2268,282278,0,2026-01-03T01:52:27.984389
5.399233030555555,1768,-18.5,16.75,2268,282318,0,2026-01-03T01:52:39.384682
5.402399729722222,1769,-18.75,16.81,2270,282320,0,2026-01-03T01:52:50.784799
5.405566456388889,1770,-18.0,16.81,2270,282340,0,2026-01-03T01:53:02.185015
5.408733214444444,1771,-18.25,16.62,2268,282310,0,2026-01-03T01:53:13.585344
5.4118998933333335,1772,-18.5,16.87,2270,282314,0,2026-01-03T01:53:24.985388
5.415066603611111,1773,-18.0,16.68,2270,282316,0,2026-01-03T01:53:36.385545
5.418233329444444,1774,-18.25,17.06,2270,282356,0,2026-01-03T01:53:47.785758
5.421400039722222,1775,-18.0,16.75,2270,282352,0,2026-01-03T01:53:59.185915
5.42456675,1776,-18.0,16.68,2268,282346,0,2026-01-03T01:54:10.586072
5.427733503888889,1777,-18.0,16.56,2272,282350,0,2026-01-03T01:54:21.986386
5.430900178888889,1778,-18.0,16.68,2272,282358,0,2026-01-03T01:54:33.386416
5.434066893611111,1779,-19.75,16.75,2272,282362,0,2026-01-03T01:54:44.786589
5.437233667222222,1780,-18.0,16.87,2272,282388,0,2026-01-03T01:54:56.186974
5.440400340555556,1781,-18.25,16.87,2272,282382,0,2026-01-03T01:55:07.586998
5.443567061666666,1782,-18.25,16.81,2274,282352,0,2026-01-03T01:55:18.987194
5.446733798333334,1783,-19.75,16.81,2272,282396,0,2026-01-03T01:55:30.387446
5.4499004866666665,1784,-19.75,16.87,2274,282398,0,2026-01-03T01:55:41.787524
5.453067249166667,1785,-19.75,16.81,2272,282394,0,2026-01-03T01:55:53.187869
5.456233914166667,1786,-18.0,16.68,2274,282412,0,2026-01-03T01:56:04.587863
5.459400636944444,1787,-19.75,16.81,2274,282406,0,2026-01-03T01:56:15.988065
5.462567345277778,1788,-19.5,16.68,2274,282408,0,2026-01-03T01:56:27.388215
5.465734065833334,1789,-19.75,17.0,2276,282400,0,2026-01-03T01:56:38.788409
5.468900783055555,1790,-19.75,16.87,2276,282410,0,2026-01-03T01:56:50.188591
5.472067532222222,1791,-19.75,16.68,2276,282404,0,2026-01-03T01:57:01.588888
5.475234228055555,1792,-19.75,16.93,2276,282416,0,2026-01-03T01:57:12.988993
5.478400936944444,1793,-19.75,16.75,2276,282424,0,2026-01-03T01:57:24.389145
5.481567626944445,1794,-19.75,16.68,2276,282430,0,2026-01-03T01:57:35.789229
5.484734432222222,1795,-19.5,16.75,2276,282432,0,2026-01-03T01:57:47.189728
5.487901070555556,1796,-19.5,16.75,2276,282438,0,2026-01-03T01:57:58.589626
5.491067886944444,1797,-19.5,16.81,2278,282404,0,2026-01-03T01:58:09.990165
5.494234574166667,1798,-19.5,16.81,2276,282424,0,2026-01-03T01:58:21.390239
5.497401235277778,1799,-19.75,16.62,2278,282438,0,2026-01-03T01:58:32.790219
5.500567948055555,1800,-19.25,16.81,2280,282456,0,2026-01-03T01:58:44.190385
5.503734728333334,1801,-19.75,16.75,2276,282446,0,2026-01-03T01:58:55.590794
5.506901388888889,1802,-19.5,16.62,2278,282452,0,2026-01-03T01:59:06.990772
5.510068109722222,1803,-19.25,16.75,2278,282476,0,2026-01-03T01:59:18.390967
5.513234821944445,1804,-19.0,16.87,2280,282476,0,2026-01-03T01:59:29.791131
5.516401581666667,1805,-19.5,16.93,2280,282484,0,2026-01-03T01:59:41.191466
5.519568245555556,1806,-18.0,16.93,2280,282474,0,2026-01-03T01:59:52.591456
5.522734954722222,1807,-19.0,16.68,2278,282474,0,2026-01-03T02:00:03.991609
5.525901692222222,1808,-19.0,16.75,2280,282486,0,2026-01-03T02:00:15.391864
5.529068455833333,1809,-19.5,16.87,2280,282504,0,2026-01-03T02:00:26.792213
5.532235114166666,1810,-19.5,16.81,2280,282500,0,2026-01-03T02:00:38.192183
5.535401851666666,1811,-19.25,16.93,2280,282496,0,2026-01-03T02:00:49.592438
5.538568542222222,1812,-19.0,16.81,2282,282510,0,2026-01-03T02:01:00.992524
5.54173525,1813,-19.75,16.87,2282,282508,0,2026-01-03T02:01:12.392672
5.544901982777778,1814,-19.0,16.75,2282,282504,0,2026-01-03T02:01:23.792910
5.548068724166667,1815,-20.75,16.75,2280,282504,0,2026-01-03T02:01:35.193179
5.551235407777778,1816,-20.75,16.93,2282,282498,0,2026-01-03T02:01:46.593240
5.5544021425,1817,-19.25,16.81,2284,282494,0,2026-01-03T02:01:57.993485
5.557568831944445,1818,-19.25,16.87,2284,282498,0,2026-01-03T02:02:09.393567
5.560735612777778,1819,-19.25,16.62,2282,282504,0,2026-01-03T02:02:20.793978
5.563902303611111,1820,-19.0,16.81,2282,282520,0,2026-01-03T02:02:32.194065
5.567068989166667,1821,-19.5,16.87,2284,282530,0,2026-01-03T02:02:43.594133
5.570235730277778,1822,-19.25,16.62,2282,282522,0,2026-01-03T02:02:54.994401
5.573402408611111,1823,-20.75,16.75,2284,282508,0,2026-01-03T02:03:06.394443
5.576569125833333,1824,-19.0,17.0,2284,282520,0,2026-01-03T02:03:17.794625
5.579735861666666,1825,-19.25,16.81,2284,282504,0,2026-01-03T02:03:29.194874
5.58290255,1826,-19.0,17.0,2286,282558,0,2026-01-03T02:03:40.594952
5.586069345277778,1827,-19.25,16.93,2286,282518,0,2026-01-03T02:03:51.995415
5.589235996666667,1828,-20.75,16.81,2284,282550,0,2026-01-03T02:04:03.395360
5.592402706111111,1829,-19.0,16.81,2286,282540,0,2026-01-03T02:04:14.795514
5.595569418888889,1830,-20.75,16.68,2288,282528,0,2026-01-03T02:04:26.195680
5.598736186111111,1831,-19.0,16.62,2288,282538,0,2026-01-03T02:04:37.596042
5.601902906388889,1832,-20.5,16.68,2286,282552,0,2026-01-03T02:04:48.996235
5.6050695675,1833,-19.5,16.75,2288,282550,0,2026-01-03T02:05:00.396215
5.608236293611111,1834,-19.0,16.68,2288,282556,0,2026-01-03T02:05:11.796429
5.6114029980555555,1835,-20.5,16.81,2288,282578,0,2026-01-03T02:05:23.196565
5.614569736666667,1836,-20.75,16.62,2288,282562,0,2026-01-03T02:05:34.596824
5.6177364325,1837,-20.75,16.75,2286,282570,0,2026-01-03T02:05:45.996929
5.620903155,1838,-19.25,16.81,2288,282546,0,2026-01-03T02:05:57.397130
5.6240698911111116,1839,-20.75,16.87,2288,282570,0,2026-01-03T02:06:08.797380
5.627236567777778,1840,-19.0,16.93,2290,282568,0,2026-01-03T02:06:20.197416
5.630403316388889,1841,-19.0,16.87,2288,282590,0,2026-01-03T02:06:31.597711
5.633569999166666,1842,-19.0,16.81,2290,282596,0,2026-01-03T02:06:42.997769
5.636736793333333,1843,-20.5,16.62,2288,282578,0,2026-01-03T02:06:54.398228
5.639903456388889,1844,-20.5,16.68,2290,282594,0,2026-01-03T02:07:05.798215
5.6430701461111115,1845,-20.5,16.87,2288,282594,0,2026-01-03T02:07:17.198298
5.646236886944444,1846,-20.75,16.93,2292,282608,0,2026-01-03T02:07:28.598565
5.6494036275,1847,-20.75,16.81,2290,282594,0,2026-01-03T02:07:39.998831
5.652570299722222,1848,-20.25,16.62,2288,282604,0,2026-01-03T02:07:51.398851
5.655737070833333,1849,-20.75,16.81,2292,282616,0,2026-01-03T02:08:02.799227
5.658903861388889,1850,-20.75,16.75,2290,282608,0,2026-01-03T02:08:14.199673
5.662070463333333,1851,-20.75,16.87,2294,282608,0,2026-01-03T02:08:25.599440
5.665237170277778,1852,-20.25,16.87,2292,282614,0,2026-01-03T02:08:36.999585
5.668403928333333,1853,-20.5,16.68,2292,282636,0,2026-01-03T02:08:48.399914
5.6715705925,1854,-20.5,16.68,2292,282636,0,2026-01-03T02:08:59.799905
5.674737307777778,1855,-20.0,16.68,2294,282632,0,2026-01-03T02:09:11.200080
5.6779040225,1856,-20.0,16.62,2292,282636,0,2026-01-03T02:09:22.600253
5.681070703888889,1857,-20.5,16.81,2290,282640,0,2026-01-03T02:09:34.000306
5.684237351111111,1858,-21.75,16.75,2294,282632,0,2026-01-03T02:09:45.400236
5.687403997222222,1859,-20.75,16.68,2292,282642,0,2026-01-03T02:09:56.800162
5.69057067,1860,-20.5,16.93,2292,282678,0,2026-01-03T02:10:08.200184
5.693737326388889,1861,-20.5,16.62,2294,282642,0,2026-01-03T02:10:19.600147
5.69690407,1862,-20.0,16.75,2294,282644,0,2026-01-03T02:10:31.000424
5.7000707,1863,-20.5,16.81,2296,282658,0,2026-01-03T02:10:42.400292
5.703237381388889,1864,-20.5,16.75,2296,282660,0,2026-01-03T02:10:53.800345
5.7064040955555555,1865,-21.75,16.81,2294,282678,0,2026-01-03T02:11:05.200516
5.709570720833334,1866,-20.25,16.75,2296,282692,0,2026-01-03T02:11:16.600367
5.712737385833333,1867,-20.25,16.81,2296,282664,0,2026-01-03T02:11:28.000361
5.715904082777778,1868,-20.25,16.81,2294,282654,0,2026-01-03T02:11:39.400470
5.719070758333333,1869,-20.25,16.87,2296,282662,0,2026-01-03T02:11:50.800502
5.7222374247222225,1870,-21.75,17.0,2298,282670,0,2026-01-03T02:12:02.200501
5.725404108888889,1871,-20.75,16.81,2294,282668,0,2026-01-03T02:12:13.600564
5.728570795833333,1872,-20.0,16.68,2298,282682,0,2026-01-03T02:12:25.000637
5.731737520555556,1873,-20.5,17.0,2296,282702,0,2026-01-03T02:12:36.400846
5.734904210833333,1874,-21.75,16.68,2296,282702,0,2026-01-03T02:12:47.800931
5.738070876111111,1875,-20.0,16.81,2298,282680,0,2026-01-03T02:12:59.200926
5.741237522222222,1876,-20.25,16.93,2298,282674,0,2026-01-03T02:13:10.600852
5.744404233333333,1877,-20.25,16.75,2298,282716,0,2026-01-03T02:13:22.001012
5.747570911666666,1878,-20.0,16.68,2296,282696,0,2026-01-03T02:13:33.401054
5.750737585277777,1879,-21.75,16.75,2296,282696,0,2026-01-03T02:13:44.801079
5.753904264722222,1880,-20.25,17.0,2298,282704,0,2026-01-03T02:13:56.201125
5.757070960277778,1881,-20.25,16.81,2298,282698,0,2026-01-03T02:14:07.601229
5.760237642777778,1882,-20.25,16.68,2300,282712,0,2026-01-03T02:14:19.001286
5.763404321944445,1883,-21.5,16.93,2298,282696,0,2026-01-03T02:14:30.401331
5.7665710125,1884,-21.75,16.68,2300,282706,0,2026-01-03T02:14:41.801417
5.769737695,1885,-21.5,16.75,2300,282688,0,2026-01-03T02:14:53.201474
5.7729043925,1886,-21.25,16.81,2300,282714,0,2026-01-03T02:15:04.601585
5.776071081666666,1887,-21.75,16.75,2300,282700,0,2026-01-03T02:15:16.001666
5.779237780833333,1888,-20.0,16.81,2300,282732,0,2026-01-03T02:15:27.401783
5.782404481666667,1889,-20.0,16.62,2302,282740,0,2026-01-03T02:15:38.801906
5.785571244722222,1890,-21.5,16.81,2302,282730,0,2026-01-03T02:15:50.202253
5.788737901111111,1891,-20.0,16.75,2300,282716,0,2026-01-03T02:16:01.602216
5.791904557222222,1892,-21.25,16.62,2300,282736,0,2026-01-03T02:16:13.002178
5.7950712425,1893,-21.75,16.68,2302,282754,0,2026-01-03T02:16:24.402245
5.7982380777777776,1894,-21.75,16.87,2300,282728,0,2026-01-03T02:16:35.802852
5.8014046225,1895,-20.0,16.68,2302,282738,0,2026-01-03T02:16:47.202413
5.804571294722222,1896,-21.5,16.68,2302,282730,0,2026-01-03T02:16:58.602433
5.807737991388889,1897,-20.0,16.75,2300,282740,0,2026-01-03T02:17:10.002541
5.810904704722223,1898,-21.75,16.75,2304,282760,0,2026-01-03T02:17:21.402709
5.814071446388889,1899,-21.75,16.81,2302,282736,0,2026-01-03T02:17:32.802979
5.817238088333333,1900,-20.0,16.81,2304,282754,0,2026-01-03T02:17:44.202890
5.820404820833334,1901,-20.0,16.87,2304,282730,0,2026-01-03T02:17:55.603127
5.823571501388889,1902,-21.5,16.93,2302,282758,0,2026-01-03T02:18:07.003177
5.826738176388889,1903,-21.5,16.68,2302,282756,0,2026-01-03T02:18:18.403207
5.829904898333333,1904,-20.0,16.81,2304,282746,0,2026-01-03T02:18:29.803406
5.833071568055556,1905,-21.5,16.68,2302,282750,0,2026-01-03T02:18:41.203417
5.836238251388889,1906,-21.75,16.68,2304,282764,0,2026-01-03T02:18:52.603477
5.8394049727777775,1907,-21.75,16.87,2302,282756,0,2026-01-03T02:19:04.003674
5.842571675277778,1908,-21.75,16.81,2304,282778,0,2026-01-03T02:19:15.403803
5.8457383697222225,1909,-21.75,16.75,2306,282772,0,2026-01-03T02:19:26.803903
5.848905040555556,1910,-21.25,16.68,2304,282782,0,2026-01-03T02:19:38.203918
5.852071762777777,1911,-21.5,16.75,2306,282750,0,2026-01-03T02:19:49.604118
5.855238486666667,1912,-21.5,16.75,2304,282778,0,2026-01-03T02:20:01.004324
5.858405183888889,1913,-21.25,16.68,2304,282770,0,2026-01-03T02:20:12.404434
5.861571851111111,1914,-21.75,16.75,2306,282780,0,2026-01-03T02:20:23.804436
5.864738536111111,1915,-22.75,16.56,2308,282790,0,2026-01-03T02:20:35.204502
5.867905241111111,1916,-21.5,16.75,2306,282772,0,2026-01-03T02:20:46.604640
5.871072004166667,1917,-21.5,16.93,2306,282796,0,2026-01-03T02:20:58.004987
5.874238683611111,1918,-21.25,16.68,2308,282772,0,2026-01-03T02:21:09.405033
5.877405340555556,1919,-21.5,16.68,2308,282778,0,2026-01-03T02:21:20.804998
5.880572053888889,1920,-20.0,16.68,2306,282792,0,2026-01-03T02:21:32.205166
5.883738738333333,1921,-21.5,16.81,2306,282800,0,2026-01-03T02:21:43.605230
5.886905465833333,1922,-21.5,16.68,2308,282772,0,2026-01-03T02:21:55.005449
5.890072128333333,1923,-21.75,16.75,2308,282780,0,2026-01-03T02:22:06.405434
5.893238840833333,1924,-21.5,16.68,2308,282794,0,2026-01-03T02:22:17.805599
5.896405606666667,1925,-21.5,16.68,2308,282786,0,2026-01-03T02:22:29.205956
5.899572252222222,1926,-21.5,16.87,2308,282790,0,2026-01-03T02:22:40.605880
5.902738981388889,1927,-21.25,16.68,2308,282784,0,2026-01-03T02:22:52.006105
5.905905648055556,1928,-21.5,16.87,2308,282794,0,2026-01-03T02:23:03.406105
5.909072346944445,1929,-21.5,16.93,2308,282794,0,2026-01-03T02:23:14.806221
5.912239041944445,1930,-21.75,16.81,2308,282804,0,2026-01-03T02:23:26.206323
5.915405780277778,1931,-21.75,16.56,2310,282806,0,2026-01-03T02:23:37.606581
5.918572450555556,1932,-21.5,16.75,2310,282806,0,2026-01-03T02:23:49.006594
5.9217391875,1933,-21.25,16.87,2312,282814,0,2026-01-03T02:24:00.406847
5.924905894444445,1934,-21.75,16.93,2310,282850,0,2026-01-03T02:24:11.806992
5.928072656666667,1935,-21.25,16.75,2310,282856,0,2026-01-03T02:24:23.207336
5.931239270833333,1936,-21.25,16.75,2310,282828,0,2026-01-03T02:24:34.607147
5.934406008333333,1937,-21.25,17.0,2310,282812,0,2026-01-03T02:24:46.007402
5.937572667777777,1938,-22.75,16.75,2310,282826,0,2026-01-03T02:24:57.407376
5.940739381388889,1939,-21.0,16.87,2314,282806,0,2026-01-03T02:25:08.807545
5.943906091388889,1940,-21.5,16.68,2312,282824,0,2026-01-03T02:25:20.207701
5.947072801388889,1941,-22.75,16.56,2312,282834,0,2026-01-03T02:25:31.607857
5.950239488888889,1942,-21.5,16.81,2312,282834,0,2026-01-03T02:25:43.007932
5.953406250833333,1943,-21.25,16.87,2312,282824,0,2026-01-03T02:25:54.408275
5.956572926111111,1944,-21.25,16.93,2312,282868,0,2026-01-03T02:26:05.808306
5.959739597222222,1945,-21.0,16.68,2312,282842,0,2026-01-03T02:26:17.208322
5.962906293888889,1946,-21.25,16.81,2312,282850,0,2026-01-03T02:26:28.608430
5.9660729988888885,1947,-22.75,16.75,2314,282870,0,2026-01-03T02:26:40.008568
5.969239765555556,1948,-21.0,16.81,2314,282864,0,2026-01-03T02:26:51.408928
5.972406413333333,1949,-21.0,16.75,2314,282850,0,2026-01-03T02:27:02.808860
5.975573140555555,1950,-21.0,16.62,2314,282840,0,2026-01-03T02:27:14.209078
5.978739855555555,1951,-21.25,16.68,2314,282854,0,2026-01-03T02:27:25.609252
5.981906528888889,1952,-22.75,16.62,2312,282864,0,2026-01-03T02:27:37.009276
5.985073239722222,1953,-21.25,16.93,2314,282868,0,2026-01-03T02:27:48.409435
5.988239964444444,1954,-21.0,16.68,2316,282848,0,2026-01-03T02:27:59.809644
5.9914067275,1955,-22.75,16.81,2316,282862,0,2026-01-03T02:28:11.209991
5.994573416388889,1956,-21.0,16.81,2314,282862,0,2026-01-03T02:28:22.610071
5.9977400475,1957,-21.25,16.81,2314,282842,0,2026-01-03T02:28:34.009943
6.000906763888889,1958,-22.75,16.81,2314,282856,0,2026-01-03T02:28:45.410122
6.004073503888889,1959,-21.0,16.68,2314,282850,0,2026-01-03T02:28:56.810386
6.007240165,1960,-21.0,16.81,2316,282858,0,2026-01-03T02:29:08.210366
6.010406883888889,1961,-22.75,16.62,2316,282864,0,2026-01-03T02:29:19.610554
6.01357359,1962,-22.75,16.75,2316,282860,0,2026-01-03T02:29:31.010696
6.016740312777777,1963,-22.25,16.56,2316,282870,0,2026-01-03T02:29:42.410898
6.019906987222222,1964,-21.25,16.43,2318,282872,0,2026-01-03T02:29:53.810926
6.023073762777778,1965,-21.0,16.68,2318,282892,0,2026-01-03T02:30:05.211318
6.026240420833333,1966,-22.5,16.62,2318,282880,0,2026-01-03T02:30:16.611287
6.029407116944444,1967,-22.75,16.87,2318,282844,0,2026-01-03T02:30:28.011393
6.032573819444444,1968,-22.5,16.68,2316,282884,0,2026-01-03T02:30:39.411522
6.035740588333334,1969,-21.25,16.81,2316,282872,0,2026-01-03T02:30:50.811890
6.038907268611111,1970,-22.75,16.68,2318,282892,0,2026-01-03T02:31:02.211939
6.0420739363888885,1971,-22.5,16.68,2318,282870,0,2026-01-03T02:31:13.611943
6.045240645555555,1972,-22.75,16.75,2318,282878,0,2026-01-03T02:31:25.012096
6.048407369722222,1973,-21.0,16.87,2316,282886,0,2026-01-03T02:31:36.412303
6.051574041944445,1974,-22.5,16.75,2318,282886,0,2026-01-03T02:31:47.812323
6.054740764166667,1975,-21.0,16.75,2318,282880,0,2026-01-03T02:31:59.212523
6.057907485555556,1976,-22.75,16.75,2318,282906,0,2026-01-03T02:32:10.612720
6.061074172222222,1977,-21.25,16.68,2318,282878,0,2026-01-03T02:32:22.012792
6.06424089,1978,-22.75,16.75,2318,282882,0,2026-01-03T02:32:33.412976
6.067407600555556,1979,-22.25,16.87,2320,282878,0,2026-01-03T02:32:44.813134
6.070574326111111,1980,-22.5,16.75,2318,282904,0,2026-01-03T02:32:56.213346
6.0737410225,1981,-22.5,16.87,2320,282896,0,2026-01-03T02:33:07.613453
6.076907720555556,1982,-21.0,16.68,2320,282872,0,2026-01-03T02:33:19.013566
6.080074446944445,1983,-21.0,16.81,2320,282886,0,2026-01-03T02:33:30.413781
6.083241126111111,1984,-22.75,16.62,2320,282894,0,2026-01-03T02:33:41.813826
6.086407905,1985,-22.75,16.75,2320,282906,0,2026-01-03T02:33:53.214230
6.089574534722222,1986,-22.75,16.75,2320,282890,0,2026-01-03T02:34:04.614097
6.092741244722222,1987,-22.25,16.5,2320,282892,0,2026-01-03T02:34:16.014253
6.095907944444445,1988,-22.5,16.81,2322,282902,0,2026-01-03T02:34:27.414372
6.099074675833333,1989,-22.75,16.81,2320,282896,0,2026-01-03T02:34:38.814605
6.102241438888889,1990,-21.0,16.87,2322,282910,0,2026-01-03T02:34:50.214952
6.1054081502777775,1991,-22.5,16.87,2320,282886,0,2026-01-03T02:35:01.615113
6.108574807222222,1992,-22.5,16.75,2322,282910,0,2026-01-03T02:35:13.015078
6.111741536666667,1993,-22.75,16.81,2320,282900,0,2026-01-03T02:35:24.415304
6.1149082,1994,-22.75,16.81,2320,282898,0,2026-01-03T02:35:35.815292
6.118074926388889,1995,-22.25,16.56,2322,282886,0,2026-01-03T02:35:47.215507
6.121241642777778,1996,-22.75,16.68,2322,282920,0,2026-01-03T02:35:58.615686
6.124408361944444,1997,-22.5,16.75,2322,282904,0,2026-01-03T02:36:10.015875
6.127575116111111,1998,-22.5,16.62,2322,282908,0,2026-01-03T02:36:21.416190
6.13074182,1999,-22.5,16.62,2324,282914,0,2026-01-03T02:36:32.816324
6.133908489444444,2000,-21.0,16.87,2324,282916,0,2026-01-03T02:36:44.216334
6.137075164166666,2001,-22.25,16.75,2324,282916,0,2026-01-03T02:36:55.616363
6.140241882777778,2002,-22.5,16.56,2324,282894,0,2026-01-03T02:37:07.016550
6.143408585555555,2003,-22.5,16.68,2322,282892,0,2026-01-03T02:37:18.416680
6.146575295833333,2004,-22.25,16.87,2322,282898,0,2026-01-03T02:37:29.816837
6.149742011111111,2005,-22.25,16.68,2324,282920,0,2026-01-03T02:37:41.217012
6.152908731111111,2006,-22.25,16.87,2324,282924,0,2026-01-03T02:37:52.617204
6.156075441666666,2007,-22.5,16.75,2322,282894,0,2026-01-03T02:38:04.017362
6.159242135555556,2008,-22.25,16.87,2324,282896,0,2026-01-03T02:38:15.417460
6.162408835833333,2009,-22.25,16.43,2326,282922,0,2026-01-03T02:38:26.817581
6.1655755913888886,2010,-22.0,16.81,2326,282916,0,2026-01-03T02:38:38.217901
6.168742257222222,2011,-22.5,16.87,2322,282920,0,2026-01-03T02:38:49.617898
6.171908960555555,2012,-22.5,16.75,2324,282922,0,2026-01-03T02:39:01.018030
6.175075681111111,2013,-22.25,16.81,2324,282908,0,2026-01-03T02:39:12.418224
6.178242414444444,2014,-22.25,16.75,2326,282948,0,2026-01-03T02:39:23.818464
6.181409089166666,2015,-23.75,16.62,2324,282930,0,2026-01-03T02:39:35.218493
6.184575798055556,2016,-22.25,16.87,2324,282906,0,2026-01-03T02:39:46.618645
6.187742518055556,2017,-22.0,16.56,2326,282954,0,2026-01-03T02:39:58.018837
6.190909249722222,2018,-23.75,16.68,2326,282920,0,2026-01-03T02:40:09.419071
6.194075954444444,2019,-22.5,16.68,2326,282934,0,2026-01-03T02:40:20.819208
6.197242674166667,2020,-22.5,16.75,2326,282928,0,2026-01-03T02:40:32.219399
6.200409364444444,2021,-22.25,16.68,2328,282946,0,2026-01-03T02:40:43.619484
6.203576056388889,2022,-22.0,16.56,2328,282934,0,2026-01-03T02:40:55.019575
6.206742785277778,2023,-22.25,16.68,2326,282932,0,2026-01-03T02:41:06.419799
6.209909520555556,2024,-22.5,16.68,2328,282944,0,2026-01-03T02:41:17.820046
6.213076249166667,2025,-22.25,16.68,2326,282930,0,2026-01-03T02:41:29.220269
6.2162428875,2026,-22.25,16.75,2326,282954,0,2026-01-03T02:41:40.620167
6.21940963,2027,-22.0,16.56,2328,282962,0,2026-01-03T02:41:52.020440
6.222576304722222,2028,-22.25,16.68,2330,282932,0,2026-01-03T02:42:03.420469
6.225743093055556,2029,-23.75,16.93,2328,282948,0,2026-01-03T02:42:14.820907
6.22890975,2030,-22.5,16.68,2330,282952,0,2026-01-03T02:42:26.220872
6.232076441666667,2031,-22.25,16.87,2328,282964,0,2026-01-03T02:42:37.620962
6.235243151944444,2032,-22.25,16.62,2330,282964,0,2026-01-03T02:42:49.021119
6.238409903888889,2033,-22.75,16.75,2330,282976,0,2026-01-03T02:43:00.421426
6.2415765655555555,2034,-22.0,16.87,2328,282962,0,2026-01-03T02:43:11.821408
6.244743285555556,2035,-22.0,16.75,2328,282940,0,2026-01-03T02:43:23.221600
6.247910044444445,2036,-22.25,16.81,2330,282946,0,2026-01-03T02:43:34.621932
6.25107679,2037,-22.0,16.68,2330,282952,0,2026-01-03T02:43:46.022216
6.254243519722222,2038,-22.25,16.75,2330,282940,0,2026-01-03T02:43:57.422443
6.2574102575,2039,-23.75,16.62,2330,282964,0,2026-01-03T02:44:08.822699
6.2605770475,2040,-22.5,16.75,2330,282976,0,2026-01-03T02:44:20.223143
6.263743745833334,2041,-22.25,16.75,2328,282960,0,2026-01-03T02:44:31.623257
6.266910493888889,2042,-22.0,16.81,2328,282962,0,2026-01-03T02:44:43.023550
6.2700772675,2043,-22.25,17.0,2330,282982,0,2026-01-03T02:44:54.423935
6.273243998888889,2044,-22.25,16.81,2332,282976,0,2026-01-03T02:45:05.824168
6.276410734166666,2045,-22.25,16.68,2330,282972,0,2026-01-03T02:45:17.224415
6.279577463611111,2046,-22.25,16.81,2330,282984,0,2026-01-03T02:45:28.624641
6.282744200277778,2047,-22.0,16.68,2330,282994,0,2026-01-03T02:45:40.024893
6.285910959444444,2048,-22.0,16.5,2330,283002,0,2026-01-03T02:45:51.425226
6.289077670833334,2049,-23.75,16.87,2330,282946,0,2026-01-03T02:46:02.825387
6.29224446,2050,-22.25,16.75,2332,282968,0,2026-01-03T02:46:14.225828
6.295411196944444,2051,-22.0,16.81,2332,282978,0,2026-01-03T02:46:25.626081
6.298577879444444,2052,-23.5,16.62,2332,282966,0,2026-01-03T02:46:37.026138
6.301744630833333,2053,-23.75,16.68,2332,282982,0,2026-01-03T02:46:48.426443
6.3049113666666665,2054,-22.0,16.68,2334,282984,0,2026-01-03T02:46:59.826692
6.3080781,2055,-22.25,16.75,2332,283004,0,2026-01-03T02:47:11.226932
6.3112448288888885,2056,-22.0,16.81,2330,282990,0,2026-01-03T02:47:22.627156
6.314411576388889,2057,-22.0,16.68,2332,282996,0,2026-01-03T02:47:34.027447
6.317578312777778,2058,-22.25,16.93,2332,282992,0,2026-01-03T02:47:45.427698
6.3207450775,2059,-23.75,16.81,2334,282986,0,2026-01-03T02:47:56.828051
6.3239117913888885,2060,-22.0,16.68,2332,282996,0,2026-01-03T02:48:08.228221
6.327078505,2061,-22.5,16.75,2334,282974,0,2026-01-03T02:48:19.628390
6.3302452322222225,2062,-22.0,16.75,2332,282980,0,2026-01-03T02:48:31.028608
6.333411963611111,2063,-22.0,16.81,2334,282982,0,2026-01-03T02:48:42.428841
6.336578737777778,2064,-23.5,16.87,2332,282994,0,2026-01-03T02:48:53.829228
6.339745436944445,2065,-22.0,16.81,2334,282984,0,2026-01-03T02:49:05.229345
6.3429121677777776,2066,-22.0,16.75,2334,283006,0,2026-01-03T02:49:16.629576
6.346078930555556,2067,-23.75,16.75,2334,283004,0,2026-01-03T02:49:28.029922
6.349245616944445,2068,-22.5,16.81,2336,283002,0,2026-01-03T02:49:39.429993
6.352412355277778,2069,-23.75,16.56,2334,282988,0,2026-01-03T02:49:50.830251
6.355579084166667,2070,-22.0,16.75,2336,282978,0,2026-01-03T02:50:02.230475
6.358745860833333,2071,-22.0,16.75,2334,282988,0,2026-01-03T02:50:13.630871
6.361912586111111,2072,-22.0,16.81,2334,282992,0,2026-01-03T02:50:25.031082
6.365079275277778,2073,-23.75,16.81,2334,282990,0,2026-01-03T02:50:36.431163
6.368246009722222,2074,-22.0,16.81,2336,283000,0,2026-01-03T02:50:47.831407
6.371412708333334,2075,-22.0,16.75,2336,282988,0,2026-01-03T02:50:59.231522
6.3745794955555555,2076,-23.5,16.62,2336,283008,0,2026-01-03T02:51:10.631956
6.377746208611111,2077,-23.75,16.68,2334,283018,0,2026-01-03T02:51:22.032123
6.3809128975,2078,-22.25,16.81,2334,283014,0,2026-01-03T02:51:33.432203
6.384079623333333,2079,-22.25,16.75,2336,283020,0,2026-01-03T02:51:44.832416
6.387246348333333,2080,-22.0,16.87,2336,283034,0,2026-01-03T02:51:56.232626
6.390413129722222,2081,-23.75,16.75,2336,283038,0,2026-01-03T02:52:07.633039
6.3935798097222225,2082,-23.5,16.68,2336,283034,0,2026-01-03T02:52:19.033087
6.396746554166667,2083,-22.25,16.62,2336,283044,0,2026-01-03T02:52:30.433367
6.399913229166667,2084,-23.75,16.93,2336,283050,0,2026-01-03T02:52:41.833397
6.403079982777777,2085,-23.5,16.62,2336,283034,0,2026-01-03T02:52:53.233710
6.4062466975,2086,-23.5,16.62,2336,283028,0,2026-01-03T02:53:04.633883
6.40941342,2087,-23.75,16.68,2338,283018,0,2026-01-03T02:53:16.034084
6.412580138055556,2088,-22.0,16.87,2338,283010,0,2026-01-03T02:53:27.434269
6.415746866388889,2089,-23.5,16.75,2338,283006,0,2026-01-03T02:53:38.834491
6.418913609444444,2090,-23.25,16.62,2338,283008,0,2026-01-03T02:53:50.234766
6.422080323888889,2091,-22.25,16.81,2338,283026,0,2026-01-03T02:54:01.634938
6.425247105,2092,-23.0,16.68,2338,283018,0,2026-01-03T02:54:13.035350
6.428413781388889,2093,-23.5,16.68,2338,283002,0,2026-01-03T02:54:24.435385
6.431580493611111,2094,-23.5,16.62,2338,282996,0,2026-01-03T02:54:35.835549
6.43474722,2095,-23.5,16.68,2338,283028,0,2026-01-03T02:54:47.235764
6.437913948333334,2096,-23.75,16.68,2338,282998,0,2026-01-03T02:54:58.635986
6.441080726111111,2097,-23.5,16.62,2338,283018,0,2026-01-03T02:55:10.036386
6.444247409444444,2098,-22.0,16.93,2338,283030,0,2026-01-03T02:55:21.436446
6.44741411,2099,-22.0,16.81,2338,283062,0,2026-01-03T02:55:32.836568
6.450580850833333,2100,-23.75,16.75,2340,283034,0,2026-01-03T02:55:44.236835
6.4537476325,2101,-23.25,16.75,2338,283036,0,2026-01-03T02:55:55.637249
6.4569143166666665,2102,-22.0,16.68,2338,283036,0,2026-01-03T02:56:07.037312
6.460080988888889,2103,-23.25,16.62,2338,283026,0,2026-01-03T02:56:18.437332
6.463247711111111,2104,-22.0,16.87,2338,283020,0,2026-01-03T02:56:29.837532
6.4664145025,2105,-22.0,16.75,2340,283052,0,2026-01-03T02:56:41.237981
6.46958115,2106,-23.75,16.62,2340,283030,0,2026-01-03T02:56:52.637912
6.4727478722222225,2107,-22.0,16.87,2340,283052,0,2026-01-03T02:57:04.038112
6.475914593611111,2108,-23.75,16.68,2340,283026,0,2026-01-03T02:57:15.438309
6.4790812961111115,2109,-23.25,16.87,2340,283040,0,2026-01-03T02:57:26.838438
6.482248073888889,2110,-23.75,16.81,2342,283020,0,2026-01-03T02:57:38.238838
6.485414808055555,2111,-23.75,16.87,2342,283056,0,2026-01-03T02:57:49.639081
6.488581482222222,2112,-23.75,17.0,2340,283064,0,2026-01-03T02:58:01.039108
6.491748204166667,2113,-23.75,16.68,2340,283040,0,2026-01-03T02:58:12.439307
6.494914918055556,2114,-23.25,16.68,2340,283046,0,2026-01-03T02:58:23.839477
6.498081703333333,2115,-23.75,16.75,2340,283034,0,2026-01-03T02:58:35.239904
6.5012483352777775,2116,-23.75,16.68,2340,283052,0,2026-01-03T02:58:46.639779
6.504415085833333,2117,-23.25,16.62,2342,283032,0,2026-01-03T02:58:58.040081
6.507581799166666,2118,-23.25,16.87,2342,283024,0,2026-01-03T02:59:09.440249
6.510748519722222,2119,-23.75,17.0,2342,283048,0,2026-01-03T02:59:20.840443
6.513915227777778,2120,-23.75,16.81,2342,283048,0,2026-01-03T02:59:32.240592
6.517081962222222,2121,-23.5,16.68,2342,283072,0,2026-01-03T02:59:43.640836
6.520248683055556,2122,-22.0,16.81,2342,283052,0,2026-01-03T02:59:55.041031
6.52341544,2123,-23.5,16.75,2342,283070,0,2026-01-03T03:00:06.441356
6.526582113333333,2124,-23.5,16.62,2342,283056,0,2026-01-03T03:00:17.841380
6.529748816111111,2125,-23.75,16.87,2340,283028,0,2026-01-03T03:00:29.241510
6.5329155675,2126,-23.5,16.68,2342,283052,0,2026-01-03T03:00:40.641815
6.536082278888889,2127,-23.75,16.93,2342,283048,0,2026-01-03T03:00:52.041976
6.539249036666667,2128,-23.5,16.81,2342,283062,0,2026-01-03T03:01:03.442304
6.542415705833333,2129,-23.25,16.75,2342,283050,0,2026-01-03T03:01:14.842313
6.545582411111111,2130,-23.5,16.75,2342,283072,0,2026-01-03T03:01:26.242452
6.548749139444444,2131,-23.5,16.68,2344,283040,0,2026-01-03T03:01:37.642674
6.5519158525,2132,-22.0,16.75,2342,283046,0,2026-01-03T03:01:49.042841
6.555082568055555,2133,-23.5,16.81,2344,283062,0,2026-01-03T03:02:00.443017
6.558249303888889,2134,-23.25,16.62,2344,283080,0,2026-01-03T03:02:11.843266
6.561416004722222,2135,-23.75,16.56,2342,283062,0,2026-01-03T03:02:23.243389
6.564582726666667,2136,-23.5,16.68,2344,283048,0,2026-01-03T03:02:34.643588
6.567749473611111,2137,-23.25,16.62,2344,283030,0,2026-01-03T03:02:46.043877
6.5709161475,2138,-23.5,16.68,2344,283070,0,2026-01-03T03:02:57.443903
6.574082876111111,2139,-23.5,16.75,2344,283082,0,2026-01-03T03:03:08.844126
6.577249638055555,2140,-23.25,16.62,2344,283052,0,2026-01-03T03:03:20.244469
6.580416306388889,2141,-23.5,16.81,2342,283062,0,2026-01-03T03:03:31.644475
6.583583037222223,2142,-23.5,16.75,2344,283056,0,2026-01-03T03:03:43.044706
6.586749763333334,2143,-23.25,16.81,2344,283052,0,2026-01-03T03:03:54.444920
6.589916462222222,2144,-23.25,16.68,2344,283070,0,2026-01-03T03:04:05.845036
6.593083240277778,2145,-23.5,16.68,2344,283098,0,2026-01-03T03:04:17.245437
6.5962498966666665,2146,-23.5,16.81,2344,283072,0,2026-01-03T03:04:28.645400
6.5994166125,2147,-23.25,16.68,2344,283062,0,2026-01-03T03:04:40.045577
6.602583366388889,2148,-23.75,16.81,2346,283086,0,2026-01-03T03:04:51.445891
6.605750080277778,2149,-23.5,16.62,2344,283060,0,2026-01-03T03:05:02.846061
6.608916787222222,2150,-23.0,16.68,2346,283044,0,2026-01-03T03:05:14.246206
6.6120834791666665,2151,-23.25,16.68,2346,283088,0,2026-01-03T03:05:25.646297
6.615250184166666,2152,-23.5,16.75,2346,283084,0,2026-01-03T03:05:37.046435
6.618416966666667,2153,-23.75,16.75,2344,283108,0,2026-01-03T03:05:48.446852
6.621583662777778,2154,-23.0,16.87,2346,283118,0,2026-01-03T03:05:59.846958
6.6247503325,2155,-23.25,16.62,2346,283066,0,2026-01-03T03:06:11.246969
6.627917073333333,2156,-23.5,16.81,2346,283076,0,2026-01-03T03:06:22.647236
6.631083781666667,2157,-23.0,16.87,2348,283082,0,2026-01-03T03:06:34.047386
6.634250464722222,2158,-23.25,16.68,2348,283074,0,2026-01-03T03:06:45.447445
6.637417198055555,2159,-23.5,16.68,2348,283074,0,2026-01-03T03:06:56.847685
6.640583925,2160,-23.25,16.68,2346,283082,0,2026-01-03T03:07:08.247902
6.6437506583333334,2161,-23.75,16.68,2346,283068,0,2026-01-03T03:07:19.648142
6.646917402222222,2162,-23.0,16.68,2346,283074,0,2026-01-03T03:07:31.048420
6.650084051388889,2163,-24.75,16.75,2348,283094,0,2026-01-03T03:07:42.448357
6.653250763611111,2164,-23.5,16.87,2346,283068,0,2026-01-03T03:07:53.848521
6.656417549722223,2165,-23.0,16.75,2346,283074,0,2026-01-03T03:08:05.248951
6.659584205,2166,-23.5,16.81,2348,283096,0,2026-01-03T03:08:16.648910
6.6627509775,2167,-23.5,16.81,2348,283086,0,2026-01-03T03:08:28.049291
6.665917654444445,2168,-23.5,16.81,2348,283086,0,2026-01-03T03:08:39.449328
6.669084361944445,2169,-23.25,16.68,2348,283096,0,2026-01-03T03:08:50.849475
6.672251064722222,2170,-23.5,16.75,2348,283104,0,2026-01-03T03:09:02.249605
6.675417846666667,2171,-23.25,16.62,2348,283098,0,2026-01-03T03:09:13.650020
6.678584501666666,2172,-23.0,16.75,2348,283090,0,2026-01-03T03:09:25.049978
6.681751236388889,2173,-23.25,16.62,2348,283100,0,2026-01-03T03:09:36.450223
6.684917958333333,2174,-23.5,16.81,2348,283090,0,2026-01-03T03:09:47.850422
6.688084656111111,2175,-24.75,16.81,2348,283070,0,2026-01-03T03:09:59.250534
6.691251358333333,2176,-23.5,16.87,2348,283068,0,2026-01-03T03:10:10.650662
6.694418100555556,2177,-23.25,16.87,2346,283098,0,2026-01-03T03:10:22.050934
6.697584833888889,2178,-23.25,16.93,2348,283104,0,2026-01-03T03:10:33.451174
6.700751580833334,2179,-23.25,16.75,2348,283086,0,2026-01-03T03:10:44.851463
6.703918241388889,2180,-23.0,16.75,2348,283116,0,2026-01-03T03:10:56.251441
6.707084950555555,2181,-23.25,16.81,2350,283088,0,2026-01-03T03:11:07.651594
6.710251648333333,2182,-23.5,16.81,2350,283106,0,2026-01-03T03:11:19.051706
6.713418432222222,2183,-23.25,16.87,2348,283092,0,2026-01-03T03:11:30.452128
6.716585098333334,2184,-23.5,16.68,2350,283106,0,2026-01-03T03:11:41.852126
6.719751791666667,2185,-23.0,16.93,2350,283100,0,2026-01-03T03:11:53.252222
6.7229185275,2186,-23.75,16.62,2348,283116,0,2026-01-03T03:12:04.652471
6.726085226666667,2187,-23.0,16.87,2348,283120,0,2026-01-03T03:12:16.052588
6.729251951388889,2188,-23.5,16.87,2352,283132,0,2026-01-03T03:12:27.452797
6.732418660555555,2189,-23.5,16.68,2352,283132,0,2026-01-03T03:12:38.852950
6.735585427777778,2190,-23.25,16.68,2350,283112,0,2026-01-03T03:12:50.253312
6.738752102777778,2191,-23.0,16.68,2352,283102,0,2026-01-03T03:13:01.653342
6.741918781666667,2192,-23.75,17.0,2350,283104,0,2026-01-03T03:13:13.053386
6.7450855275,2193,-23.0,16.75,2350,283082,0,2026-01-03T03:13:24.453671
6.748252261944445,2194,-23.5,17.0,2352,283106,0,2026-01-03T03:13:35.853915
6.751419029166667,2195,-23.5,16.75,2352,283090,0,2026-01-03T03:13:47.254277
6.754585764444444,2196,-23.0,16.87,2352,283098,0,2026-01-03T03:13:58.654524
6.757752421944445,2197,-23.25,16.81,2352,283102,0,2026-01-03T03:14:10.054491
6.760919083055556,2198,-23.0,16.87,2352,283096,0,2026-01-03T03:14:21.454471
6.764085816944444,2199,-24.75,16.81,2352,283096,0,2026-01-03T03:14:32.854713
6.767252576111111,2200,-23.25,16.75,2350,283102,0,2026-01-03T03:14:44.255046
6.770419296111111,2201,-23.25,16.75,2350,283098,0,2026-01-03T03:14:55.655238
6.773585953333333,2202,-23.5,16.75,2352,283112,0,2026-01-03T03:15:07.055204
6.776752676111111,2203,-23.0,16.68,2352,283138,0,2026-01-03T03:15:18.455406
6.779919375555555,2204,-23.0,16.68,2352,283128,0,2026-01-03T03:15:29.855524
6.783086158888889,2205,-23.5,16.93,2352,283110,0,2026-01-03T03:15:41.255944
6.786252839166667,2206,-24.75,16.68,2352,283108,0,2026-01-03T03:15:52.655993
6.789419525277777,2207,-23.25,16.75,2352,283118,0,2026-01-03T03:16:04.056063
6.792586238055556,2208,-23.5,16.68,2352,283110,0,2026-01-03T03:16:15.456229
6.795752958333333,2209,-23.25,16.75,2350,283118,0,2026-01-03T03:16:26.856422
6.798919657222222,2210,-23.0,16.56,2352,283134,0,2026-01-03T03:16:38.256538
6.802086393055555,2211,-24.75,16.75,2352,283134,0,2026-01-03T03:16:49.656787
6.805253103055556,2212,-23.25,16.81,2352,283128,0,2026-01-03T03:17:01.056943
6.8084198180555555,2213,-23.25,16.62,2354,283110,0,2026-01-03T03:17:12.457117
6.811586521111111,2214,-24.25,16.75,2354,283100,0,2026-01-03T03:17:23.857248
6.814753208888889,2215,-23.0,16.75,2354,283100,0,2026-01-03T03:17:35.257324
6.817919893611111,2216,-23.25,16.81,2354,283130,0,2026-01-03T03:17:46.657389
6.821086566388889,2217,-23.0,16.75,2354,283132,0,2026-01-03T03:17:58.057411
6.824253245,2218,-23.25,16.87,2352,283122,0,2026-01-03T03:18:09.457454
6.827419913611111,2219,-23.5,17.0,2356,283114,0,2026-01-03T03:18:20.857461
6.830586611111111,2220,-23.0,16.62,2354,283136,0,2026-01-03T03:18:32.257572
6.8337532663888885,2221,-23.0,16.87,2354,283120,0,2026-01-03T03:18:43.657531
6.836919981666667,2222,-23.0,16.75,2354,283130,0,2026-01-03T03:18:55.057706
6.840086627777778,2223,-23.0,16.93,2352,283114,0,2026-01-03T03:19:06.457632
6.8432532847222225,2224,-24.5,16.75,2354,283118,0,2026-01-03T03:19:17.857597
6.846419997777778,2225,-23.0,16.62,2352,283110,0,2026-01-03T03:19:29.257764
6.849586675277778,2226,-23.0,16.81,2356,283134,0,2026-01-03T03:19:40.657803
6.852753403888889,2227,-23.0,16.87,2354,283140,0,2026-01-03T03:19:52.058026
6.8559200475,2228,-23.75,16.93,2354,283120,0,2026-01-03T03:20:03.457943
6.859086737777778,2229,-23.5,16.81,2354,283124,0,2026-01-03T03:20:14.858028
6.862253477777778,2230,-23.25,16.87,2354,283130,0,2026-01-03T03:20:26.258292
6.865420170833334,2231,-24.5,16.68,2354,283152,0,2026-01-03T03:20:37.658387
6.868586796111111,2232,-23.25,16.62,2354,283134,0,2026-01-03T03:20:49.058238
6.871753485833334,2233,-24.75,16.81,2356,283112,0,2026-01-03T03:21:00.458321
6.874920185,2234,-23.5,16.87,2352,283154,0,2026-01-03T03:21:11.858438
6.878086862222222,2235,-23.25,17.0,2354,283148,0,2026-01-03T03:21:23.258476
6.881253522777778,2236,-23.25,16.81,2356,283152,0,2026-01-03T03:21:34.658454
6.884420184722222,2237,-23.0,16.81,2354,283156,0,2026-01-03T03:21:46.058437
6.887586865555556,2238,-23.25,16.87,2354,283166,0,2026-01-03T03:21:57.458488
6.8907535555555555,2239,-24.5,16.75,2356,283142,0,2026-01-03T03:22:08.858572
6.893920242222222,2240,-24.5,16.75,2354,283154,0,2026-01-03T03:22:20.258644
6.8970869483333335,2241,-23.25,16.68,2356,283138,0,2026-01-03T03:22:31.658786
6.900253668055556,2242,-23.0,16.81,2356,283140,0,2026-01-03T03:22:43.058977
6.903420323888889,2243,-24.75,16.75,2354,283120,0,2026-01-03T03:22:54.458938
6.906587089444445,2244,-23.25,16.68,2356,283144,0,2026-01-03T03:23:05.859294
6.909753724444444,2245,-23.25,16.68,2356,283142,0,2026-01-03T03:23:17.259180
6.912920390277778,2246,-23.25,16.75,2358,283120,0,2026-01-03T03:23:28.659177
6.916087086388889,2247,-24.5,16.87,2354,283160,0,2026-01-03T03:23:40.059283
6.919253785555555,2248,-23.0,16.75,2356,283172,0,2026-01-03T03:23:51.459400
6.922420456111111,2249,-23.5,16.75,2356,283160,0,2026-01-03T03:24:02.859414
6.925587166666666,2250,-24.5,16.81,2358,283130,0,2026-01-03T03:24:14.259572
6.928753853611111,2251,-23.25,16.87,2356,283160,0,2026-01-03T03:24:25.659645
6.931920518888889,2252,-23.25,16.75,2354,283148,0,2026-01-03T03:24:37.059640
6.9350872325,2253,-23.0,16.81,2356,283156,0,2026-01-03T03:24:48.459809
6.938253926111111,2254,-24.0,16.62,2358,283138,0,2026-01-03T03:24:59.859906
6.9414206202777775,2255,-24.75,16.81,2358,283174,0,2026-01-03T03:25:11.260005
6.944587306388889,2256,-23.0,16.81,2356,283152,0,2026-01-03T03:25:22.660075
6.947754072777777,2257,-23.0,16.87,2356,283154,0,2026-01-03T03:25:34.060434
6.9509207075,2258,-24.5,16.81,2358,283140,0,2026-01-03T03:25:45.460319
6.954087424444444,2259,-23.25,16.87,2356,283162,0,2026-01-03T03:25:56.860500
6.957254074166666,2260,-23.0,16.81,2358,283114,0,2026-01-03T03:26:08.260439
6.960420776944445,2261,-23.25,16.81,2358,283126,0,2026-01-03T03:26:19.660569
6.963587480277778,2262,-24.75,16.81,2358,283118,0,2026-01-03T03:26:31.060701
6.966754194166667,2263,-24.5,16.81,2358,283148,0,2026-01-03T03:26:42.460871
6.969920881944445,2264,-23.0,16.81,2358,283150,0,2026-01-03T03:26:53.860947
6.973087565833334,2265,-23.0,16.62,2358,283142,0,2026-01-03T03:27:05.261009
6.976254290833333,2266,-23.25,16.81,2360,283128,0,2026-01-03T03:27:16.661219
6.979420979166667,2267,-24.5,16.68,2360,283170,0,2026-01-03T03:27:28.061297
6.9825876925,2268,-23.0,16.87,2358,283150,0,2026-01-03T03:27:39.461465
6.985754353611111,2269,-24.5,16.5,2360,283168,0,2026-01-03T03:27:50.861445
6.988921043333334,2270,-23.0,16.68,2358,283156,0,2026-01-03T03:28:02.261528
6.992087746944445,2271,-24.75,16.81,2358,283154,0,2026-01-03T03:28:13.661661
6.995254450833333,2272,-23.5,16.87,2358,283146,0,2026-01-03T03:28:25.061795
6.998421150833333,2273,-24.5,16.75,2360,283148,0,2026-01-03T03:28:36.461915
7.0015878322222225,2274,-23.0,17.0,2358,283178,0,2026-01-03T03:28:47.861968
7.004754549444445,2275,-24.75,16.81,2360,283160,0,2026-01-03T03:28:59.262150
7.007921264722222,2276,-23.0,16.81,2360,283158,0,2026-01-03T03:29:10.662325
7.011087928333334,2277,-24.5,16.81,2358,283156,0,2026-01-03T03:29:22.062314
7.014254642222222,2278,-24.75,16.68,2360,283170,0,2026-01-03T03:29:33.462484
7.017421357777778,2279,-24.5,16.75,2358,283156,0,2026-01-03T03:29:44.862660
7.020588033611111,2280,-23.0,16.87,2360,283160,0,2026-01-03T03:29:56.262693
7.023754788333333,2281,-23.0,16.81,2358,283170,0,2026-01-03T03:30:07.663010
7.026921494722222,2282,-24.75,16.81,2360,283166,0,2026-01-03T03:30:19.063153
7.030088174444445,2283,-24.75,16.81,2360,283180,0,2026-01-03T03:30:30.463200
7.033254838333334,2284,-24.25,16.62,2360,283162,0,2026-01-03T03:30:41.863190
7.036421552777778,2285,-24.75,16.81,2362,283160,0,2026-01-03T03:30:53.263362
7.0395882216666665,2286,-23.0,16.68,2360,283170,0,2026-01-03T03:31:04.663370
7.042754925,2287,-23.0,16.81,2358,283194,0,2026-01-03T03:31:16.063502
7.0459216425,2288,-24.75,16.75,2360,283158,0,2026-01-03T03:31:27.463685
7.049088356666667,2289,-23.25,16.81,2360,283194,0,2026-01-03T03:31:38.863856
7.052255053333333,2290,-24.5,16.93,2360,283170,0,2026-01-03T03:31:50.263964
7.055421838333333,2291,-24.25,17.0,2360,283158,0,2026-01-03T03:32:01.664390
7.058588444444444,2292,-24.5,16.68,2360,283176,0,2026-01-03T03:32:13.064172
7.061755171666666,2293,-24.25,16.75,2360,283154,0,2026-01-03T03:32:24.464390
7.064921843055555,2294,-24.75,16.75,2360,283184,0,2026-01-03T03:32:35.864407
7.068088553888889,2295,-24.75,16.93,2362,283170,0,2026-01-03T03:32:47.264566
7.071255261111111,2296,-23.0,16.81,2360,283186,0,2026-01-03T03:32:58.664712
7.074422002777778,2297,-23.0,16.93,2362,283178,0,2026-01-03T03:33:10.064982
7.077588652777778,2298,-23.0,16.93,2362,283182,0,2026-01-03T03:33:21.464922
7.080755358055556,2299,-24.75,16.87,2362,283166,0,2026-01-03T03:33:32.865061
7.083922113055555,2300,-24.75,16.87,2360,283170,0,2026-01-03T03:33:44.265379
7.087088755833333,2301,-24.75,16.81,2362,283156,0,2026-01-03T03:33:55.665293
7.090255460833333,2302,-23.0,16.68,2362,283196,0,2026-01-03T03:34:07.065431
7.093422161666667,2303,-24.25,16.75,2364,283168,0,2026-01-03T03:34:18.465554
7.096588873333333,2304,-24.75,16.87,2362,283162,0,2026-01-03T03:34:29.865716
7.099755568888889,2305,-23.0,16.75,2362,283186,0,2026-01-03T03:34:41.265820
7.102922284166667,2306,-24.5,16.62,2360,283202,0,2026-01-03T03:34:52.665995
7.1060890375,2307,-23.25,16.81,2362,283180,0,2026-01-03T03:35:04.066307
7.109255709444445,2308,-24.75,16.56,2360,283186,0,2026-01-03T03:35:15.466326
7.112422403333333,2309,-24.25,16.56,2362,283178,0,2026-01-03T03:35:26.866424
7.115589096666667,2310,-24.75,16.75,2360,283198,0,2026-01-03T03:35:38.266520
7.118755804166667,2311,-23.5,16.87,2362,283208,0,2026-01-03T03:35:49.666667
7.121922500277778,2312,-24.25,16.75,2362,283176,0,2026-01-03T03:36:01.066773
7.1250892355555555,2313,-24.75,16.75,2362,283184,0,2026-01-03T03:36:12.467020
7.1282559022222225,2314,-23.0,16.56,2362,283186,0,2026-01-03T03:36:23.867020
7.131422632222222,2315,-24.5,16.75,2362,283178,0,2026-01-03T03:36:35.267248
7.134589310555556,2316,-24.75,16.81,2362,283178,0,2026-01-03T03:36:46.667290
7.137756030555556,2317,-24.75,16.81,2362,283174,0,2026-01-03T03:36:58.067482
7.140922719722222,2318,-24.5,16.75,2362,283186,0,2026-01-03T03:37:09.467563
7.144089412777777,2319,-24.25,16.75,2362,283190,0,2026-01-03T03:37:20.867658
7.147256181388889,2320,-24.75,16.93,2362,283178,0,2026-01-03T03:37:32.268025
7.150422890555555,2321,-23.0,16.81,2362,283174,0,2026-01-03T03:37:43.668178
7.153589553611111,2322,-24.75,16.68,2364,283188,0,2026-01-03T03:37:55.068165
7.156756235833333,2323,-23.25,16.81,2364,283178,0,2026-01-03T03:38:06.468221
7.159922964722222,2324,-24.75,16.75,2364,283164,0,2026-01-03T03:38:17.868445
7.1630896477777775,2325,-24.75,16.62,2364,283186,0,2026-01-03T03:38:29.268504
7.166256342222222,2326,-24.25,16.75,2364,283188,0,2026-01-03T03:38:40.668604
7.169423052777778,2327,-24.75,16.81,2364,283198,0,2026-01-03T03:38:52.068762
7.172589770277778,2328,-24.25,16.75,2362,283192,0,2026-01-03T03:39:03.468945
7.175756526944444,2329,-24.75,16.62,2364,283208,0,2026-01-03T03:39:14.869269
7.1789231875,2330,-24.25,16.81,2364,283206,0,2026-01-03T03:39:26.269247
7.182089868611111,2331,-23.0,16.87,2364,283188,0,2026-01-03T03:39:37.669299
7.185256592777778,2332,-24.25,16.75,2362,283200,0,2026-01-03T03:39:49.069506
7.188423281388889,2333,-24.5,16.68,2362,283190,0,2026-01-03T03:40:00.469585
7.191590001944444,2334,-23.0,16.87,2364,283176,0,2026-01-03T03:40:11.869779
7.194756735,2335,-24.25,16.68,2364,283196,0,2026-01-03T03:40:23.270018
7.1979234311111115,2336,-24.75,16.87,2362,283186,0,2026-01-03T03:40:34.670124
7.2010901969444445,2337,-24.5,16.62,2364,283200,0,2026-01-03T03:40:46.070481
7.204256855,2338,-24.5,16.87,2362,283196,0,2026-01-03T03:40:57.470450
7.207423518333333,2339,-24.75,16.75,2366,283210,0,2026-01-03T03:41:08.870438
7.210590222222222,2340,-24.75,16.75,2364,283212,0,2026-01-03T03:41:20.270572
7.2137569033333335,2341,-24.0,16.62,2364,283188,0,2026-01-03T03:41:31.670624
7.216923691944444,2342,-24.5,16.75,2364,283210,0,2026-01-03T03:41:43.071063
7.220090380833334,2343,-24.5,16.68,2366,283226,0,2026-01-03T03:41:54.471143
7.2232570525,2344,-24.5,16.68,2366,283182,0,2026-01-03T03:42:05.871161
7.226423753333333,2345,-24.0,16.93,2364,283216,0,2026-01-03T03:42:17.271284
7.229590451111111,2346,-23.0,16.93,2366,283208,0,2026-01-03T03:42:28.671396
7.232757160833334,2347,-24.25,16.62,2364,283206,0,2026-01-03T03:42:40.071551
7.235923855833334,2348,-24.0,16.75,2366,283216,0,2026-01-03T03:42:51.471653
7.239090724444444,2349,-24.25,16.68,2364,283220,0,2026-01-03T03:43:02.872380
7.2422573422222225,2350,-24.75,16.75,2366,283210,0,2026-01-03T03:43:14.272204
7.245423988333333,2351,-24.5,16.68,2364,283228,0,2026-01-03T03:43:25.672130
7.248590702222222,2352,-24.25,16.68,2364,283204,0,2026-01-03T03:43:37.072300
7.251757484444444,2353,-24.0,16.68,2364,283208,0,2026-01-03T03:43:48.472716
7.254924104166666,2354,-24.75,16.68,2366,283224,0,2026-01-03T03:43:59.872547
7.258090794166667,2355,-24.5,16.81,2366,283226,0,2026-01-03T03:44:11.272631
7.261257544166667,2356,-24.5,16.62,2366,283202,0,2026-01-03T03:44:22.672931
7.264424213611111,2357,-24.5,16.56,2364,283228,0,2026-01-03T03:44:34.072941
7.267590915277777,2358,-24.75,16.68,2366,283218,0,2026-01-03T03:44:45.473067
7.270757637222222,2359,-24.75,16.75,2366,283202,0,2026-01-03T03:44:56.873266
7.273924339722222,2360,-24.25,16.75,2366,283196,0,2026-01-03T03:45:08.273395
7.2770910475,2361,-24.5,16.87,2366,283218,0,2026-01-03T03:45:19.673543
7.280257774444444,2362,-24.25,16.75,2366,283224,0,2026-01-03T03:45:31.073760
7.283424515,2363,-24.5,16.62,2366,283194,0,2026-01-03T03:45:42.474026
7.286591171944444,2364,-23.0,16.87,2366,283198,0,2026-01-03T03:45:53.873991
7.2897578902777775,2365,-24.25,16.75,2366,283198,0,2026-01-03T03:46:05.274177
7.292924589166667,2366,-24.25,16.62,2366,283208,0,2026-01-03T03:46:16.674293
7.296091296111111,2367,-24.5,16.81,2366,283222,0,2026-01-03T03:46:28.074438
7.2992579880555555,2368,-24.5,16.81,2366,283210,0,2026-01-03T03:46:39.474529
7.302424723888889,2369,-24.75,16.68,2366,283208,0,2026-01-03T03:46:50.874778
7.305591405,2370,-23.0,16.81,2366,283212,0,2026-01-03T03:47:02.274830
7.308758107222222,2371,-24.75,16.68,2366,283216,0,2026-01-03T03:47:13.674958
7.311924880277778,2372,-23.0,16.93,2366,283196,0,2026-01-03T03:47:25.075341
7.315091563611111,2373,-24.5,16.75,2366,283208,0,2026-01-03T03:47:36.475401
7.3182582075,2374,-24.75,16.75,2368,283212,0,2026-01-03T03:47:47.875319
7.3214249633333335,2375,-24.5,16.75,2368,283200,0,2026-01-03T03:47:59.275640
7.324591705833333,2376,-24.5,16.75,2368,283200,0,2026-01-03T03:48:10.675913
7.327758407222222,2377,-24.5,16.75,2366,283214,0,2026-01-03T03:48:22.076038
7.330925053333333,2378,-24.5,16.56,2368,283196,0,2026-01-03T03:48:33.475964
7.334091771944444,2379,-24.5,16.87,2366,283192,0,2026-01-03T03:48:44.876151
7.337258456111111,2380,-24.75,16.68,2366,283186,0,2026-01-03T03:48:56.276214
7.340425178888889,2381,-23.0,16.68,2368,283182,0,2026-01-03T03:49:07.676416
7.34359187,2382,-24.25,16.75,2368,283220,0,2026-01-03T03:49:19.076504
7.346758588888889,2383,-24.25,16.56,2368,283204,0,2026-01-03T03:49:30.476692
7.349925288888889,2384,-24.75,16.75,2368,283234,0,2026-01-03T03:49:41.876812
7.353092050833333,2385,-24.5,16.87,2368,283232,0,2026-01-03T03:49:53.277155
7.356258743055555,2386,-24.5,16.56,2368,283214,0,2026-01-03T03:50:04.677247
7.359425418333333,2387,-24.5,16.68,2368,283224,0,2026-01-03T03:50:16.077278
7.362592126388889,2388,-23.0,16.81,2368,283214,0,2026-01-03T03:50:27.477427
7.3657588191666665,2389,-24.75,16.81,2368,283200,0,2026-01-03T03:50:38.877521
7.3689255636111115,2390,-24.5,16.68,2368,283228,0,2026-01-03T03:50:50.277801
7.372092259722222,2391,-24.5,16.75,2368,283218,0,2026-01-03T03:51:01.677907
7.375258968333333,2392,-24.75,16.93,2368,283212,0,2026-01-03T03:51:13.078058
7.378425666944445,2393,-24.5,16.62,2370,283218,0,2026-01-03T03:51:24.478173
7.3815923975,2394,-24.5,16.87,2368,283220,0,2026-01-03T03:51:35.878403
7.384759120833333,2395,-24.5,16.75,2368,283206,0,2026-01-03T03:51:47.278607
7.387925862222223,2396,-24.5,16.81,2368,283224,0,2026-01-03T03:51:58.678876
7.391092690555555,2397,-23.0,16.81,2368,283218,0,2026-01-03T03:52:10.079458
7.394259364444444,2398,-24.5,16.75,2368,283210,0,2026-01-03T03:52:21.479484
7.3974261525,2399,-24.75,16.81,2368,283218,0,2026-01-03T03:52:32.879921
7.400592859722222,2400,-24.0,16.62,2370,283194,0,2026-01-03T03:52:44.280067
7.403759615555556,2401,-23.0,16.81,2370,283228,0,2026-01-03T03:52:55.680388
7.406926356111111,2402,-24.25,16.87,2368,283210,0,2026-01-03T03:53:07.080654
7.410093170833333,2403,-24.25,16.68,2370,283218,0,2026-01-03T03:53:18.481187
7.413259851111111,2404,-24.0,16.62,2368,283210,0,2026-01-03T03:53:29.881236
7.416426613055555,2405,-24.25,16.81,2368,283214,0,2026-01-03T03:53:41.281579
7.419593355277778,2406,-24.25,16.81,2370,283198,0,2026-01-03T03:53:52.681851
7.4227601297222225,2407,-24.5,16.87,2368,283222,0,2026-01-03T03:54:04.082239
7.425926849166666,2408,-24.5,16.68,2370,283240,0,2026-01-03T03:54:15.482429
7.429093593055556,2409,-24.25,16.68,2370,283220,0,2026-01-03T03:54:26.882707
7.432260384444445,2410,-24.25,16.81,2370,283240,0,2026-01-03T03:54:38.283156
7.435427126666666,2411,-24.25,16.56,2370,283242,0,2026-01-03T03:54:49.683428
7.4385937916666665,2412,-24.75,16.87,2368,283244,0,2026-01-03T03:55:01.083422
7.4417605502777775,2413,-24.25,16.75,2370,283222,0,2026-01-03T03:55:12.483753
7.444927290833333,2414,-24.25,16.68,2368,283214,0,2026-01-03T03:55:23.884019
7.448094030555556,2415,-24.25,16.75,2370,283228,0,2026-01-03T03:55:35.284282
7.451260766666667,2416,-24.5,16.93,2368,283234,0,2026-01-03T03:55:46.684532
7.4544275055555556,2417,-24.25,16.81,2370,283226,0,2026-01-03T03:55:58.084792
7.457594256111111,2418,-24.75,16.75,2370,283220,0,2026-01-03T03:56:09.485094
7.4607610088888885,2419,-24.5,16.68,2370,283218,0,2026-01-03T03:56:20.885404
7.463927725555555,2420,-24.5,16.68,2372,283238,0,2026-01-03T03:56:32.285584
7.467094464722222,2421,-24.75,16.62,2370,283246,0,2026-01-03T03:56:43.685845
7.470261195277778,2422,-24.5,16.62,2370,283222,0,2026-01-03T03:56:55.086075
7.473427952777778,2423,-24.5,16.68,2370,283242,0,2026-01-03T03:57:06.486402
7.476594646666666,2424,-24.5,16.68,2372,283240,0,2026-01-03T03:57:17.886500
7.479761410277778,2425,-24.75,16.75,2370,283230,0,2026-01-03T03:57:29.286849
7.482928135,2426,-24.0,16.56,2370,283260,0,2026-01-03T03:57:40.687058
7.486094863611111,2427,-24.25,16.81,2372,283234,0,2026-01-03T03:57:52.087281
7.489261586666666,2428,-24.0,16.81,2370,283220,0,2026-01-03T03:58:03.487484
7.49242837,2429,-24.5,16.68,2372,283236,0,2026-01-03T03:58:14.887904
7.495595069166667,2430,-23.0,16.93,2372,283232,0,2026-01-03T03:58:26.288021
7.498761801944444,2431,-24.25,16.68,2372,283236,0,2026-01-03T03:58:37.688259
7.501928540277778,2432,-24.5,16.68,2370,283246,0,2026-01-03T03:58:49.088517
7.5050952508333335,2433,-24.5,16.87,2370,283200,0,2026-01-03T03:59:00.488675
7.508262014444444,2434,-24.25,16.75,2370,283228,0,2026-01-03T03:59:11.889024
7.511428708333334,2435,-24.25,16.81,2370,283244,0,2026-01-03T03:59:23.289122
7.514595466666667,2436,-24.0,16.87,2372,283230,0,2026-01-03T03:59:34.689452
7.5177621708333335,2437,-24.25,16.81,2370,283236,0,2026-01-03T03:59:46.089587
7.520928932222223,2438,-24.25,16.75,2370,283210,0,2026-01-03T03:59:57.489928
7.524095651944444,2439,-24.25,16.75,2372,283212,0,2026-01-03T04:00:08.890119
7.527262354722223,2440,-24.5,16.81,2372,283206,0,2026-01-03T04:00:20.290249
7.530429074444444,2441,-24.25,16.93,2372,283228,0,2026-01-03T04:00:31.690440
7.533595845,2442,-24.5,16.75,2372,283232,0,2026-01-03T04:00:43.090814
7.536762541388889,2443,-24.25,16.87,2370,283244,0,2026-01-03T04:00:54.490921
7.5399292791666666,2444,-24.0,16.5,2372,283232,0,2026-01-03T04:01:05.891177
7.5430959925,2445,-24.75,16.93,2372,283222,0,2026-01-03T04:01:17.291345
7.546262720555555,2446,-24.0,16.62,2372,283196,0,2026-01-03T04:01:28.691566
7.549429443055556,2447,-24.75,16.75,2372,283206,0,2026-01-03T04:01:40.091767
7.552596204722223,2448,-24.75,16.75,2372,283220,0,2026-01-03T04:01:51.492109
7.555762961111111,2449,-24.25,16.75,2372,283254,0,2026-01-03T04:02:02.892432
7.558929626111111,2450,-24.0,16.62,2372,283216,0,2026-01-03T04:02:14.292426
7.5620963338888885,2451,-24.25,16.75,2372,283208,0,2026-01-03T04:02:25.692574
7.565263088055556,2452,-24.5,16.56,2372,283206,0,2026-01-03T04:02:37.092889
7.568429876111111,2453,-24.25,16.81,2374,283246,0,2026-01-03T04:02:48.493326
7.571596515833333,2454,-24.25,16.5,2372,283228,0,2026-01-03T04:02:59.893229
7.574763240555556,2455,-24.25,16.81,2374,283246,0,2026-01-03T04:03:11.293438
7.5779299516666665,2456,-24.5,16.81,2372,283220,0,2026-01-03T04:03:22.693598
7.581096733888889,2457,-24.5,16.62,2372,283230,0,2026-01-03T04:03:34.094014
7.5842634,2458,-24.25,16.81,2372,283212,0,2026-01-03T04:03:45.494012
7.587430126944445,2459,-24.75,16.62,2372,283238,0,2026-01-03T04:03:56.894229
7.590596841666667,2460,-24.5,16.87,2372,283252,0,2026-01-03T04:04:08.294402
7.593763634166667,2461,-25.5,16.68,2370,283222,0,2026-01-03T04:04:19.694855
7.596930389722222,2462,-24.25,16.81,2372,283208,0,2026-01-03T04:04:31.095175
7.600097089722222,2463,-23.0,17.0,2374,283242,0,2026-01-03T04:04:42.495295
7.603263738055555,2464,-24.25,16.87,2372,283230,0,2026-01-03T04:04:53.895229
7.6064304725,2465,-24.5,16.81,2374,283234,0,2026-01-03T04:05:05.295473
7.609597237777778,2466,-24.25,16.68,2372,283234,0,2026-01-03T04:05:16.695828
7.612763915,2467,-24.5,16.75,2374,283238,0,2026-01-03T04:05:28.095866
7.615930646388889,2468,-24.25,16.62,2372,283216,0,2026-01-03T04:05:39.496099
7.619097352777778,2469,-24.0,16.62,2372,283240,0,2026-01-03T04:05:50.896242
7.622264066111111,2470,-24.25,16.75,2372,283254,0,2026-01-03T04:06:02.296410
7.625430795277778,2471,-24.75,16.81,2372,283226,0,2026-01-03T04:06:13.696635
7.628597521666666,2472,-24.25,16.62,2374,283242,0,2026-01-03T04:06:25.096850
7.631764229722222,2473,-24.0,16.68,2372,283222,0,2026-01-03T04:06:36.496999
7.634930956944444,2474,-24.25,16.75,2374,283244,0,2026-01-03T04:06:47.897217
7.638097667777778,2475,-24.5,16.62,2374,283230,0,2026-01-03T04:06:59.297376
7.641264383888889,2476,-24.75,16.75,2372,283230,0,2026-01-03T04:07:10.697554
7.644431093333333,2477,-24.5,16.81,2372,283244,0,2026-01-03T04:07:22.097708
7.647597841111111,2478,-24.25,16.68,2374,283226,0,2026-01-03T04:07:33.498000
7.650764545,2479,-24.0,16.75,2374,283256,0,2026-01-03T04:07:44.898134
7.653931295555555,2480,-25.75,16.75,2374,283262,0,2026-01-03T04:07:56.298436
7.6570980155555555,2481,-24.25,16.68,2374,283224,0,2026-01-03T04:08:07.698628
7.66026471,2482,-24.25,16.75,2374,283232,0,2026-01-03T04:08:19.098728
7.663431481388889,2483,-24.0,16.75,2372,283232,0,2026-01-03T04:08:30.499105
7.666598141666666,2484,-24.0,16.43,2374,283232,0,2026-01-03T04:08:41.899082
7.669764899166666,2485,-24.5,16.68,2372,283226,0,2026-01-03T04:08:53.299409
7.672931575,2486,-24.0,16.75,2372,283224,0,2026-01-03T04:09:04.699442
7.676098296944445,2487,-24.25,16.62,2376,283238,0,2026-01-03T04:09:16.099641
7.679265071388889,2488,-25.5,16.62,2374,283206,0,2026-01-03T04:09:27.500029
7.6824317877777775,2489,-24.25,16.56,2374,283236,0,2026-01-03T04:09:38.900208
7.685598467222222,2490,-25.75,16.87,2374,283216,0,2026-01-03T04:09:50.300254
7.688765187777777,2491,-25.75,16.68,2374,283224,0,2026-01-03T04:10:01.700448
7.6919318952777775,2492,-24.0,16.62,2376,283228,0,2026-01-03T04:10:13.100595
7.695098589166666,2493,-24.25,16.62,2374,283242,0,2026-01-03T04:10:24.500693
7.698265321666667,2494,-24.5,16.75,2376,283226,0,2026-01-03T04:10:35.900930
7.701432056944444,2495,-24.25,16.75,2374,283228,0,2026-01-03T04:10:47.301177
7.704598794444444,2496,-24.0,16.68,2374,283248,0,2026-01-03T04:10:58.701432
7.707765458333333,2497,-24.25,16.81,2376,283218,0,2026-01-03T04:11:10.101422
7.710932195,2498,-24.0,16.81,2374,283246,0,2026-01-03T04:11:21.501674
7.714098902777778,2499,-24.0,16.81,2374,283230,0,2026-01-03T04:11:32.901822
7.717265621111111,2500,-24.5,16.68,2376,283228,0,2026-01-03T04:11:44.302008
7.720432399444444,2501,-24.25,16.75,2374,283220,0,2026-01-03T04:11:55.702410
7.723599065277778,2502,-24.5,16.81,2374,283248,0,2026-01-03T04:12:07.102407
7.726765753333333,2503,-25.25,16.56,2374,283218,0,2026-01-03T04:12:18.502484
7.729932496111111,2504,-24.25,16.62,2374,283238,0,2026-01-03T04:12:29.902758
7.733099276666667,2505,-24.25,16.62,2376,283208,0,2026-01-03T04:12:41.303168
7.7362659125,2506,-24.5,16.56,2374,283236,0,2026-01-03T04:12:52.703057
7.739432634166667,2507,-24.25,16.75,2376,283242,0,2026-01-03T04:13:04.103255
7.742599352222222,2508,-24.5,16.75,2374,283264,0,2026-01-03T04:13:15.503440
7.745766071111111,2509,-24.0,16.62,2376,283232,0,2026-01-03T04:13:26.903628
7.7489327772222225,2510,-24.0,16.62,2376,283244,0,2026-01-03T04:13:38.303770
7.752099515,2511,-24.25,16.68,2374,283240,0,2026-01-03T04:13:49.704026
7.755266211944445,2512,-25.25,16.62,2376,283220,0,2026-01-03T04:14:01.104135
7.758432941666666,2513,-25.75,16.68,2376,283226,0,2026-01-03T04:14:12.504362
7.761599642222222,2514,-24.0,16.81,2376,283216,0,2026-01-03T04:14:23.904484
7.764766349444445,2515,-24.0,16.75,2376,283250,0,2026-01-03T04:14:35.304630
7.767933085277778,2516,-24.25,16.68,2376,283186,0,2026-01-03T04:14:46.704879
7.771099794166667,2517,-24.25,16.75,2374,283194,0,2026-01-03T04:14:58.105031
7.774266582777778,2518,-24.25,16.75,2376,283222,0,2026-01-03T04:15:09.505470
7.777433216666667,2519,-24.25,16.68,2374,283230,0,2026-01-03T04:15:20.905352
7.780599945833333,2520,-24.5,16.75,2376,283224,0,2026-01-03T04:15:32.305577
7.783766703055556,2521,-24.0,16.68,2374,283218,0,2026-01-03T04:15:43.705903
7.786933435277778,2522,-24.0,16.75,2374,283238,0,2026-01-03T04:15:55.106139
7.790100149722222,2523,-24.25,16.75,2376,283210,0,2026-01-03T04:16:06.506311
7.793266818888889,2524,-24.25,16.68,2374,283206,0,2026-01-03T04:16:17.906320
7.796433525833334,2525,-24.5,16.87,2376,283222,0,2026-01-03T04:16:29.306465
7.799600235,2526,-24.0,16.81,2374,283226,0,2026-01-03T04:16:40.706618
7.802766994722222,2527,-24.25,16.81,2376,283236,0,2026-01-03T04:16:52.106953
7.805933693888889,2528,-25.75,16.75,2378,283222,0,2026-01-03T04:17:03.507070
7.809100376388889,2529,-24.5,16.81,2376,283216,0,2026-01-03T04:17:14.907127
7.812267133055555,2530,-25.75,16.68,2378,283250,0,2026-01-03T04:17:26.307451
7.815433811944445,2531,-24.25,16.68,2376,283212,0,2026-01-03T04:17:37.707495
7.8186005725,2532,-24.25,16.68,2376,283226,0,2026-01-03T04:17:49.107833
7.82176724,2533,-24.0,16.68,2376,283218,0,2026-01-03T04:18:00.507836
7.824933968055555,2534,-25.75,16.68,2378,283214,0,2026-01-03T04:18:11.908057
7.828100731111111,2535,-24.5,16.62,2376,283228,0,2026-01-03T04:18:23.308404
7.8312673725,2536,-24.25,16.68,2376,283228,0,2026-01-03T04:18:34.708313
7.834434094722222,2537,-24.25,16.68,2374,283210,0,2026-01-03T04:18:46.108513
7.837600801388889,2538,-24.0,16.56,2374,283228,0,2026-01-03T04:18:57.508657
7.840767511111111,2539,-24.25,16.56,2378,283244,0,2026-01-03T04:19:08.908812
7.843934244166666,2540,-24.25,16.75,2378,283224,0,2026-01-03T04:19:20.309051
7.847100979166667,2541,-24.5,16.68,2378,283226,0,2026-01-03T04:19:31.709297
7.850267651666667,2542,-25.75,16.43,2378,283244,0,2026-01-03T04:19:43.109318
7.853434383611111,2543,-24.0,17.0,2376,283226,0,2026-01-03T04:19:54.509553
7.856601083611111,2544,-24.5,16.93,2376,283242,0,2026-01-03T04:20:05.909673
7.859767859444444,2545,-25.75,16.62,2376,283222,0,2026-01-03T04:20:17.310066
7.862934517777778,2546,-24.25,16.62,2376,283230,0,2026-01-03T04:20:28.710036
7.8661012433333335,2547,-25.75,16.81,2378,283226,0,2026-01-03T04:20:40.110248
7.869267961666667,2548,-25.75,16.75,2376,283230,0,2026-01-03T04:20:51.510434
7.872434678333334,2549,-25.75,16.75,2378,283228,0,2026-01-03T04:21:02.910614
7.875601366944444,2550,-24.5,16.68,2376,283216,0,2026-01-03T04:21:14.310693
7.878768118611111,2551,-24.0,16.68,2378,283222,0,2026-01-03T04:21:25.710999
7.8819348172222226,2552,-24.0,16.68,2376,283232,0,2026-01-03T04:21:37.111114
7.885101570277778,2553,-24.0,16.75,2376,283242,0,2026-01-03T04:21:48.511425
7.888268238333334,2554,-24.0,16.81,2378,283246,0,2026-01-03T04:21:59.911430
7.891434960555555,2555,-24.0,16.75,2378,283240,0,2026-01-03T04:22:11.311630
7.894601703888889,2556,-25.5,16.62,2376,283240,0,2026-01-03T04:22:22.711906
7.897768446111111,2557,-24.5,16.87,2376,283228,0,2026-01-03T04:22:34.112178
7.900935105555556,2558,-24.5,16.87,2380,283250,0,2026-01-03T04:22:45.512152
7.904101811666667,2559,-24.25,16.68,2378,283262,0,2026-01-03T04:22:56.912294
7.9072685188888885,2560,-24.0,16.56,2378,283236,0,2026-01-03T04:23:08.312440
7.910435244444445,2561,-24.0,16.68,2376,283244,0,2026-01-03T04:23:19.712652
7.913601995555555,2562,-24.0,16.81,2378,283236,0,2026-01-03T04:23:31.112956
7.91676866,2563,-24.5,16.87,2378,283230,0,2026-01-03T04:23:42.512948
7.919935398333333,2564,-24.25,16.68,2376,283250,0,2026-01-03T04:23:53.913206
7.923102084444444,2565,-24.0,16.81,2378,283236,0,2026-01-03T04:24:05.313276
7.9262687975,2566,-24.5,16.75,2378,283236,0,2026-01-03T04:24:16.713443
7.929435509722222,2567,-24.5,16.75,2378,283234,0,2026-01-03T04:24:28.113607
7.932602250833333,2568,-24.75,16.87,2378,283248,0,2026-01-03T04:24:39.513875
7.935769004444444,2569,-24.5,16.68,2376,283268,0,2026-01-03T04:24:50.914188
7.938935708333333,2570,-24.25,16.81,2378,283224,0,2026-01-03T04:25:02.314322
7.942102380833333,2571,-24.0,16.56,2380,283264,0,2026-01-03T04:25:13.714343
7.9452690680555556,2572,-24.5,16.68,2378,283264,0,2026-01-03T04:25:25.114417
7.9484357925,2573,-24.0,16.62,2378,283232,0,2026-01-03T04:25:36.514625
7.951602503888889,2574,-24.75,16.62,2378,283254,0,2026-01-03T04:25:47.914786
7.954769193611111,2575,-24.0,16.68,2378,283218,0,2026-01-03T04:25:59.314869
7.957935851111111,2576,-24.0,16.93,2378,283252,0,2026-01-03T04:26:10.714836
7.9611025516666665,2577,-24.0,16.75,2378,283234,0,2026-01-03T04:26:22.114958
7.964269262222222,2578,-25.75,16.68,2378,283244,0,2026-01-03T04:26:33.515116
7.9674359444444445,2579,-24.0,16.62,2378,283244,0,2026-01-03T04:26:44.915172
7.970602573333333,2580,-25.5,16.75,2378,283236,0,2026-01-03T04:26:56.315036
7.973769253055556,2581,-24.0,16.62,2378,283244,0,2026-01-03T04:27:07.715083
7.976936248055556,2582,-24.5,16.75,2380,283220,0,2026-01-03T04:27:19.116265
7.980102680277778,2583,-24.25,16.81,2378,283246,0,2026-01-03T04:27:30.515421
7.983269293888889,2584,-24.0,16.68,2378,283236,0,2026-01-03T04:27:41.915230
7.986435996111111,2585,-24.0,16.56,2378,283234,0,2026-01-03T04:27:53.315358
7.9896026594444445,2586,-24.25,16.81,2376,283258,0,2026-01-03T04:28:04.715346
7.9927693388888885,2587,-24.25,16.68,2380,283232,0,2026-01-03T04:28:16.115392
7.995936004722222,2588,-24.25,16.68,2378,283210,0,2026-01-03T04:28:27.515389
7.999102724722222,2589,-25.75,16.81,2380,283232,0,2026-01-03T04:28:38.915581
8.002269465833333,2590,-25.75,16.68,2378,283228,0,2026-01-03T04:28:50.315849
8.005436168055555,2591,-24.25,16.87,2378,283238,0,2026-01-03T04:29:01.715977
8.008602828611112,2592,-25.75,16.56,2378,283236,0,2026-01-03T04:29:13.115955
8.01176947361111,2593,-24.25,16.75,2378,283246,0,2026-01-03T04:29:24.515877
8.01493616888889,2594,-24.25,16.75,2380,283250,0,2026-01-03T04:29:35.915980
8.0181028325,2595,-24.0,16.81,2378,283246,0,2026-01-03T04:29:47.315969
8.021269583333334,2596,-24.0,16.62,2378,283206,0,2026-01-03T04:29:58.716272
8.0244362325,2597,-24.25,16.62,2380,283232,0,2026-01-03T04:30:10.116209
8.027602915833333,2598,-24.25,16.75,2378,283256,0,2026-01-03T04:30:21.516269
8.030769608611111,2599,-24.25,16.75,2380,283248,0,2026-01-03T04:30:32.916363
8.03393628861111,2600,-24.0,16.75,2378,283258,0,2026-01-03T04:30:44.316411
8.037102988333332,2601,-24.25,16.75,2380,283266,0,2026-01-03T04:30:55.716530
8.040269681666667,2602,-25.75,16.81,2378,283248,0,2026-01-03T04:31:07.116626
8.043436405,2603,-24.25,16.68,2380,283256,0,2026-01-03T04:31:18.516830
8.046603117222222,2604,-24.0,16.62,2378,283260,0,2026-01-03T04:31:29.916994
8.0497698025,2605,-24.0,16.75,2380,283218,0,2026-01-03T04:31:41.317061
8.052936451944445,2606,-24.0,16.5,2380,283260,0,2026-01-03T04:31:52.716999
8.056103160555555,2607,-25.75,16.62,2378,283234,0,2026-01-03T04:32:04.117150
8.059269833333333,2608,-24.25,16.75,2378,283248,0,2026-01-03T04:32:15.517172
8.06243658,2609,-24.0,16.68,2378,283242,0,2026-01-03T04:32:26.917460
8.065603206111112,2610,-24.0,16.56,2380,283246,0,2026-01-03T04:32:38.317314
8.0687699025,2611,-25.5,16.75,2380,283222,0,2026-01-03T04:32:49.717421
8.071936613055556,2612,-24.25,16.75,2380,283252,0,2026-01-03T04:33:01.117579
8.075103294166667,2613,-25.25,16.68,2378,283256,0,2026-01-03T04:33:12.517631
8.078270020277778,2614,-24.5,16.68,2378,283256,0,2026-01-03T04:33:23.917845
8.081436697222221,2615,-25.75,16.75,2378,283232,0,2026-01-03T04:33:35.317882
8.084603455833333,2616,-24.0,16.68,2380,283254,0,2026-01-03T04:33:46.718213
8.087770120833333,2617,-25.75,16.56,2380,283270,0,2026-01-03T04:33:58.118207
8.090936856666668,2618,-24.25,16.81,2380,283258,0,2026-01-03T04:34:09.518456
8.094103488611111,2619,-24.5,16.75,2380,283254,0,2026-01-03T04:34:20.918331
8.097270178055556,2620,-25.75,16.5,2380,283264,0,2026-01-03T04:34:32.318413
8.100436886111112,2621,-24.0,16.75,2380,283258,0,2026-01-03T04:34:43.718562
8.103603576944444,2622,-24.25,16.75,2380,283252,0,2026-01-03T04:34:55.118649
8.106770270555556,2623,-24.0,16.93,2380,283270,0,2026-01-03T04:35:06.518746
8.10993699888889,2624,-24.25,16.75,2380,283276,0,2026-01-03T04:35:17.918968
8.1131037275,2625,-24.0,16.68,2380,283262,0,2026-01-03T04:35:29.319191
8.116270366666667,2626,-24.0,16.75,2380,283258,0,2026-01-03T04:35:40.719092
8.119437080555555,2627,-24.25,16.68,2378,283268,0,2026-01-03T04:35:52.119262
8.122603785277779,2628,-25.75,16.62,2380,283256,0,2026-01-03T04:36:03.519399
8.125770465277778,2629,-24.5,16.87,2380,283270,0,2026-01-03T04:36:14.919447
8.128937169722223,2630,-24.25,16.87,2378,283250,0,2026-01-03T04:36:26.319583
8.132103900277778,2631,-24.25,16.68,2380,283278,0,2026-01-03T04:36:37.719813
8.135270566111112,2632,-24.25,16.62,2382,283276,0,2026-01-03T04:36:49.119810
8.138437322222222,2633,-24.0,16.56,2380,283258,0,2026-01-03T04:37:00.520132
8.1416040175,2634,-25.75,16.75,2382,283250,0,2026-01-03T04:37:11.920235
8.144770724722223,2635,-24.5,16.62,2380,283258,0,2026-01-03T04:37:23.320381
8.147937365277778,2636,-24.25,16.75,2382,283240,0,2026-01-03T04:37:34.720287
8.151104069166667,2637,-24.0,16.56,2382,283214,0,2026-01-03T04:37:46.120421
8.154270775555556,2638,-24.25,16.75,2380,283276,0,2026-01-03T04:37:57.520564
8.157437471944444,2639,-24.25,16.62,2380,283236,0,2026-01-03T04:38:08.920671
8.160604175,2640,-24.25,16.5,2380,283248,0,2026-01-03T04:38:20.320802
8.163770882777778,2641,-24.0,16.68,2382,283240,0,2026-01-03T04:38:31.720950
8.166937640555556,2642,-25.5,16.81,2380,283274,0,2026-01-03T04:38:43.121278
8.170104277222222,2643,-24.5,16.75,2382,283248,0,2026-01-03T04:38:54.521170
8.173270992777777,2644,-24.0,16.81,2380,283262,0,2026-01-03T04:39:05.921346
8.176437665555556,2645,-24.25,16.75,2380,283244,0,2026-01-03T04:39:17.321368
8.179604382222223,2646,-25.75,16.75,2380,283260,0,2026-01-03T04:39:28.721548
8.182771133055555,2647,-24.5,16.75,2380,283234,0,2026-01-03T04:39:40.121851
8.1859377925,2648,-24.0,16.81,2380,283282,0,2026-01-03T04:39:51.521825
8.189104505833333,2649,-24.0,16.75,2382,283260,0,2026-01-03T04:40:02.921993
8.19227120611111,2650,-24.0,16.62,2380,283248,0,2026-01-03T04:40:14.322114
8.195437915,2651,-24.0,16.56,2382,283268,0,2026-01-03T04:40:25.722266
8.198604619166666,2652,-24.25,16.75,2380,283288,0,2026-01-03T04:40:37.122401
8.201771297777778,2653,-24.5,16.93,2382,283266,0,2026-01-03T04:40:48.522444
8.204938030277777,2654,-24.25,16.62,2380,283276,0,2026-01-03T04:40:59.922681
8.208104778888888,2655,-25.75,16.56,2382,283250,0,2026-01-03T04:41:11.322976
8.211271406111111,2656,-24.25,16.75,2382,283272,0,2026-01-03T04:41:22.722834
8.214438133055555,2657,-24.0,16.62,2380,283260,0,2026-01-03T04:41:34.123051
8.217604843055556,2658,-25.75,16.56,2382,283256,0,2026-01-03T04:41:45.523207
8.220771536111112,2659,-24.5,16.75,2382,283252,0,2026-01-03T04:41:56.923302
8.223938226944444,2660,-24.25,16.81,2382,283246,0,2026-01-03T04:42:08.323389
8.227104935555555,2661,-24.0,16.75,2382,283238,0,2026-01-03T04:42:19.723540
8.23027163611111,2662,-24.25,16.75,2380,283254,0,2026-01-03T04:42:31.123662
8.233438340277777,2663,-25.75,16.62,2382,283270,0,2026-01-03T04:42:42.523797
8.236605104166667,2664,-24.25,16.68,2380,283258,0,2026-01-03T04:42:53.924147
8.239771791944445,2665,-25.75,16.68,2382,283250,0,2026-01-03T04:43:05.324223
8.24293846,2666,-24.0,16.75,2382,283272,0,2026-01-03T04:43:16.724228
8.246105195555556,2667,-24.0,16.68,2382,283252,0,2026-01-03T04:43:28.124476
8.24927185111111,2668,-24.5,16.68,2380,283250,0,2026-01-03T04:43:39.524436
8.252438565833334,2669,-24.25,16.68,2382,283252,0,2026-01-03T04:43:50.924609
8.255605274166667,2670,-24.25,16.75,2382,283292,0,2026-01-03T04:44:02.324759
8.258771979722223,2671,-24.0,16.75,2382,283264,0,2026-01-03T04:44:13.724899
8.261938747222223,2672,-25.75,16.62,2380,283274,0,2026-01-03T04:44:25.125262
8.265105399722222,2673,-24.0,16.56,2382,283256,0,2026-01-03T04:44:36.525211
8.26827212361111,2674,-24.0,16.68,2380,283260,0,2026-01-03T04:44:47.925417
8.271438802777778,2675,-24.0,16.68,2382,283258,0,2026-01-03T04:44:59.325462
8.274605518888889,2676,-24.25,16.81,2382,283236,0,2026-01-03T04:45:10.725640
8.277772301111112,2677,-24.25,16.75,2382,283284,0,2026-01-03T04:45:22.126056
8.28093893111111,2678,-24.25,16.68,2384,283272,0,2026-01-03T04:45:33.525924
8.284105613888888,2679,-25.5,16.56,2382,283262,0,2026-01-03T04:45:44.925982
8.287272340555555,2680,-24.5,16.75,2382,283278,0,2026-01-03T04:45:56.326198
8.290439051388889,2681,-24.0,16.81,2380,283266,0,2026-01-03T04:46:07.726357
8.293605731388888,2682,-24.25,16.68,2382,283262,0,2026-01-03T04:46:19.126405
8.296772436944444,2683,-24.0,16.68,2382,283258,0,2026-01-03T04:46:30.526545
8.299939184444444,2684,-24.25,16.93,2382,283272,0,2026-01-03T04:46:41.926836
8.303105866388888,2685,-25.75,16.81,2382,283256,0,2026-01-03T04:46:53.326891
8.306272621666666,2686,-24.0,16.81,2382,283274,0,2026-01-03T04:47:04.727210
8.309439288333333,2687,-25.75,16.5,2384,283266,0,2026-01-03T04:47:16.127210
8.312606002222223,2688,-24.0,16.75,2382,283246,0,2026-01-03T04:47:27.527380
8.315772684444445,2689,-24.0,16.56,2382,283284,0,2026-01-03T04:47:38.927436
8.318939384444445,2690,-24.25,16.62,2382,283278,0,2026-01-03T04:47:50.327556
8.322106087222222,2691,-24.0,16.68,2382,283258,0,2026-01-03T04:48:01.727686
8.325272806666666,2692,-24.0,16.75,2382,283270,0,2026-01-03T04:48:13.127876
8.3284395075,2693,-24.0,16.81,2382,283262,0,2026-01-03T04:48:24.527999
8.33160627638889,2694,-25.75,16.81,2382,283276,0,2026-01-03T04:48:35.928367
8.33477295111111,2695,-24.0,16.68,2382,283272,0,2026-01-03T04:48:47.328396
8.33793961111111,2696,-24.25,16.75,2382,283266,0,2026-01-03T04:48:58.728372
8.341106359722222,2697,-24.0,16.56,2382,283280,0,2026-01-03T04:49:10.128667
8.344273055555556,2698,-24.25,16.56,2382,283274,0,2026-01-03T04:49:21.528772
8.347439781111111,2699,-24.25,16.87,2382,283256,0,2026-01-03T04:49:32.928984
8.350606465833334,2700,-25.75,16.62,2382,283246,0,2026-01-03T04:49:44.329049
8.35377318,2701,-24.0,16.75,2382,283264,0,2026-01-03T04:49:55.729220
8.356939904722223,2702,-25.75,16.56,2384,283276,0,2026-01-03T04:50:07.129429
8.360106565277778,2703,-24.0,16.68,2382,283248,0,2026-01-03T04:50:18.529407
8.363273305555555,2704,-24.0,16.75,2382,283236,0,2026-01-03T04:50:29.929672
8.36643997888889,2705,-25.75,16.68,2382,283280,0,2026-01-03T04:50:41.329696
8.369606756666666,2706,-25.75,16.87,2384,283248,0,2026-01-03T04:50:52.730096
8.37277341138889,2707,-25.75,16.68,2382,283242,0,2026-01-03T04:51:04.130053
8.375940155833334,2708,-25.75,16.56,2384,283254,0,2026-01-03T04:51:15.530333
8.379106823611112,2709,-25.75,16.62,2382,283246,0,2026-01-03T04:51:26.930337
8.382273525833334,2710,-24.0,16.68,2384,283248,0,2026-01-03T04:51:38.330465
8.38544024,2711,-24.0,16.93,2382,283246,0,2026-01-03T04:51:49.730636
8.388607002777778,2712,-25.75,16.56,2384,283250,0,2026-01-03T04:52:01.130982
8.391773638888889,2713,-25.5,16.43,2384,283234,0,2026-01-03T04:52:12.530872
8.394940391111112,2714,-24.0,16.75,2384,283258,0,2026-01-03T04:52:23.931180
8.398107127222222,2715,-25.5,16.62,2384,283266,0,2026-01-03T04:52:35.331430
8.401273782222223,2716,-24.0,16.68,2384,283224,0,2026-01-03T04:52:46.731388
8.4044404775,2717,-24.0,16.75,2384,283250,0,2026-01-03T04:52:58.131491
8.407607231666667,2718,-24.25,16.62,2384,283252,0,2026-01-03T04:53:09.531806
8.41077393111111,2719,-24.0,16.68,2384,283244,0,2026-01-03T04:53:20.931924
8.413940584166667,2720,-24.0,16.62,2384,283272,0,2026-01-03T04:53:32.331875
8.417107344444444,2721,-24.0,16.62,2384,283274,0,2026-01-03T04:53:43.732212
8.420274034166667,2722,-25.5,16.68,2384,283274,0,2026-01-03T04:53:55.132295
8.423440719444445,2723,-24.0,16.62,2384,283262,0,2026-01-03T04:54:06.532362
8.426607416666666,2724,-24.0,16.75,2384,283274,0,2026-01-03T04:54:17.932472
8.429774187777777,2725,-24.25,16.75,2384,283274,0,2026-01-03T04:54:29.332848
8.432940848055555,2726,-24.0,16.62,2384,283256,0,2026-01-03T04:54:40.732825
8.436107578055555,2727,-24.0,16.75,2384,283260,0,2026-01-03T04:54:52.133053
8.43927433,2728,-24.25,16.87,2382,283264,0,2026-01-03T04:55:03.533360
8.442441003611112,2729,-24.25,16.87,2382,283250,0,2026-01-03T04:55:14.933385
8.445607681111111,2730,-24.0,16.81,2384,283252,0,2026-01-03T04:55:26.333424
8.448774400277777,2731,-25.5,16.62,2384,283252,0,2026-01-03T04:55:37.733613
8.451941151666666,2732,-25.5,16.5,2382,283258,0,2026-01-03T04:55:49.133918
8.45510781,2733,-25.5,16.68,2386,283284,0,2026-01-03T04:56:00.533888
8.45827453861111,2734,-25.75,16.56,2384,283288,0,2026-01-03T04:56:11.934111
8.461441225277778,2735,-25.75,16.5,2384,283280,0,2026-01-03T04:56:23.334183
8.46460792138889,2736,-24.0,16.81,2386,283272,0,2026-01-03T04:56:34.734289
8.467774621944445,2737,-24.0,16.75,2384,283302,0,2026-01-03T04:56:46.134411
8.470941343055555,2738,-25.5,16.62,2384,283272,0,2026-01-03T04:56:57.534607
8.474108040833332,2739,-25.75,16.62,2384,283284,0,2026-01-03T04:57:08.934719
8.477274771666666,2740,-25.25,16.68,2384,283280,0,2026-01-03T04:57:20.334950
8.48044150888889,2741,-24.0,16.62,2384,283280,0,2026-01-03T04:57:31.735204
8.483608164166666,2742,-25.75,16.62,2384,283308,0,2026-01-03T04:57:43.135163
8.486774885833333,2743,-24.0,16.62,2382,283272,0,2026-01-03T04:57:54.535361
8.48994158388889,2744,-24.0,16.81,2384,283286,0,2026-01-03T04:58:05.935474
8.493108341388888,2745,-24.0,16.81,2384,283302,0,2026-01-03T04:58:17.335801
8.49627506,2746,-24.25,16.5,2384,283294,0,2026-01-03T04:58:28.735988
8.499441729722221,2747,-24.25,16.87,2386,283294,0,2026-01-03T04:58:40.135999
8.502608449166667,2748,-24.25,16.62,2384,283250,0,2026-01-03T04:58:51.536189
8.5057751975,2749,-25.75,16.68,2386,283264,0,2026-01-03T04:59:02.936483
8.508941877222222,2750,-25.25,16.75,2386,283294,0,2026-01-03T04:59:14.336530
8.512108568333334,2751,-24.0,16.68,2386,283286,0,2026-01-03T04:59:25.736618
8.515275230277778,2752,-24.0,16.75,2384,283280,0,2026-01-03T04:59:37.136601
8.518441965833333,2753,-25.75,16.75,2384,283276,0,2026-01-03T04:59:48.536849
8.521608724444445,2754,-24.25,16.68,2384,283252,0,2026-01-03T04:59:59.937180
8.524775464444444,2755,-24.25,16.68,2384,283304,0,2026-01-03T05:00:11.337444
8.527942193055555,2756,-24.0,16.68,2386,283262,0,2026-01-03T05:00:22.737667
8.53110897638889,2757,-24.25,16.81,2384,283280,0,2026-01-03T05:00:34.138087
8.534275696666667,2758,-25.75,16.56,2384,283266,0,2026-01-03T05:00:45.538280
8.537442448611111,2759,-24.25,16.87,2384,283296,0,2026-01-03T05:00:56.938587
8.540609211944444,2760,-24.0,16.81,2384,283266,0,2026-01-03T05:01:08.338935
8.54377595388889,2761,-25.25,16.68,2386,283284,0,2026-01-03T05:01:19.739206
8.546942687777777,2762,-25.75,16.5,2386,283280,0,2026-01-03T05:01:31.139448
8.550109443611111,2763,-25.5,16.5,2384,283288,0,2026-01-03T05:01:42.539769
8.553276156944445,2764,-25.75,16.87,2384,283264,0,2026-01-03T05:01:53.939937
8.556442927777777,2765,-25.75,16.68,2384,283266,0,2026-01-03T05:02:05.340312
8.559609675833334,2766,-25.75,16.62,2384,283268,0,2026-01-03T05:02:16.740605
8.5627764625,2767,-25.25,16.5,2384,283266,0,2026-01-03T05:02:28.141037
8.565943151111112,2768,-25.75,16.62,2386,283300,0,2026-01-03T05:02:39.541116
8.569109893333334,2769,-24.0,16.75,2384,283296,0,2026-01-03T05:02:50.941388
8.5722766325,2770,-24.25,16.68,2384,283258,0,2026-01-03T05:03:02.341649
8.575443430555556,2771,-24.0,16.56,2386,283282,0,2026-01-03T05:03:13.742122
8.578610104166666,2772,-25.75,16.5,2386,283294,0,2026-01-03T05:03:25.142147
8.581776848055556,2773,-24.0,16.5,2384,283340,0,2026-01-03T05:03:36.542425
8.584943588333333,2774,-24.25,16.68,2382,283276,0,2026-01-03T05:03:47.942690
8.588110397777777,2775,-24.0,16.62,2384,283290,0,2026-01-03T05:03:59.343204
8.59127707861111,2776,-25.5,16.75,2386,283332,0,2026-01-03T05:04:10.743255
8.594443781666667,2777,-25.75,16.87,2384,283278,0,2026-01-03T05:04:22.143386
8.597610530277779,2778,-24.25,16.75,2384,283290,0,2026-01-03T05:04:33.543681
8.600777279166667,2779,-25.75,16.62,2386,283280,0,2026-01-03T05:04:44.943977
8.603944060555555,2780,-25.25,16.62,2386,283278,0,2026-01-03T05:04:56.344390
8.607110741388889,2781,-24.0,16.68,2384,283286,0,2026-01-03T05:05:07.744441
8.610277485555555,2782,-25.5,16.68,2386,283286,0,2026-01-03T05:05:19.144720
8.613444217777777,2783,-24.0,16.75,2386,283286,0,2026-01-03T05:05:30.544956
8.616611001944445,2784,-25.5,16.68,2386,283312,0,2026-01-03T05:05:41.945379
8.619777663333334,2785,-24.0,16.75,2386,283288,0,2026-01-03T05:05:53.345360
8.622944408055556,2786,-24.25,16.62,2386,283290,0,2026-01-03T05:06:04.745641
8.626111167777777,2787,-24.5,16.87,2386,283302,0,2026-01-03T05:06:16.145976
8.629277878333333,2788,-25.75,16.62,2386,283276,0,2026-01-03T05:06:27.546134
8.632444598055555,2789,-25.25,16.75,2386,283284,0,2026-01-03T05:06:38.946325
8.635611340833334,2790,-24.0,16.68,2386,283300,0,2026-01-03T05:06:50.346599
8.638778085277778,2791,-24.0,16.81,2384,283280,0,2026-01-03T05:07:01.746879
8.641944849166666,2792,-24.0,16.62,2386,283274,0,2026-01-03T05:07:13.147229
8.6451115675,2793,-25.75,16.56,2384,283252,0,2026-01-03T05:07:24.547415
8.648278245833334,2794,-24.0,16.75,2386,283280,0,2026-01-03T05:07:35.947457
8.651444983888888,2795,-24.0,16.62,2386,283272,0,2026-01-03T05:07:47.347714
8.654611737222222,2796,-24.0,16.75,2386,283296,0,2026-01-03T05:07:58.748026
8.657778451111112,2797,-24.0,16.68,2386,283284,0,2026-01-03T05:08:10.148196
8.66094516361111,2798,-25.5,16.75,2384,283304,0,2026-01-03T05:08:21.548361
8.664111910277779,2799,-25.75,16.68,2386,283308,0,2026-01-03T05:08:32.948649
8.667278640555555,2800,-24.0,16.68,2386,283296,0,2026-01-03T05:08:44.348878
8.670445415833333,2801,-24.0,16.75,2386,283278,0,2026-01-03T05:08:55.749269
8.67361207861111,2802,-25.25,16.87,2386,283266,0,2026-01-03T05:09:07.149255
8.676778789166667,2803,-24.25,16.68,2386,283288,0,2026-01-03T05:09:18.549413
8.679945538888889,2804,-25.75,16.68,2386,283270,0,2026-01-03T05:09:29.949712
8.683112302222222,2805,-25.75,16.81,2386,283288,0,2026-01-03T05:09:41.350060
8.686279025555555,2806,-25.5,16.75,2386,283286,0,2026-01-03T05:09:52.750264
8.689445724722223,2807,-25.25,16.81,2386,283292,0,2026-01-03T05:10:04.150381
8.69261241138889,2808,-24.0,16.87,2386,283258,0,2026-01-03T05:10:15.550453
8.6957791675,2809,-25.75,16.62,2386,283258,0,2026-01-03T05:10:26.950775
8.698945929722223,2810,-24.0,16.62,2388,283284,0,2026-01-03T05:10:38.351119
8.702112653333334,2811,-24.0,16.62,2388,283280,0,2026-01-03T05:10:49.751324
8.705279318333334,2812,-24.0,16.87,2386,283292,0,2026-01-03T05:11:01.151318
8.708446061944445,2813,-25.75,16.62,2386,283256,0,2026-01-03T05:11:12.551595
8.7116127725,2814,-25.75,16.62,2386,283268,0,2026-01-03T05:11:23.951753
8.714779553055555,2815,-24.0,16.68,2386,283284,0,2026-01-03T05:11:35.352163
8.717946214166666,2816,-25.75,16.68,2386,283280,0,2026-01-03T05:11:46.752143
8.721112945833333,2817,-25.25,16.56,2386,283310,0,2026-01-03T05:11:58.152377
8.724279676111111,2818,-25.5,16.93,2386,283274,0,2026-01-03T05:12:09.552606
8.727446381111111,2819,-24.25,16.43,2386,283270,0,2026-01-03T05:12:20.952744
8.730613137777778,2820,-24.0,16.68,2386,283268,0,2026-01-03T05:12:32.353068
8.733779843055556,2821,-25.75,16.68,2388,283272,0,2026-01-03T05:12:43.753207
8.736946569166667,2822,-25.75,16.56,2386,283260,0,2026-01-03T05:12:55.153421
8.740113272222223,2823,-24.0,16.56,2386,283288,0,2026-01-03T05:13:06.553552
8.74328004138889,2824,-24.25,16.5,2388,283266,0,2026-01-03T05:13:17.953921
8.746446721944444,2825,-24.0,16.68,2388,283268,0,2026-01-03T05:13:29.353971
8.749613461944444,2826,-24.0,16.75,2386,283290,0,2026-01-03T05:13:40.754235
8.752780175833333,2827,-24.0,16.68,2388,283292,0,2026-01-03T05:13:52.154405
8.755946894722221,2828,-24.0,16.62,2386,283242,0,2026-01-03T05:14:03.554593
8.759113609166667,2829,-24.25,16.68,2386,283248,0,2026-01-03T05:14:14.954765
8.762280358888889,2830,-25.5,16.5,2386,283258,0,2026-01-03T05:14:26.355064
8.765447052777779,2831,-24.0,16.75,2386,283280,0,2026-01-03T05:14:37.755162
8.768613771388889,2832,-25.75,16.75,2388,283308,0,2026-01-03T05:14:49.155349
8.771780482222223,2833,-25.75,16.75,2386,283276,0,2026-01-03T05:15:00.555508
8.774947226111111,2834,-24.5,16.81,2388,283284,0,2026-01-03T05:15:11.955786
8.778113969444444,2835,-25.5,16.62,2386,283304,0,2026-01-03T05:15:23.356062
8.781280699722222,2836,-24.0,16.56,2386,283284,0,2026-01-03T05:15:34.756291
8.784447409444445,2837,-24.0,16.62,2388,283286,0,2026-01-03T05:15:46.156446
8.787614133888889,2838,-25.75,16.68,2386,283318,0,2026-01-03T05:15:57.556654
8.790780806666668,2839,-25.5,16.56,2386,283288,0,2026-01-03T05:16:08.956676
8.793947587222222,2840,-24.0,16.62,2386,283300,0,2026-01-03T05:16:20.357086
8.797114295555556,2841,-25.5,16.75,2386,283290,0,2026-01-03T05:16:31.757236
8.800280975833333,2842,-25.75,16.68,2386,283300,0,2026-01-03T05:16:43.157285
8.803447669444445,2843,-24.25,16.68,2386,283302,0,2026-01-03T05:16:54.557382
8.806614397222223,2844,-25.75,16.62,2386,283336,0,2026-01-03T05:17:05.957602
8.809781174722222,2845,-25.5,16.5,2388,283294,0,2026-01-03T05:17:17.358001
8.812947835555555,2846,-24.0,16.5,2388,283300,0,2026-01-03T05:17:28.757980
8.816114566666666,2847,-25.5,16.68,2388,283300,0,2026-01-03T05:17:40.158212
8.819281274722222,2848,-25.75,16.62,2388,283276,0,2026-01-03T05:17:51.558361
8.822447993055556,2849,-25.5,16.62,2388,283298,0,2026-01-03T05:18:02.958547
8.825614743055555,2850,-24.0,16.68,2388,283302,0,2026-01-03T05:18:14.358847
8.8287814225,2851,-24.0,16.81,2388,283286,0,2026-01-03T05:18:25.758893
8.831948155277777,2852,-25.25,16.75,2388,283280,0,2026-01-03T05:18:37.159131
8.835114910833333,2853,-25.5,16.62,2388,283290,0,2026-01-03T05:18:48.559451
8.83828159111111,2854,-25.25,16.62,2390,283316,0,2026-01-03T05:18:59.959500
8.841448305,2855,-25.75,16.81,2388,283266,0,2026-01-03T05:19:11.359670
8.844615021388888,2856,-25.5,16.68,2386,283282,0,2026-01-03T05:19:22.759849
8.847781745833334,2857,-25.75,16.5,2388,283276,0,2026-01-03T05:19:34.160057
8.850948460277777,2858,-24.0,16.75,2388,283296,0,2026-01-03T05:19:45.560229
8.854115173055556,2859,-25.75,16.68,2388,283284,0,2026-01-03T05:19:56.960395
8.85728190388889,2860,-25.75,16.68,2388,283266,0,2026-01-03T05:20:08.360626
8.860448590833334,2861,-24.25,16.81,2386,283288,0,2026-01-03T05:20:19.760699
8.863615301944444,2862,-25.75,16.43,2388,283282,0,2026-01-03T05:20:31.160859
8.866782039166667,2863,-24.25,16.75,2390,283292,0,2026-01-03T05:20:42.561113
8.869948770833334,2864,-25.25,16.62,2388,283280,0,2026-01-03T05:20:53.961347
8.873115480277777,2865,-25.75,16.81,2386,283306,0,2026-01-03T05:21:05.361501
8.876282246666667,2866,-24.0,16.62,2388,283290,0,2026-01-03T05:21:16.761860
8.879448897222222,2867,-24.0,16.68,2386,283278,0,2026-01-03T05:21:28.161802
8.882615627222222,2868,-24.0,16.75,2388,283270,0,2026-01-03T05:21:39.562030
8.88578234388889,2869,-25.75,16.87,2388,283284,0,2026-01-03T05:21:50.962210
8.88894907861111,2870,-25.25,16.68,2388,283312,0,2026-01-03T05:22:02.362455
8.892115782222222,2871,-24.0,16.75,2388,283272,0,2026-01-03T05:22:13.762588
8.89528249888889,2872,-25.5,16.68,2386,283306,0,2026-01-03T05:22:25.162768
8.89844923,2873,-25.5,16.68,2386,283304,0,2026-01-03T05:22:36.563000
8.901615979722223,2874,-24.25,16.68,2390,283258,0,2026-01-03T05:22:47.963299
8.904782667222221,2875,-24.0,16.93,2388,283282,0,2026-01-03T05:22:59.363374
8.907949355,2876,-25.75,16.68,2388,283312,0,2026-01-03T05:23:10.763450
8.911116078333333,2877,-24.25,16.75,2388,283264,0,2026-01-03T05:23:22.163654
8.91428284138889,2878,-25.5,16.62,2388,283290,0,2026-01-03T05:23:33.564001
8.9174495575,2879,-24.0,16.68,2388,283294,0,2026-01-03T05:23:44.964179
8.920616242222222,2880,-25.25,16.56,2388,283286,0,2026-01-03T05:23:56.364244
8.92378294138889,2881,-25.75,16.75,2388,283298,0,2026-01-03T05:24:07.764361
8.926949644444445,2882,-25.25,16.62,2388,283282,0,2026-01-03T05:24:19.164492
8.930116425,2883,-24.25,16.87,2388,283286,0,2026-01-03T05:24:30.564902
8.933283116944445,2884,-24.0,16.68,2388,283292,0,2026-01-03T05:24:41.964993
8.936449818055555,2885,-24.0,16.87,2390,283274,0,2026-01-03T05:24:53.365117
8.9396165375,2886,-24.0,16.68,2386,283278,0,2026-01-03T05:25:04.765307
8.942783236666667,2887,-24.0,16.81,2390,283264,0,2026-01-03T05:25:16.165424
8.945949964166667,2888,-25.5,16.56,2390,283274,0,2026-01-03T05:25:27.565643
8.949116668055556,2889,-24.0,16.62,2390,283270,0,2026-01-03T05:25:38.965777
8.952283386666666,2890,-25.75,16.87,2390,283286,0,2026-01-03T05:25:50.365964
8.955450155277777,2891,-24.0,16.68,2388,283270,0,2026-01-03T05:26:01.766331
8.958616821388889,2892,-25.5,16.56,2390,283284,0,2026-01-03T05:26:13.166329
8.961783511944445,2893,-25.5,16.68,2390,283278,0,2026-01-03T05:26:24.566415
8.964950223333334,2894,-24.25,16.75,2388,283282,0,2026-01-03T05:26:35.966576
8.9681170075,2895,-24.0,16.81,2388,283274,0,2026-01-03T05:26:47.366999
8.971283732222222,2896,-25.5,16.75,2390,283270,0,2026-01-03T05:26:58.767208
8.97445036138889,2897,-25.75,16.81,2388,283288,0,2026-01-03T05:27:10.167073
8.977617110277778,2898,-25.5,16.81,2390,283274,0,2026-01-03T05:27:21.567369
8.980783817222223,2899,-25.75,16.56,2390,283266,0,2026-01-03T05:27:32.967514
8.983950499166667,2900,-25.75,16.62,2390,283276,0,2026-01-03T05:27:44.367569
8.987117295,2901,-24.0,16.75,2388,283256,0,2026-01-03T05:27:55.768034
8.990283960833333,2902,-25.5,16.81,2390,283286,0,2026-01-03T05:28:07.168031
8.99345067,2903,-25.75,16.68,2388,283270,0,2026-01-03T05:28:18.568184
8.996617403055556,2904,-25.75,16.75,2388,283282,0,2026-01-03T05:28:29.968423
8.999784088333334,2905,-25.5,16.81,2388,283296,0,2026-01-03T05:28:41.368490
9.002950825833333,2906,-25.75,16.68,2390,283268,0,2026-01-03T05:28:52.768745
9.006117516388889,2907,-24.0,16.81,2390,283288,0,2026-01-03T05:29:04.168831
9.009284290555556,2908,-24.0,16.68,2388,283294,0,2026-01-03T05:29:15.569218
9.012451013888889,2909,-25.75,16.75,2388,283270,0,2026-01-03T05:29:26.969422
9.015617674166666,2910,-25.75,16.62,2390,283282,0,2026-01-03T05:29:38.369399
9.018784379166666,2911,-25.5,16.62,2390,283298,0,2026-01-03T05:29:49.769537
9.021951091111111,2912,-24.0,16.68,2390,283286,0,2026-01-03T05:30:01.169700
9.025117869444445,2913,-24.0,16.81,2388,283288,0,2026-01-03T05:30:12.570102
9.028284583055555,2914,-25.75,16.68,2388,283300,0,2026-01-03T05:30:23.970271
9.031451244166666,2915,-25.5,16.68,2388,283280,0,2026-01-03T05:30:35.370251
9.034617978888889,2916,-25.75,16.56,2388,283286,0,2026-01-03T05:30:46.770496
9.037784665555556,2917,-25.5,16.68,2388,283304,0,2026-01-03T05:30:58.170568
9.040951446944444,2918,-24.0,16.68,2388,283268,0,2026-01-03T05:31:09.570981
9.044118120833334,2919,-24.0,16.87,2390,283292,0,2026-01-03T05:31:20.971007
9.047284821111111,2920,-24.0,16.75,2388,283272,0,2026-01-03T05:31:32.371128
9.050451568333333,2921,-25.75,16.75,2388,283312,0,2026-01-03T05:31:43.771418
9.053618236111111,2922,-24.0,16.75,2388,283308,0,2026-01-03T05:31:55.171422
9.056784945,2923,-24.25,16.68,2390,283278,0,2026-01-03T05:32:06.571574
9.059951673333334,2924,-25.75,16.68,2390,283282,0,2026-01-03T05:32:17.971796
9.063118389166666,2925,-25.75,16.87,2388,283262,0,2026-01-03T05:32:29.371973
9.066285090555555,2926,-25.75,16.75,2390,283278,0,2026-01-03T05:32:40.772098
9.069451844444444,2927,-25.75,16.87,2390,283270,0,2026-01-03T05:32:52.172412
9.072618511388889,2928,-24.0,16.87,2390,283268,0,2026-01-03T05:33:03.572413
9.075785252222222,2929,-24.25,16.75,2390,283278,0,2026-01-03T05:33:14.972680
9.078952022222222,2930,-24.0,16.75,2390,283284,0,2026-01-03T05:33:26.373052
9.082118732222222,2931,-24.0,16.87,2390,283258,0,2026-01-03T05:33:37.773208
9.085285389166666,2932,-24.25,16.75,2388,283294,0,2026-01-03T05:33:49.173173
9.08845211,2933,-25.5,16.68,2388,283282,0,2026-01-03T05:34:00.573368
9.091618791666667,2934,-25.75,16.68,2388,283272,0,2026-01-03T05:34:11.973422
9.094785479166667,2935,-25.75,16.75,2390,283272,0,2026-01-03T05:34:23.373497
9.097952140555556,2936,-24.0,16.56,2390,283264,0,2026-01-03T05:34:34.773478
9.101118800833333,2937,-25.25,16.81,2390,283258,0,2026-01-03T05:34:46.173455
9.104285478333333,2938,-24.0,16.75,2388,283292,0,2026-01-03T05:34:57.573494
9.107452158888888,2939,-25.25,16.81,2390,283286,0,2026-01-03T05:35:08.973544
9.110618892222222,2940,-25.5,16.75,2388,283280,0,2026-01-03T05:35:20.373784
9.11378552611111,2941,-25.5,16.75,2390,283288,0,2026-01-03T05:35:31.773666
9.116952210277777,2942,-25.5,16.68,2390,283296,0,2026-01-03T05:35:43.173729
9.120118887222223,2943,-25.75,16.56,2388,283264,0,2026-01-03T05:35:54.573766
9.1232856,2944,-25.5,16.75,2390,283276,0,2026-01-03T05:36:05.973932
9.126452254444445,2945,-25.75,16.75,2388,283282,0,2026-01-03T05:36:17.373888
9.12961894138889,2946,-25.75,16.81,2390,283302,0,2026-01-03T05:36:28.773961
9.13278562638889,2947,-24.0,16.81,2390,283286,0,2026-01-03T05:36:40.174027
9.135952324444444,2948,-25.75,16.81,2390,283300,0,2026-01-03T05:36:51.574140
9.13911903888889,2949,-24.0,16.75,2390,283318,0,2026-01-03T05:37:02.974312
9.142285674722222,2950,-25.75,16.81,2390,283290,0,2026-01-03T05:37:14.374201
9.145452409444445,2951,-25.5,16.68,2390,283280,0,2026-01-03T05:37:25.774446
9.148619035555555,2952,-25.5,16.75,2390,283314,0,2026-01-03T05:37:37.174300
9.151785730277778,2953,-25.75,16.87,2388,283280,0,2026-01-03T05:37:48.574401
9.154952414444445,2954,-24.0,16.62,2390,283282,0,2026-01-03T05:37:59.974464
9.158119106666666,2955,-24.0,16.81,2390,283298,0,2026-01-03T05:38:11.374556
9.161285799722222,2956,-25.75,16.75,2390,283318,0,2026-01-03T05:38:22.774651
9.164452549166667,2957,-24.0,16.75,2392,283310,0,2026-01-03T05:38:34.174949
9.167619165,2958,-24.0,16.75,2388,283312,0,2026-01-03T05:38:45.574766
9.170785886666666,2959,-24.0,16.75,2390,283310,0,2026-01-03T05:38:56.974964
9.17395261611111,2960,-25.75,16.62,2392,283292,0,2026-01-03T05:39:08.375190
9.177119290833334,2961,-25.5,16.62,2390,283266,0,2026-01-03T05:39:19.775219
9.180285948333333,2962,-25.75,16.62,2390,283292,0,2026-01-03T05:39:31.175186
9.18345264,2963,-25.5,16.62,2390,283298,0,2026-01-03T05:39:42.575276
9.186619309444444,2964,-25.25,16.56,2390,283286,0,2026-01-03T05:39:53.975286
9.189786001666667,2965,-25.5,16.68,2390,283316,0,2026-01-03T05:40:05.375378
9.192952688055556,2966,-25.75,16.81,2390,283296,0,2026-01-03T05:40:16.775449
9.196119396111111,2967,-25.75,16.81,2392,283282,0,2026-01-03T05:40:28.175598
9.199286085555556,2968,-25.75,16.75,2390,283292,0,2026-01-03T05:40:39.575680
9.202452829444445,2969,-25.25,16.75,2390,283302,0,2026-01-03T05:40:50.975958
9.205619518333334,2970,-25.5,16.81,2390,283290,0,2026-01-03T05:41:02.376038
9.208786145833333,2971,-25.75,16.68,2392,283296,0,2026-01-03T05:41:13.775897
9.211952851944444,2972,-25.75,16.75,2392,283308,0,2026-01-03T05:41:25.176039
9.215119525277778,2973,-25.5,16.81,2390,283328,0,2026-01-03T05:41:36.576063
9.218286281388888,2974,-25.75,16.81,2392,283288,0,2026-01-03T05:41:47.976385
9.221452937222223,2975,-25.75,16.81,2392,283274,0,2026-01-03T05:41:59.376346
9.224619632777777,2976,-24.0,16.81,2390,283294,0,2026-01-03T05:42:10.776450
9.227786315555555,2977,-25.75,16.68,2392,283260,0,2026-01-03T05:42:22.176508
9.230953016111112,2978,-24.25,16.75,2392,283300,0,2026-01-03T05:42:33.576630
9.234119749444444,2979,-24.0,16.68,2392,283300,0,2026-01-03T05:42:44.976870
9.237286404722223,2980,-25.5,16.68,2390,283300,0,2026-01-03T05:42:56.376829
9.24045310638889,2981,-25.75,16.75,2390,283286,0,2026-01-03T05:43:07.776955
9.243619815555556,2982,-25.75,16.62,2390,283284,0,2026-01-03T05:43:19.177108
9.246786486666666,2983,-24.0,16.75,2392,283278,0,2026-01-03T05:43:30.577124
9.2499531975,2984,-25.75,16.75,2392,283290,0,2026-01-03T05:43:41.977283
9.253119912222223,2985,-24.0,16.81,2388,283328,0,2026-01-03T05:43:53.377456
9.256286590833334,2986,-25.25,16.68,2392,283294,0,2026-01-03T05:44:04.777499
9.259453291666667,2987,-25.5,16.62,2390,283318,0,2026-01-03T05:44:16.177622
9.262619987222223,2988,-24.0,16.87,2390,283294,0,2026-01-03T05:44:27.577726
9.265786702222222,2989,-25.75,16.68,2390,283304,0,2026-01-03T05:44:38.977900
9.268953437777778,2990,-25.5,16.62,2390,283298,0,2026-01-03T05:44:50.378148
9.272120084166668,2991,-25.5,17.0,2392,283302,0,2026-01-03T05:45:01.778075
9.275286804444445,2992,-24.25,16.68,2390,283298,0,2026-01-03T05:45:13.178268
9.278453488055556,2993,-24.0,16.81,2390,283322,0,2026-01-03T05:45:24.578329
9.281620183055555,2994,-25.5,16.62,2392,283288,0,2026-01-03T05:45:35.978431
9.284786890833333,2995,-25.75,16.75,2392,283284,0,2026-01-03T05:45:47.378579
9.287953618888888,2996,-24.0,16.87,2390,283300,0,2026-01-03T05:45:58.778800
9.29112030111111,2997,-24.0,16.68,2392,283294,0,2026-01-03T05:46:10.178856
9.294286994166667,2998,-25.75,16.68,2392,283308,0,2026-01-03T05:46:21.578951
9.297453735,2999,-25.25,16.62,2392,283330,0,2026-01-03T05:46:32.979218
9.300620389722223,3000,-25.5,16.56,2392,283266,0,2026-01-03T05:46:44.379175
9.303787086944444,3001,-25.75,16.75,2392,283306,0,2026-01-03T05:46:55.779285
9.306953778611112,3002,-24.0,16.75,2392,283322,0,2026-01-03T05:47:07.179375
9.310120486944445,3003,-25.5,16.62,2392,283308,0,2026-01-03T05:47:18.579525
9.313287178055555,3004,-25.75,16.81,2390,283292,0,2026-01-03T05:47:29.979613
9.316453904166666,3005,-25.75,16.68,2392,283292,0,2026-01-03T05:47:41.379827
9.319620628055555,3006,-25.75,16.81,2392,283294,0,2026-01-03T05:47:52.780033
9.322787350555556,3007,-24.0,16.62,2392,283304,0,2026-01-03T05:48:04.180234
9.325954054444445,3008,-25.75,16.75,2392,283316,0,2026-01-03T05:48:15.580368
9.329120733611111,3009,-25.5,16.62,2392,283304,0,2026-01-03T05:48:26.980413
9.332287398055556,3010,-25.25,16.62,2392,283300,0,2026-01-03T05:48:38.380405
9.33545409138889,3011,-24.25,16.68,2390,283310,0,2026-01-03T05:48:49.780501
9.338620840277779,3012,-25.5,16.62,2390,283314,0,2026-01-03T05:49:01.180797
9.341787570277777,3013,-24.25,16.81,2390,283300,0,2026-01-03T05:49:12.581025
9.344954212222222,3014,-25.75,16.81,2392,283304,0,2026-01-03T05:49:23.980936
9.3481209275,3015,-26.75,16.68,2392,283296,0,2026-01-03T05:49:35.381111
9.351287611388889,3016,-25.75,16.81,2390,283278,0,2026-01-03T05:49:46.781173
9.35445434638889,3017,-25.5,16.75,2392,283272,0,2026-01-03T05:49:58.181419
9.357621000833333,3018,-25.75,16.75,2392,283304,0,2026-01-03T05:50:09.581375
9.360787730555556,3019,-24.0,16.81,2392,283300,0,2026-01-03T05:50:20.981602
9.3639544125,3020,-25.75,16.75,2392,283306,0,2026-01-03T05:50:32.381657
9.367121179722222,3021,-25.5,16.68,2390,283286,0,2026-01-03T05:50:43.782019
9.370287858055555,3022,-25.75,16.75,2392,283334,0,2026-01-03T05:50:55.182061
9.373454539166667,3023,-25.25,16.56,2392,283306,0,2026-01-03T05:51:06.582113
9.376621285,3024,-25.75,16.75,2392,283306,0,2026-01-03T05:51:17.982398
9.37978795361111,3025,-25.5,16.62,2390,283304,0,2026-01-03T05:51:29.382405
9.382954632777778,3026,-25.5,16.56,2392,283312,0,2026-01-03T05:51:40.782450
9.386121334166667,3027,-25.75,16.56,2390,283312,0,2026-01-03T05:51:52.182575
9.389288057222222,3028,-25.5,16.68,2392,283300,0,2026-01-03T05:52:03.582778
9.392454818055555,3029,-25.75,16.81,2390,283312,0,2026-01-03T05:52:14.983117
9.395621512222222,3030,-25.75,16.68,2392,283312,0,2026-01-03T05:52:26.383216
9.398788164444445,3031,-25.75,16.75,2392,283304,0,2026-01-03T05:52:37.783164
9.401954902777778,3032,-25.0,16.81,2392,283332,0,2026-01-03T05:52:49.183422
9.405121559444444,3033,-25.25,16.56,2394,283332,0,2026-01-03T05:53:00.583386
9.408288270833333,3034,-25.75,16.62,2392,283326,0,2026-01-03T05:53:11.983547
9.411454994722222,3035,-25.25,16.87,2392,283308,0,2026-01-03T05:53:23.383753
9.41462169138889,3036,-24.0,16.56,2392,283328,0,2026-01-03T05:53:34.783861
9.417788434722222,3037,-25.5,16.81,2392,283298,0,2026-01-03T05:53:46.184137
9.420955134166666,3038,-25.75,16.68,2392,283284,0,2026-01-03T05:53:57.584255
9.424121831666668,3039,-24.0,16.68,2392,283284,0,2026-01-03T05:54:08.984366
9.427288514166667,3040,-25.5,16.75,2392,283300,0,2026-01-03T05:54:20.384423
9.430455212777778,3041,-25.5,16.62,2394,283296,0,2026-01-03T05:54:31.784538
9.433621896666667,3042,-24.0,16.75,2390,283310,0,2026-01-03T05:54:43.184600
9.436788630833334,3043,-25.5,16.62,2392,283302,0,2026-01-03T05:54:54.584843
9.439955335,3044,-25.75,16.75,2394,283316,0,2026-01-03T05:55:05.984978
9.443122058611111,3045,-24.0,16.75,2392,283298,0,2026-01-03T05:55:17.385183
9.446288791111112,3046,-24.0,16.75,2392,283296,0,2026-01-03T05:55:28.785420
9.449455458888888,3047,-24.0,16.68,2392,283314,0,2026-01-03T05:55:40.185424
9.452622148333333,3048,-25.5,16.62,2392,283322,0,2026-01-03T05:55:51.585506
9.455788859722222,3049,-25.5,16.56,2392,283300,0,2026-01-03T05:56:02.985667
9.45895559861111,3050,-25.5,16.56,2392,283306,0,2026-01-03T05:56:14.385927
9.462122311388889,3051,-25.75,16.81,2392,283302,0,2026-01-03T05:56:25.786093
9.465289077777777,3052,-25.75,16.68,2390,283290,0,2026-01-03T05:56:37.186452
9.468455660833333,3053,-25.75,16.87,2394,283296,0,2026-01-03T05:56:48.586151
9.471622355277777,3054,-25.75,16.5,2392,283288,0,2026-01-03T05:56:59.986251
9.474789069722222,3055,-25.25,16.68,2394,283312,0,2026-01-03T05:57:11.386423
9.477955863888889,3056,-25.5,16.87,2392,283316,0,2026-01-03T05:57:22.786882
9.481122480277778,3057,-25.5,16.5,2394,283294,0,2026-01-03T05:57:34.186701
9.48428918111111,3058,-24.0,16.81,2392,283268,0,2026-01-03T05:57:45.586824
9.487455941944445,3059,-24.0,16.68,2392,283302,0,2026-01-03T05:57:56.987163
9.490622599166667,3060,-24.25,16.68,2392,283298,0,2026-01-03T05:58:08.387129
9.493789313055556,3061,-25.5,16.68,2392,283282,0,2026-01-03T05:58:19.787299
9.496955999166667,3062,-25.75,16.62,2390,283282,0,2026-01-03T05:58:31.187369
9.50012270138889,3063,-25.5,16.5,2392,283284,0,2026-01-03T05:58:42.587497
9.50328939611111,3064,-25.5,16.68,2392,283284,0,2026-01-03T05:58:53.987598
9.506456118333332,3065,-25.75,16.75,2392,283272,0,2026-01-03T05:59:05.387798
9.509622804166666,3066,-25.75,16.62,2392,283286,0,2026-01-03T05:59:16.787867
9.512789531388888,3067,-25.75,16.81,2392,283286,0,2026-01-03T05:59:28.188085
9.515956281944444,3068,-24.25,16.56,2392,283288,0,2026-01-03T05:59:39.588387
9.5191229425,3069,-24.0,16.56,2394,283310,0,2026-01-03T05:59:50.988365
9.522289644444445,3070,-24.25,16.75,2392,283284,0,2026-01-03T06:00:02.388492
9.525456375833333,3071,-25.25,16.5,2392,283308,0,2026-01-03T06:00:13.788725
9.528623052777778,3072,-25.0,16.75,2392,283314,0,2026-01-03T06:00:25.188762
9.531789821944445,3073,-25.5,16.81,2392,283300,0,2026-01-03T06:00:36.589131
9.534956486111112,3074,-25.25,16.56,2394,283284,0,2026-01-03T06:00:47.989122
9.538123206666667,3075,-25.75,16.81,2392,283314,0,2026-01-03T06:00:59.389316
9.541289880277779,3076,-24.0,16.5,2392,283304,0,2026-01-03T06:01:10.789341
9.544456593333333,3077,-24.0,16.5,2392,283330,0,2026-01-03T06:01:22.189508
9.547623277222222,3078,-25.75,16.75,2392,283304,0,2026-01-03T06:01:33.589570
9.550790016666667,3079,-24.0,16.75,2392,283298,0,2026-01-03T06:01:44.989832
9.5539567,3080,-24.0,16.68,2392,283282,0,2026-01-03T06:01:56.389892
9.557123438055555,3081,-24.0,16.68,2394,283318,0,2026-01-03T06:02:07.790149
9.560290115277779,3082,-25.25,16.5,2392,283298,0,2026-01-03T06:02:19.190187
9.56345682,3083,-24.0,16.75,2392,283330,0,2026-01-03T06:02:30.590324
9.5666235375,3084,-25.25,16.75,2394,283292,0,2026-01-03T06:02:41.990507
9.569790234722221,3085,-25.5,16.68,2392,283306,0,2026-01-03T06:02:53.390617
9.572957002777779,3086,-25.75,16.75,2394,283312,0,2026-01-03T06:03:04.790982
9.576123674722222,3087,-24.0,16.87,2392,283286,0,2026-01-03T06:03:16.191001
9.579290378055555,3088,-24.0,16.81,2392,283292,0,2026-01-03T06:03:27.591133
9.582457130555555,3089,-25.5,16.75,2394,283314,0,2026-01-03T06:03:38.991442
9.58562380138889,3090,-24.0,16.62,2392,283300,0,2026-01-03T06:03:50.391457
9.58879046861111,3091,-25.0,16.68,2394,283292,0,2026-01-03T06:04:01.791459
9.59195716888889,3092,-25.75,16.62,2392,283284,0,2026-01-03T06:04:13.191580
9.595123920833334,3093,-25.75,16.62,2392,283264,0,2026-01-03T06:04:24.591887
9.598290669444445,3094,-25.5,16.56,2394,283310,0,2026-01-03T06:04:35.992182
9.601457346944445,3095,-25.75,16.75,2392,283288,0,2026-01-03T06:04:47.392221
9.604624017222223,3096,-25.75,16.68,2392,283282,0,2026-01-03T06:04:58.792234
9.60779071888889,3097,-25.5,16.68,2394,283290,0,2026-01-03T06:05:10.192360
9.610957413055555,3098,-25.25,16.81,2392,283274,0,2026-01-03T06:05:21.592459
9.614124132222223,3099,-25.75,16.62,2394,283286,0,2026-01-03T06:05:32.992648
9.617290827777778,3100,-24.0,16.75,2392,283294,0,2026-01-03T06:05:44.392752
9.620457548055555,3101,-25.25,16.56,2392,283324,0,2026-01-03T06:05:55.792945
9.623624278333333,3102,-24.0,16.75,2394,283294,0,2026-01-03T06:06:07.193174
9.62679100611111,3103,-25.5,16.56,2394,283294,0,2026-01-03T06:06:18.593394
9.629957669444444,3104,-24.0,16.75,2394,283306,0,2026-01-03T06:06:29.993382
9.633124363611111,3105,-25.75,16.56,2392,283286,0,2026-01-03T06:06:41.393481
9.636291076666666,3106,-24.0,16.75,2394,283318,0,2026-01-03T06:06:52.793648
9.639457780833334,3107,-25.75,16.56,2392,283300,0,2026-01-03T06:07:04.193783
9.642624525277778,3108,-25.75,16.56,2392,283292,0,2026-01-03T06:07:15.594063
9.645791215555555,3109,-24.0,16.75,2394,283300,0,2026-01-03T06:07:26.994148
9.648957914166667,3110,-25.75,16.75,2392,283316,0,2026-01-03T06:07:38.394263
9.652124612777778,3111,-25.75,16.62,2394,283318,0,2026-01-03T06:07:49.794378
9.655291306944445,3112,-25.5,16.56,2392,283316,0,2026-01-03T06:08:01.194477
9.658458033611112,3113,-25.75,16.75,2392,283292,0,2026-01-03T06:08:12.594693
9.661624765,3114,-25.5,16.68,2394,283302,0,2026-01-03T06:08:23.994926
9.6647915125,3115,-24.0,16.68,2394,283298,0,2026-01-03T06:08:35.395217
9.66795824,3116,-25.75,16.56,2394,283286,0,2026-01-03T06:08:46.795436
9.6711249,3117,-25.75,16.75,2394,283314,0,2026-01-03T06:08:58.195412
9.674291629722223,3118,-25.5,16.62,2394,283314,0,2026-01-03T06:09:09.595639
9.677458404722222,3119,-26.75,16.62,2392,283302,0,2026-01-03T06:09:20.996029
9.680625117222222,3120,-24.0,16.87,2392,283300,0,2026-01-03T06:09:32.396194
9.683791763333334,3121,-25.75,16.75,2394,283298,0,2026-01-03T06:09:43.796120
9.686958476388888,3122,-25.75,16.75,2396,283314,0,2026-01-03T06:09:55.196287
9.690125196666667,3123,-25.5,16.68,2394,283330,0,2026-01-03T06:10:06.596480
9.693291924166667,3124,-25.75,16.68,2394,283314,0,2026-01-03T06:10:17.996699
9.696458679444444,3125,-25.5,16.43,2394,283328,0,2026-01-03T06:10:29.397018
9.699625346388888,3126,-25.5,16.62,2392,283314,0,2026-01-03T06:10:40.797019
9.702792070833333,3127,-25.25,16.75,2392,283348,0,2026-01-03T06:10:52.197227
9.705958795277779,3128,-24.0,16.56,2394,283300,0,2026-01-03T06:11:03.597435
9.709125560833334,3129,-25.25,16.62,2394,283304,0,2026-01-03T06:11:14.997791
9.712292202777778,3130,-25.25,16.68,2392,283318,0,2026-01-03T06:11:26.397702
9.715458924722222,3131,-25.0,16.62,2394,283330,0,2026-01-03T06:11:37.797901
9.718625637222223,3132,-25.5,16.75,2392,283322,0,2026-01-03T06:11:49.198066
9.721792398611111,3133,-25.25,16.62,2392,283314,0,2026-01-03T06:12:00.598407
9.72495907861111,3134,-25.75,16.68,2394,283310,0,2026-01-03T06:12:11.998455
9.728125762777777,3135,-24.0,16.62,2392,283334,0,2026-01-03T06:12:23.398518
9.731292547222223,3136,-25.75,16.56,2394,283298,0,2026-01-03T06:12:34.798942
9.734459259722222,3137,-24.25,16.68,2392,283336,0,2026-01-03T06:12:46.199107
9.737625896944444,3138,-24.25,16.75,2392,283334,0,2026-01-03T06:12:57.599001
9.74079262861111,3139,-25.75,16.75,2392,283324,0,2026-01-03T06:13:08.999235
9.743959323611112,3140,-25.5,16.68,2392,283318,0,2026-01-03T06:13:20.399337
9.747126060555555,3141,-25.75,16.75,2394,283306,0,2026-01-03T06:13:31.799590
9.750292745,3142,-25.75,16.75,2394,283336,0,2026-01-03T06:13:43.199654
9.753459483055556,3143,-25.25,16.68,2392,283316,0,2026-01-03T06:13:54.599911
9.75662620111111,3144,-25.25,16.62,2394,283314,0,2026-01-03T06:14:06.000096
9.759792920555556,3145,-24.0,16.75,2394,283310,0,2026-01-03T06:14:17.400286
9.76295961361111,3146,-25.75,16.68,2394,283288,0,2026-01-03T06:14:28.800381
9.766126341944444,3147,-25.25,16.68,2394,283294,0,2026-01-03T06:14:40.200603
9.769293071111111,3148,-25.75,16.62,2392,283288,0,2026-01-03T06:14:51.600828
9.772459817222222,3149,-25.5,16.62,2394,283308,0,2026-01-03T06:15:03.001114
9.77562653,3150,-25.5,16.68,2394,283320,0,2026-01-03T06:15:14.401280
9.77879323638889,3151,-24.0,16.68,2394,283312,0,2026-01-03T06:15:25.801423
9.781959904166667,3152,-25.5,16.87,2394,283312,0,2026-01-03T06:15:37.201427
9.785126623333333,3153,-25.75,16.56,2392,283304,0,2026-01-03T06:15:48.601616
9.788293336111112,3154,-25.75,16.68,2394,283326,0,2026-01-03T06:16:00.001782
9.791460060555556,3155,-25.75,16.43,2394,283318,0,2026-01-03T06:16:11.401990
9.794626751388888,3156,-24.0,16.62,2392,283288,0,2026-01-03T06:16:22.802077
9.797793469722222,3157,-25.25,16.68,2396,283326,0,2026-01-03T06:16:34.202263
9.800960171666667,3158,-26.75,16.75,2394,283288,0,2026-01-03T06:16:45.602390
9.8041268775,3159,-25.5,16.75,2392,283302,0,2026-01-03T06:16:57.002531
9.807293610277778,3160,-25.75,16.62,2394,283320,0,2026-01-03T06:17:08.402769
9.810460336666667,3161,-25.75,16.68,2394,283304,0,2026-01-03T06:17:19.802984
9.813627043055556,3162,-25.5,16.68,2392,283326,0,2026-01-03T06:17:31.203127
9.816793717222222,3163,-25.75,16.62,2396,283318,0,2026-01-03T06:17:42.603154
9.819960441388888,3164,-24.0,16.75,2392,283310,0,2026-01-03T06:17:54.003361
9.823127147777777,3165,-25.75,16.68,2394,283334,0,2026-01-03T06:18:05.403504
9.826293867222223,3166,-25.75,16.75,2394,283292,0,2026-01-03T06:18:16.803694
9.829460569166667,3167,-25.25,16.75,2392,283306,0,2026-01-03T06:18:28.203821
9.832627315833333,3168,-24.0,16.56,2396,283316,0,2026-01-03T06:18:39.604109
9.835794020555555,3169,-25.25,16.68,2394,283316,0,2026-01-03T06:18:51.004246
9.838960712222223,3170,-25.75,16.62,2394,283306,0,2026-01-03T06:19:02.404336
9.842127403888888,3171,-25.75,16.62,2394,283306,0,2026-01-03T06:19:13.804426
9.84529414388889,3172,-25.5,16.75,2394,283292,0,2026-01-03T06:19:25.204690
9.848460864166666,3173,-25.75,16.62,2394,283304,0,2026-01-03T06:19:36.604883
9.851627553055556,3174,-25.5,16.56,2394,283304,0,2026-01-03T06:19:48.004963
9.854794316388888,3175,-25.25,16.5,2396,283298,0,2026-01-03T06:19:59.405311
9.857961038888888,3176,-25.0,16.68,2394,283288,0,2026-01-03T06:20:10.805512
9.86112769638889,3177,-25.25,16.87,2394,283330,0,2026-01-03T06:20:22.205479
9.864294409444444,3178,-25.5,16.68,2394,283304,0,2026-01-03T06:20:33.605646
9.867461109444445,3179,-25.5,16.62,2394,283314,0,2026-01-03T06:20:45.005766
9.870627864166666,3180,-25.5,16.81,2394,283304,0,2026-01-03T06:20:56.406083
9.873794593333333,3181,-25.5,16.5,2394,283306,0,2026-01-03T06:21:07.806308
9.876961232777777,3182,-25.75,16.68,2394,283312,0,2026-01-03T06:21:19.206210
9.880127968055556,3183,-25.75,16.62,2394,283306,0,2026-01-03T06:21:30.606457
9.883294671111111,3184,-25.5,16.62,2394,283332,0,2026-01-03T06:21:42.006588
9.88646139361111,3185,-25.25,16.81,2394,283322,0,2026-01-03T06:21:53.406789
9.889628098333333,3186,-25.75,16.68,2394,283328,0,2026-01-03T06:22:04.806926
9.892794825833333,3187,-25.75,16.62,2394,283328,0,2026-01-03T06:22:16.207145
9.895961556388889,3188,-25.75,16.75,2394,283330,0,2026-01-03T06:22:27.607375
9.899128259444444,3189,-25.75,16.62,2394,283328,0,2026-01-03T06:22:39.007506
9.90229491138889,3190,-25.5,16.62,2394,283304,0,2026-01-03T06:22:50.407453
9.905461637777778,3191,-25.75,16.5,2394,283326,0,2026-01-03T06:23:01.807668
9.908628375555555,3192,-25.5,16.5,2392,283318,0,2026-01-03T06:23:13.207924
9.911795051944445,3193,-25.5,16.5,2394,283302,0,2026-01-03T06:23:24.607959
9.914961779444445,3194,-24.0,16.75,2396,283312,0,2026-01-03T06:23:36.008178
9.918128463611112,3195,-24.0,16.62,2394,283298,0,2026-01-03T06:23:47.408241
9.921295205,3196,-25.5,16.75,2396,283306,0,2026-01-03T06:23:58.808510
9.924461911388889,3197,-25.75,16.68,2394,283286,0,2026-01-03T06:24:10.208653
9.927628610555555,3198,-25.5,16.5,2392,283316,0,2026-01-03T06:24:21.608770
9.930795301111111,3199,-24.0,16.62,2394,283302,0,2026-01-03T06:24:33.008856
9.933962060277779,3200,-25.75,16.62,2394,283308,0,2026-01-03T06:24:44.409189
9.937128794166666,3201,-25.5,16.5,2394,283308,0,2026-01-03T06:24:55.809431
9.940295470833334,3202,-25.75,16.75,2396,283334,0,2026-01-03T06:25:07.209467
9.943462168611111,3203,-25.25,16.56,2394,283316,0,2026-01-03T06:25:18.609579
9.946628881666667,3204,-25.75,16.75,2396,283292,0,2026-01-03T06:25:30.009746
9.94979556888889,3205,-25.75,16.5,2394,283292,0,2026-01-03T06:25:41.409820
9.952962332222222,3206,-25.75,16.62,2396,283286,0,2026-01-03T06:25:52.810168
9.956128998333334,3207,-24.0,16.87,2396,283308,0,2026-01-03T06:26:04.210166
9.95929571611111,3208,-25.25,16.62,2396,283284,0,2026-01-03T06:26:15.610350
9.962462395833333,3209,-24.0,16.62,2394,283300,0,2026-01-03T06:26:27.010397
9.965629113611111,3210,-25.75,16.75,2394,283292,0,2026-01-03T06:26:38.410581
9.968795844722223,3211,-25.75,16.68,2394,283314,0,2026-01-03T06:26:49.810813
9.971962551666667,3212,-25.75,16.62,2394,283296,0,2026-01-03T06:27:01.210958
9.97512926361111,3213,-25.75,16.68,2394,283304,0,2026-01-03T06:27:12.611121
9.9782959375,3214,-25.75,16.81,2394,283272,0,2026-01-03T06:27:24.011147
9.981462675277777,3215,-25.75,16.68,2396,283312,0,2026-01-03T06:27:35.411403
9.984629358333333,3216,-25.5,16.62,2394,283312,0,2026-01-03T06:27:46.811462
9.987796095277778,3217,-25.5,16.62,2396,283310,0,2026-01-03T06:27:58.211715
9.990962779444445,3218,-24.0,16.68,2392,283326,0,2026-01-03T06:28:09.611778
9.994129504444444,3219,-25.5,16.75,2394,283290,0,2026-01-03T06:28:21.011988
9.997296213333334,3220,-25.5,16.56,2394,283306,0,2026-01-03T06:28:32.412140
10.000462900277778,3221,-25.5,16.62,2394,283306,0,2026-01-03T06:28:43.812213
10.003629615555555,3222,-25.75,16.62,2396,283322,0,2026-01-03T06:28:55.212388
10.006796326944444,3223,-25.75,16.75,2394,283306,0,2026-01-03T06:29:06.612549
10.009963039444445,3224,-25.75,16.75,2394,283286,0,2026-01-03T06:29:18.012714
10.013129765555556,3225,-25.25,16.62,2396,283280,0,2026-01-03T06:29:29.412928
10.016296475555556,3226,-25.5,16.56,2396,283324,0,2026-01-03T06:29:40.813084
10.019463162222221,3227,-25.5,16.68,2396,283306,0,2026-01-03T06:29:52.213156
10.022629889722221,3228,-25.25,16.75,2396,283302,0,2026-01-03T06:30:03.613375
10.0257965925,3229,-25.5,16.68,2394,283312,0,2026-01-03T06:30:15.013505
10.028963322222221,3230,-25.5,16.75,2396,283294,0,2026-01-03T06:30:26.413732
10.03213001,3231,-25.25,16.62,2396,283310,0,2026-01-03T06:30:37.813808
10.035296700555556,3232,-25.5,16.68,2396,283304,0,2026-01-03T06:30:49.213894
10.038463448611111,3233,-24.25,16.62,2396,283316,0,2026-01-03T06:31:00.614187
10.041630137777778,3234,-25.0,16.68,2394,283298,0,2026-01-03T06:31:12.014268
10.044796837777778,3235,-25.5,16.68,2394,283316,0,2026-01-03T06:31:23.414388
10.047963538333333,3236,-25.75,16.62,2396,283294,0,2026-01-03T06:31:34.814510
10.051130295277778,3237,-25.5,16.62,2394,283302,0,2026-01-03T06:31:46.214835
10.054296982777778,3238,-25.75,16.56,2396,283308,0,2026-01-03T06:31:57.614910
10.057463681666666,3239,-25.5,16.56,2396,283304,0,2026-01-03T06:32:09.015026
10.06063044138889,3240,-25.0,16.43,2396,283282,0,2026-01-03T06:32:20.415361
10.063797118333333,3241,-25.75,16.5,2396,283304,0,2026-01-03T06:32:31.815398
10.066963789166667,3242,-25.75,16.68,2396,283314,0,2026-01-03T06:32:43.215413
10.0701305225,3243,-25.5,16.62,2394,283312,0,2026-01-03T06:32:54.615653
10.073297208888889,3244,-25.5,16.68,2394,283292,0,2026-01-03T06:33:06.015724
10.076463988333334,3245,-25.5,16.62,2396,283288,0,2026-01-03T06:33:17.416130
10.07963066111111,3246,-25.5,16.62,2394,283296,0,2026-01-03T06:33:28.816152
10.082797361944445,3247,-25.75,16.5,2394,283302,0,2026-01-03T06:33:40.216275
10.085964070833333,3248,-24.0,16.68,2396,283292,0,2026-01-03T06:33:51.616427
10.089130761388889,3249,-25.5,16.56,2396,283296,0,2026-01-03T06:34:03.016513
10.092297506666666,3250,-25.75,16.68,2394,283304,0,2026-01-03T06:34:14.416796
10.095464215,3251,-25.75,16.56,2396,283280,0,2026-01-03T06:34:25.816946
10.098630916944444,3252,-25.5,16.5,2394,283294,0,2026-01-03T06:34:37.217073
10.101797658055556,3253,-24.0,16.68,2394,283312,0,2026-01-03T06:34:48.617341
10.1049643125,3254,-25.5,16.75,2394,283316,0,2026-01-03T06:35:00.017297
10.108131003611112,3255,-25.0,16.62,2396,283316,0,2026-01-03T06:35:11.417385
10.111297733611112,3256,-25.75,16.5,2396,283288,0,2026-01-03T06:35:22.817613
10.114464502777778,3257,-25.25,16.62,2396,283288,0,2026-01-03T06:35:34.217982
10.117631146666668,3258,-25.5,16.68,2396,283308,0,2026-01-03T06:35:45.617900
10.120797875833333,3259,-24.0,16.62,2396,283312,0,2026-01-03T06:35:57.018125
10.123964575,3260,-24.0,16.62,2396,283308,0,2026-01-03T06:36:08.418242
10.12713127111111,3261,-25.5,16.56,2396,283322,0,2026-01-03T06:36:19.818348
10.130297978055555,3262,-25.75,16.68,2394,283316,0,2026-01-03T06:36:31.218493
10.133464716666667,3263,-25.75,16.68,2396,283318,0,2026-01-03T06:36:42.618752
10.136631401944445,3264,-25.75,16.75,2394,283338,0,2026-01-03T06:36:54.018819
10.139798122222222,3265,-25.5,16.68,2394,283312,0,2026-01-03T06:37:05.419012
10.142964903055555,3266,-25.5,16.56,2396,283332,0,2026-01-03T06:37:16.819423
10.146131519166667,3267,-25.25,16.62,2394,283342,0,2026-01-03T06:37:28.219241
10.149298246111112,3268,-25.5,16.62,2396,283328,0,2026-01-03T06:37:39.619458
10.15246494638889,3269,-26.75,16.56,2396,283320,0,2026-01-03T06:37:51.019579
10.155631652222223,3270,-24.25,16.81,2396,283314,0,2026-01-03T06:38:02.419720
10.1587984225,3271,-25.25,16.62,2396,283330,0,2026-01-03T06:38:13.820093
10.16196506888889,3272,-25.5,16.62,2398,283306,0,2026-01-03T06:38:25.220020
10.165131793611112,3273,-25.75,16.68,2396,283322,0,2026-01-03T06:38:36.620229
10.168298475277778,3274,-25.75,16.75,2394,283312,0,2026-01-03T06:38:48.020283
10.171465200277778,3275,-25.75,16.75,2394,283348,0,2026-01-03T06:38:59.420493
10.174631903888889,3276,-25.0,16.5,2396,283314,0,2026-01-03T06:39:10.820626
10.177798639166667,3277,-25.5,16.62,2396,283316,0,2026-01-03T06:39:22.220873
10.180965334722222,3278,-24.25,16.62,2394,283296,0,2026-01-03T06:39:33.620977
10.184132032222223,3279,-25.75,16.62,2396,283334,0,2026-01-03T06:39:45.021088
10.187298749722222,3280,-25.25,16.75,2396,283348,0,2026-01-03T06:39:56.421271
10.190465454166667,3281,-25.25,16.43,2394,283318,0,2026-01-03T06:40:07.821407
10.193632169166667,3282,-25.25,16.56,2396,283340,0,2026-01-03T06:40:19.221581
10.196798928055555,3283,-25.75,16.62,2398,283328,0,2026-01-03T06:40:30.621913
10.19996558861111,3284,-25.5,16.75,2396,283314,0,2026-01-03T06:40:42.021891
10.203132293055555,3285,-24.0,16.62,2396,283316,0,2026-01-03T06:40:53.422027
10.20629904361111,3286,-25.0,16.62,2396,283312,0,2026-01-03T06:41:04.822329
10.209465732777778,3287,-24.0,16.87,2396,283332,0,2026-01-03T06:41:16.222410
10.212632410833333,3288,-25.5,16.68,2396,283326,0,2026-01-03T06:41:27.622451
10.2157991,3289,-25.75,16.75,2396,283334,0,2026-01-03T06:41:39.022532
10.218965815277778,3290,-25.5,16.62,2396,283308,0,2026-01-03T06:41:50.422707
10.222132633055555,3291,-25.75,16.75,2396,283318,0,2026-01-03T06:42:01.823251
10.225299270555556,3292,-25.5,16.62,2396,283336,0,2026-01-03T06:42:13.223146
10.228466028888889,3293,-25.5,16.56,2396,283336,0,2026-01-03T06:42:24.623476
10.231632731944444,3294,-25.75,16.75,2398,283312,0,2026-01-03T06:42:36.023607
10.234799530833333,3295,-24.0,16.68,2396,283304,0,2026-01-03T06:42:47.424083
10.237966279444445,3296,-25.75,16.62,2396,283294,0,2026-01-03T06:42:58.824378
10.241133026666667,3297,-25.5,16.56,2396,283324,0,2026-01-03T06:43:10.224668
10.2442997875,3298,-25.75,16.87,2396,283314,0,2026-01-03T06:43:21.625007
10.247466530555556,3299,-25.75,16.75,2396,283306,0,2026-01-03T06:43:33.025282
10.25063327638889,3300,-24.0,16.75,2396,283308,0,2026-01-03T06:43:44.425567
10.25380009138889,3301,-25.25,16.43,2394,283330,0,2026-01-03T06:43:55.826101
10.256966788888889,3302,-25.75,16.68,2394,283318,0,2026-01-03T06:44:07.226212
10.260133558333333,3303,-25.5,16.56,2396,283328,0,2026-01-03T06:44:18.626582
10.263300297222223,3304,-25.75,16.81,2396,283296,0,2026-01-03T06:44:30.026842
10.266467050555555,3305,-25.25,16.62,2394,283262,0,2026-01-03T06:44:41.427154
10.26963376111111,3306,-24.0,16.93,2392,282610,0,2026-01-03T06:44:52.827312
10.272800520555556,3307,-25.75,16.75,2394,282714,0,2026-01-03T06:45:04.227646
